EmployeeID,Age,TotalWorkingYears,MonthlyIncome,OverTime,DistanceFromHome,YearsAtCompany,MonthlyRate,JobInvolvement,JobRole,JobLevel,YearsInCurrentRole,YearsSinceLastPromotion,YearsWithCurrManager,EnvironmentSatisfaction,Shift,WorkLifeBalance,PercentSalaryHike,MaritalStatus,Attrition
1313919,41,8,5993,Yes,1,6,19479,3,Nurse,2,4,0,5,2,0,1,11,Single,No
1200302,49,10,5130,No,8,10,24907,2,Other,2,7,1,7,3,1,3,23,Married,No
1060315,37,7,2090,Yes,2,0,2396,2,Nurse,1,0,0,0,4,0,3,15,Single,Yes
1272912,33,8,2909,Yes,3,8,23159,3,Other,1,7,3,0,4,0,3,11,Married,No
1414939,27,6,3468,No,2,2,16632,3,Nurse,1,2,2,2,1,1,3,12,Married,No
1633361,32,8,3068,No,2,7,11864,3,Nurse,1,7,3,6,4,0,2,13,Single,No
1329390,59,12,2670,Yes,3,1,9964,4,Nurse,1,0,0,0,3,3,2,20,Married,No
1699288,30,1,2693,No,24,1,13335,3,Nurse,1,0,0,0,4,1,3,22,Divorced,No
1469740,38,10,9526,No,23,9,8787,2,Therapist,3,7,1,8,4,0,3,21,Single,No
1101291,36,17,5237,No,27,7,16577,3,Nurse,2,7,7,7,3,2,2,13,Married,No
1430504,35,6,2426,No,16,5,16479,4,Nurse,1,4,0,3,1,1,3,13,Married,No
1196281,29,10,4193,Yes,15,9,12682,2,Nurse,2,5,0,8,4,0,3,12,Single,No
1207951,31,5,2911,No,26,5,15170,3,Other,1,2,4,3,1,1,2,17,Divorced,No
1080660,34,3,2661,No,19,2,8758,3,Nurse,1,2,1,2,2,1,3,11,Divorced,No
1420391,28,6,2028,Yes,24,4,12947,2,Nurse,1,2,0,3,3,0,3,14,Single,Yes
1337254,29,10,9980,No,21,10,10195,4,Therapist,3,9,8,8,2,1,3,11,Divorced,No
1421335,32,7,3298,Yes,5,6,15053,4,Other,1,2,0,5,1,2,2,12,Divorced,No
1262683,22,1,2935,Yes,16,1,7324,4,Nurse,1,0,0,0,4,2,2,13,Divorced,No
1599218,53,31,15427,No,2,25,22021,2,Administrative,4,8,3,7,1,0,3,16,Married,No
1634788,38,6,3944,Yes,2,3,4306,3,Other,1,2,1,2,4,0,3,11,Single,No
1334559,24,5,4011,No,11,4,8232,4,Therapist,2,2,1,3,1,1,2,18,Divorced,No
1402945,36,10,3407,No,9,5,6986,2,Other,1,3,0,3,3,0,3,23,Single,No
1705718,34,13,11994,No,7,12,21293,3,Other,3,6,2,11,1,0,3,11,Single,No
1880078,21,0,1232,No,15,0,19281,3,Other,1,0,0,0,3,0,3,14,Single,No
1801346,34,8,2960,No,6,4,17102,3,Other,1,2,1,3,2,0,3,11,Single,No
1142160,53,26,19094,No,5,14,10735,3,Other,5,13,4,8,3,1,2,11,Divorced,No
1142062,32,10,3919,Yes,16,10,4681,1,Other,1,2,6,7,2,0,3,22,Single,Yes
1789756,42,10,6825,No,8,9,21173,3,Nurse,2,7,4,2,3,1,3,11,Married,No
1126009,44,24,10248,No,7,22,2094,2,Nurse,3,6,5,17,1,1,3,14,Married,No
1552176,46,22,18947,No,2,2,22822,3,Administrative,5,2,2,1,2,0,2,12,Single,No
1118605,33,7,2496,No,2,1,6670,3,Nurse,1,1,0,0,3,0,3,11,Single,No
1397325,44,9,6465,Yes,10,4,19121,3,Nurse,2,2,1,3,4,0,4,13,Married,No
1874834,30,10,2206,No,9,10,16117,2,Nurse,1,0,1,8,4,0,3,13,Single,No
1275746,39,19,2086,No,5,1,3335,3,Other,2,0,0,0,4,1,4,14,Married,No
1884939,24,6,2293,Yes,1,2,3020,3,Other,1,0,2,0,2,1,2,16,Married,Yes
1650304,43,6,2645,No,2,5,21923,4,Other,1,3,1,4,4,2,2,12,Divorced,No
1058169,50,3,2683,Yes,3,3,3810,2,Other,1,2,0,2,1,0,3,14,Married,Yes
1319183,35,2,2014,No,2,2,9687,3,Other,1,2,2,2,4,0,3,13,Married,No
1872551,36,6,3419,Yes,5,1,13072,2,Other,1,1,0,0,2,1,4,14,Married,No
1060693,33,10,5376,No,1,5,3193,4,Nurse,2,3,1,3,3,2,3,19,Married,No
1110390,35,1,1951,No,4,1,10910,3,Nurse,1,0,0,0,3,1,3,12,Divorced,No
1448895,27,1,2341,No,2,1,19715,3,Nurse,1,0,0,0,4,1,3,13,Divorced,No
1547220,26,1,2293,No,25,1,10558,1,Nurse,1,0,0,1,1,0,2,12,Single,Yes
1680993,27,9,8726,No,8,9,2975,3,Nurse,3,8,1,7,4,0,3,15,Single,No
1100187,30,12,4011,No,1,12,10781,3,Nurse,2,8,3,7,3,0,3,23,Single,No
1881631,41,23,19545,No,12,22,16280,3,Other,5,15,15,8,2,0,3,12,Married,No
1622068,34,10,4568,No,23,9,10034,3,Nurse,2,5,8,7,2,0,3,20,Single,No
1336903,37,8,3022,No,19,1,10227,3,Other,1,0,0,0,2,0,3,21,Married,No
1126243,46,14,5772,Yes,5,9,20445,3,Nurse,2,6,0,8,1,0,3,21,Single,No
1053707,35,1,2269,No,8,1,4892,4,Nurse,1,0,0,1,4,0,3,19,Married,No
1708688,48,23,5381,Yes,1,1,19294,2,Nurse,3,0,0,0,1,0,3,13,Single,Yes
1208582,28,2,3441,Yes,5,2,11179,3,Nurse,1,2,2,2,3,0,2,13,Single,Yes
1127416,44,9,5454,Yes,1,4,4009,3,Nurse,2,3,1,3,2,1,2,21,Divorced,No
1710090,35,10,9884,Yes,11,4,8302,2,Nurse,3,0,2,3,3,1,3,13,Married,No
1146606,26,5,4157,Yes,23,2,21436,2,Nurse,2,2,0,0,3,1,2,19,Married,Yes
1674685,33,15,13458,Yes,1,15,15146,3,Other,3,14,8,12,1,0,3,12,Single,No
1477077,35,9,9069,No,18,9,11031,3,Nurse,3,8,1,8,2,1,2,22,Married,No
1269275,35,4,4014,Yes,23,2,16002,3,Nurse,1,2,2,2,3,1,3,15,Married,No
1620694,31,10,5915,No,7,7,9528,3,Nurse,2,7,1,7,4,1,2,22,Divorced,No
1618486,37,7,5993,No,1,7,2689,2,Therapist,2,5,0,7,1,1,4,18,Divorced,No
1208054,32,9,6162,Yes,1,9,10877,3,Therapist,2,8,7,8,1,1,3,22,Married,No
1545352,38,10,2406,No,29,10,5456,3,Nurse,2,3,9,9,4,0,3,11,Single,No
1665908,50,29,18740,Yes,7,27,16701,2,Other,5,3,13,8,2,1,2,12,Divorced,No
1312106,59,28,7637,No,25,21,2354,3,Nurse,3,16,7,9,1,0,2,11,Single,No
1391215,36,17,10096,No,8,17,8202,3,Nurse,3,14,12,8,3,3,3,13,Divorced,No
1677994,55,21,14756,Yes,8,5,19730,3,Other,4,0,0,2,4,3,3,14,Divorced,No
1216003,36,6,6499,No,11,6,22656,2,Therapist,2,5,0,3,2,0,3,13,Single,No
1503437,45,25,9724,No,7,1,18787,3,Other,3,0,0,0,2,1,3,17,Divorced,No
1381585,35,5,2194,No,1,3,5868,3,Other,1,2,1,2,2,1,2,13,Married,No
1312369,36,2,3388,Yes,9,1,21777,2,Other,1,0,0,0,4,1,2,17,Married,Yes
1576355,59,20,5473,No,1,4,24668,2,Nurse,2,3,1,3,1,0,2,11,Single,No
1659485,29,6,2703,No,2,5,4956,3,Other,1,4,0,4,3,1,3,23,Married,No
1530200,31,1,2501,No,1,1,18775,3,Other,1,1,1,0,3,0,3,17,Single,No
1773482,32,10,6220,No,1,10,7346,3,Other,2,4,0,9,2,2,3,17,Married,No
1188108,36,5,3038,No,6,1,22002,4,Nurse,1,0,0,0,2,0,3,12,Married,No
1471418,31,11,4424,No,8,11,20682,3,Therapist,2,7,1,8,3,0,3,23,Single,No
1081842,35,16,4312,No,1,15,23016,2,Nurse,2,13,2,8,3,0,3,14,Single,No
1146021,45,17,13245,Yes,6,0,15067,3,Other,3,0,0,0,4,0,4,14,Married,No
1880248,37,16,13664,No,7,5,25258,3,Other,3,2,0,2,1,0,4,13,Single,No
1267807,46,16,5021,Yes,5,4,10425,3,Other,2,2,0,2,2,1,3,22,Divorced,No
1247348,30,10,5126,Yes,1,10,15998,2,Nurse,2,8,3,0,4,2,2,12,Married,No
1886039,35,6,2859,No,1,6,26278,2,Other,1,4,0,4,2,0,3,18,Single,No
1134060,55,24,10239,No,1,1,18092,3,Nurse,3,0,1,0,1,1,3,14,Married,No
1403326,38,17,5329,Yes,6,13,15717,1,Other,2,11,1,9,2,3,3,12,Divorced,No
1689558,34,5,4325,No,1,5,17736,3,Therapist,2,2,1,3,1,0,3,15,Married,No
1122798,56,37,7260,No,7,6,21698,1,Therapist,3,4,0,2,4,0,2,11,Single,No
1477348,23,3,2322,No,2,0,9518,3,Other,1,0,0,0,3,1,3,13,Divorced,No
1061371,51,10,2075,No,9,4,18725,3,Nurse,1,2,0,3,4,2,3,23,Married,No
1535342,30,11,4152,No,2,11,15830,2,Nurse,2,10,10,8,3,3,3,19,Married,No
1386780,46,9,9619,No,9,9,13596,2,Nurse,3,8,4,7,3,0,3,16,Single,No
1254775,40,22,13503,No,1,22,14115,2,Nurse,4,3,11,11,3,1,2,22,Married,No
1818921,51,11,5441,Yes,21,10,8423,3,Nurse,2,7,1,0,3,0,1,22,Single,No
1848882,30,11,5209,Yes,4,11,19760,2,Nurse,2,8,2,7,3,3,2,12,Divorced,No
1537412,46,21,10673,Yes,1,10,3142,2,Nurse,3,9,9,5,3,1,2,13,Married,No
1231380,32,12,5010,No,6,11,24301,3,Nurse,2,8,5,7,2,0,3,16,Single,No
1293078,54,16,13549,No,2,4,24001,3,Other,3,3,0,3,1,1,1,12,Married,No
1026798,24,4,4999,No,3,3,17519,3,Nurse,2,2,0,2,1,1,2,21,Married,No
1500402,28,5,4221,No,4,5,8863,3,Nurse,2,4,0,4,2,0,4,15,Married,No
1514098,58,38,13872,No,10,37,24409,3,Nurse,4,10,1,8,4,0,2,13,Single,No
1487216,44,17,2042,No,23,3,25043,3,Nurse,2,2,1,2,2,1,4,12,Married,No
1843825,37,7,2073,Yes,6,3,23648,3,Other,1,2,0,2,3,0,3,22,Divorced,Yes
1635251,32,1,2956,No,1,1,15178,3,Other,1,0,0,0,4,0,3,13,Single,No
1088304,20,1,2926,Yes,6,1,19783,2,Nurse,1,0,1,0,4,0,3,18,Single,Yes
1792856,34,16,4809,No,6,16,12482,3,Other,2,13,2,10,1,0,3,14,Single,No
1787161,37,17,5163,No,2,1,15850,2,Nurse,2,0,0,0,3,1,4,14,Divorced,No
1627796,59,30,18844,No,2,3,21922,2,Administrative,5,2,2,2,3,1,3,21,Married,No
1077558,50,28,18172,Yes,1,8,9755,3,Other,5,3,0,7,1,0,2,19,Married,No
1410589,25,6,5744,Yes,5,6,26959,2,Nurse,2,4,0,3,3,0,3,11,Single,Yes
1657986,25,2,2889,No,7,2,26897,2,Other,1,2,2,1,4,2,3,11,Married,No
1353326,22,1,2871,No,15,0,23785,3,Nurse,1,0,0,0,2,0,3,15,Single,No
1523794,51,23,7484,No,1,13,25796,2,Nurse,3,12,12,8,1,0,2,20,Single,No
1851151,34,9,6074,Yes,7,9,22887,1,Nurse,2,7,0,6,1,0,3,24,Single,Yes
1645988,54,23,17328,Yes,26,5,13871,4,Administrative,4,3,4,4,4,0,3,12,Single,No
1849283,24,6,2774,No,18,5,13257,3,Nurse,1,3,1,2,2,1,3,12,Married,No
1073480,34,12,4505,No,6,1,15000,2,Other,2,0,0,0,3,1,3,15,Divorced,No
1157113,37,12,7428,No,3,5,14506,3,Nurse,3,3,1,3,3,0,3,12,Single,No
1130224,34,14,11631,No,5,11,5615,2,Other,3,10,5,8,3,0,3,12,Single,No
1427732,36,10,9738,No,11,9,22952,3,Nurse,3,7,2,8,2,1,3,14,Married,No
1852975,36,7,2835,No,3,1,2561,3,Nurse,1,0,0,0,1,1,3,22,Divorced,No
1845017,43,25,16959,Yes,26,25,19494,3,Administrative,4,12,4,12,3,2,4,12,Married,No
1212660,30,10,2613,No,23,10,22310,1,Other,1,7,0,9,1,3,2,25,Divorced,No
1264790,33,8,6146,No,22,7,15480,3,Nurse,2,7,0,7,3,1,4,13,Married,No
1515486,56,7,4963,Yes,14,5,4510,3,Other,1,4,4,3,2,3,3,18,Married,Yes
1832980,51,23,19537,No,6,20,6462,3,Other,5,18,15,15,1,0,3,13,Single,No
1031688,31,12,6172,Yes,6,7,20739,1,Nurse,2,7,7,7,2,0,2,18,Married,Yes
1433172,26,5,2368,No,6,5,23300,2,Other,1,4,4,3,3,0,2,19,Married,No
1607390,58,40,10312,No,23,40,3465,3,Nurse,3,10,15,6,4,1,2,12,Married,No
1842764,19,0,1675,Yes,22,0,26820,3,Other,1,0,0,0,4,0,2,19,Single,Yes
1176986,22,3,2523,No,2,2,19299,3,Nurse,1,1,2,1,3,1,3,14,Married,No
1835832,49,16,6567,No,20,15,5549,3,Therapist,2,11,5,11,3,0,2,14,Married,No
1450885,43,18,4739,No,28,3,16090,4,Other,1,2,1,2,2,0,3,12,Single,No
1810635,50,16,9208,No,12,2,6645,3,Nurse,3,2,2,1,3,0,3,11,Single,No
1810242,31,4,4559,Yes,20,2,24788,1,Nurse,2,2,2,2,2,1,3,11,Married,Yes
1148129,41,12,8189,Yes,9,9,21196,3,Nurse,3,7,0,7,3,1,3,13,Divorced,No
1085450,26,8,2942,No,25,8,8916,3,Other,1,7,5,7,3,1,3,23,Married,No
1699939,36,7,4941,No,6,3,2819,3,Therapist,2,2,0,1,2,2,3,20,Divorced,No
1612623,51,18,10650,No,8,4,25150,1,Therapist,3,2,0,3,1,0,3,15,Single,Yes
1069811,39,17,5902,No,4,15,14590,2,Nurse,2,11,5,9,4,1,4,14,Married,No
1717795,25,6,8639,No,28,2,24835,2,Nurse,2,2,2,2,1,0,3,18,Married,No
1341925,30,12,6347,Yes,9,11,13982,3,Other,2,9,4,7,3,0,1,19,Married,No
1113668,32,10,4200,No,9,5,10224,3,Nurse,1,4,0,4,1,0,4,22,Single,Yes
1164932,45,9,3452,No,29,6,9752,3,Other,1,5,0,3,3,0,2,13,Single,No
1328110,38,19,4317,Yes,3,3,2302,3,Other,2,2,2,2,4,0,3,20,Single,No
1744823,30,5,2632,No,18,5,23910,3,Other,1,4,0,4,1,0,2,14,Single,No
1431031,32,9,4668,No,9,8,22812,1,Nurse,2,7,0,7,4,3,4,17,Divorced,No
1587864,30,8,3204,No,5,3,10415,3,Other,1,2,2,2,4,1,3,14,Divorced,No
1577226,30,6,2720,No,2,5,11162,2,Nurse,1,3,1,2,2,0,3,13,Single,No
1162762,41,21,17181,No,10,7,12888,2,Other,4,6,7,7,4,1,2,13,Divorced,No
1035340,41,7,2238,No,9,5,6961,3,Nurse,1,0,1,4,3,1,3,21,Married,No
1529493,19,1,1483,No,3,1,16102,3,Nurse,1,0,0,0,2,0,3,14,Single,No
1789511,40,20,5605,No,26,20,8504,3,Other,2,7,2,13,2,1,3,11,Divorced,No
1047751,35,10,7295,No,1,10,11439,3,Nurse,3,8,0,6,3,2,3,13,Married,No
1057195,53,13,2306,Yes,6,7,16047,3,Other,2,7,4,5,2,1,1,20,Married,No
1682385,45,20,2348,No,9,17,10901,3,Nurse,2,9,0,15,2,1,1,18,Divorced,No
1314990,32,9,8998,No,8,9,15589,3,Nurse,3,8,3,7,2,0,3,14,Single,No
1157784,29,10,4319,No,1,10,26283,3,Therapist,2,7,0,9,4,1,3,13,Married,No
1819484,51,10,6132,No,7,1,13983,2,Therapist,2,0,0,0,2,0,3,17,Married,No
1172011,58,9,3346,Yes,9,1,11873,2,Other,1,0,0,0,2,1,2,20,Married,No
1562685,40,15,10855,No,4,12,8552,2,Nurse,3,11,2,11,3,1,2,11,Married,No
1404919,34,6,2231,No,2,4,11314,3,Other,1,3,1,2,3,1,3,18,Married,No
1751538,22,2,2323,No,19,2,11992,3,Other,1,2,2,2,3,2,3,24,Married,No
1883822,27,6,2024,No,9,2,5970,3,Other,1,2,2,2,4,1,1,18,Divorced,No
1460812,28,5,2713,No,21,5,6672,3,Other,1,2,0,2,3,1,1,11,Married,No
1303708,57,12,9439,Yes,24,5,23402,4,Nurse,3,3,1,4,3,1,1,16,Divorced,No
1224013,27,1,2566,Yes,3,1,25326,2,Other,1,1,0,1,3,1,2,15,Divorced,Yes
1495862,50,21,19926,No,11,5,17053,3,Other,5,4,4,4,3,0,3,15,Single,No
1379450,41,13,2451,No,14,9,4609,3,Other,1,8,1,8,1,1,3,12,Divorced,No
1138977,30,12,9419,No,5,10,8053,3,Nurse,3,9,7,4,2,1,3,12,Married,No
1726077,38,12,8686,No,1,8,12930,2,Nurse,2,3,0,7,1,0,4,22,Single,No
1101855,32,8,3038,No,6,5,12430,3,Other,1,4,1,4,3,0,3,20,Single,No
1715001,27,6,3058,Yes,17,5,13364,3,Other,1,2,1,1,3,1,2,16,Married,No
1820041,19,1,2325,No,1,0,20989,1,Other,1,0,0,0,3,0,4,21,Single,Yes
1540435,36,13,2088,No,3,8,15062,3,Nurse,1,7,7,2,4,0,2,12,Single,No
1340085,30,12,3072,No,9,12,11012,3,Nurse,2,9,6,10,3,2,3,11,Divorced,No
1319352,45,9,5006,Yes,4,5,6319,3,Nurse,2,4,0,3,3,1,4,11,Divorced,No
1722423,56,19,4257,Yes,8,2,13939,3,Other,1,2,2,2,3,1,3,18,Divorced,No
1853558,33,4,2500,No,2,3,10515,3,Other,1,1,0,2,3,0,4,14,Single,No
1517594,19,1,1102,No,2,1,9241,2,Nurse,1,0,1,0,2,0,2,22,Single,Yes
1700841,46,24,10453,No,1,24,2137,3,Nurse,3,13,15,7,2,3,3,25,Divorced,No
1665761,38,2,2288,No,9,2,6319,3,Nurse,1,2,2,1,3,0,3,12,Single,No
1224843,31,7,3929,Yes,12,4,6984,3,Other,1,2,0,2,3,1,3,23,Married,No
1739412,34,9,2311,No,27,3,5711,3,Other,1,2,1,2,4,0,3,15,Single,No
1190255,41,4,3140,Yes,20,4,21728,3,Other,1,3,0,2,2,0,2,22,Single,Yes
1820323,50,5,3690,No,1,3,3425,2,Nurse,1,2,0,2,3,1,2,15,Married,No
1477195,53,5,4450,No,13,4,26250,4,Therapist,2,2,1,3,4,2,3,11,Divorced,No
1383313,33,8,2756,No,14,8,4673,3,Other,1,7,1,6,4,1,3,13,Married,No
1385477,40,21,19033,No,4,20,6499,3,Other,5,8,9,9,4,1,3,14,Married,No
1060337,55,36,18722,No,14,24,13339,4,Other,5,15,2,15,3,0,3,11,Single,No
1180048,34,10,9547,No,2,10,14074,2,Therapist,2,9,1,9,4,0,2,17,Married,No
1730525,51,21,13734,No,3,7,7192,3,Nurse,4,7,1,0,4,0,3,18,Single,No
1173311,52,34,19999,No,1,33,5678,2,Other,5,18,11,9,3,1,3,14,Married,No
1155351,27,7,2279,No,9,7,11781,3,Other,1,7,0,3,4,0,2,16,Single,No
1409777,35,8,5916,Yes,23,1,15497,2,Therapist,2,0,0,1,2,0,3,13,Married,Yes
1175384,43,7,2089,No,7,5,5228,4,Other,1,4,2,2,4,3,4,14,Divorced,No
1447981,45,22,16792,No,2,20,20462,2,Other,4,8,11,8,1,1,3,23,Married,No
1643490,37,8,3564,Yes,21,8,22977,4,Other,1,7,1,7,2,1,2,12,Married,No
1132287,35,10,4425,No,2,6,15986,3,Nurse,2,2,1,2,2,0,3,11,Single,No
1238447,42,11,5265,No,21,5,16439,3,Therapist,2,3,0,2,3,1,3,16,Divorced,No
1314186,38,14,6553,No,2,1,7259,3,Therapist,2,0,0,0,4,0,3,14,Married,No
1416095,38,9,6261,No,29,7,4185,3,Therapist,2,7,1,7,4,1,1,18,Married,No
1572943,27,6,4298,No,1,2,9679,2,Therapist,2,2,2,0,3,1,3,19,Married,No
1285655,49,7,6804,Yes,18,7,23793,3,Therapist,2,7,1,7,4,2,3,15,Divorced,No
1620253,34,5,3815,Yes,10,5,5972,3,Other,1,3,2,0,4,1,4,17,Divorced,No
1224749,40,15,2741,Yes,19,7,16523,3,Nurse,2,2,3,7,3,1,4,15,Married,No
1056367,38,17,6673,Yes,29,1,11354,3,Nurse,2,0,0,0,2,0,3,19,Married,Yes
1446715,29,10,7639,No,27,10,24525,3,Nurse,3,4,1,9,2,3,2,22,Married,No
1872375,22,4,2328,Yes,5,4,12392,4,Other,1,2,2,2,4,1,2,16,Divorced,No
1251693,36,8,2153,No,18,8,7703,3,Nurse,1,1,1,7,2,0,3,13,Single,No
1474327,40,5,4876,No,9,3,14242,2,Nurse,2,2,0,2,4,1,1,14,Married,No
1721417,46,17,9396,No,1,4,12368,3,Nurse,3,2,0,3,4,1,3,16,Divorced,No
1723897,32,14,10400,No,4,14,25812,1,Nurse,3,8,9,8,4,0,2,11,Married,No
1847119,30,12,8474,No,1,11,20925,2,Therapist,3,8,5,8,3,0,3,22,Single,No
1213142,27,7,9981,No,20,7,12916,3,Nurse,2,7,0,7,4,0,3,14,Single,No
1155192,51,16,12490,No,8,10,15736,2,Other,3,9,4,7,2,2,1,16,Married,No
1806025,30,8,2657,Yes,3,5,8556,3,Other,1,2,0,4,4,0,3,11,Single,Yes
1296063,41,16,13591,Yes,6,1,14674,3,Administrative,3,0,0,0,4,0,3,18,Single,No
1502689,30,9,6696,No,26,6,22967,2,Nurse,2,3,0,1,3,0,2,15,Single,Yes
1849547,29,7,2058,No,1,6,19757,3,Other,1,2,1,5,3,0,2,14,Single,No
1715116,45,23,8865,No,6,19,16840,2,Nurse,3,7,12,8,4,0,3,12,Single,No
1088447,54,16,5940,No,3,6,17011,3,Nurse,2,2,0,5,4,1,3,14,Married,No
1408349,36,16,5914,No,5,13,9945,3,Nurse,2,11,3,7,4,0,4,16,Single,No
1291194,33,7,2622,No,4,3,13248,2,Other,1,2,1,1,3,0,3,21,Married,No
1699240,37,10,12185,Yes,11,10,10056,3,Other,3,8,0,7,2,3,3,14,Divorced,No
1059303,38,17,10609,No,3,16,9647,3,Nurse,3,10,5,13,1,2,2,12,Divorced,No
1530760,31,6,4345,No,1,5,4381,1,Therapist,2,4,1,4,3,1,3,12,Married,No
1187985,59,7,2177,No,3,1,8456,2,Other,1,0,0,0,3,1,3,17,Married,No
1721312,37,13,2793,No,4,9,2539,3,Other,1,8,5,8,1,1,3,17,Divorced,No
1129392,29,11,7918,No,1,11,6599,3,Nurse,3,10,4,1,2,1,3,14,Married,No
1278690,35,10,8789,No,1,10,9096,3,Nurse,3,7,0,8,3,0,4,14,Single,No
1118323,29,4,2389,Yes,18,4,14961,2,Other,1,3,0,1,3,0,2,13,Single,Yes
1709918,52,6,3212,No,2,2,3300,2,Nurse,1,2,2,2,3,0,2,15,Single,No
1470356,42,22,19232,No,4,22,4933,3,Other,5,17,11,15,3,0,3,11,Married,No
1128374,59,7,2267,No,6,2,25657,3,Other,1,2,2,2,2,0,2,17,Married,No
1508741,50,32,19517,No,1,7,24118,3,Administrative,5,0,0,6,4,1,2,11,Divorced,No
1598911,33,8,2436,Yes,14,5,22149,3,Nurse,1,4,0,4,3,1,1,13,Married,Yes
1177110,43,22,16064,Yes,16,17,7744,3,Administrative,4,13,1,9,4,1,3,22,Married,No
1484656,33,13,2707,No,2,9,21509,3,Nurse,1,7,1,7,1,0,4,20,Married,Yes
1693414,52,33,19068,Yes,2,33,21030,2,Administrative,5,7,15,12,1,0,4,18,Single,No
1806233,32,6,3931,No,4,4,20990,3,Other,1,3,1,2,3,1,3,11,Married,No
1127107,32,4,3730,Yes,1,3,9571,2,Nurse,1,2,1,2,4,0,1,14,Single,Yes
1548210,39,7,2232,No,1,3,15417,3,Nurse,1,2,1,2,3,3,3,14,Divorced,No
1857248,32,4,4465,No,26,3,12069,3,Nurse,2,2,2,2,3,0,3,18,Married,No
1491722,41,17,3072,No,19,1,19877,3,Other,2,0,0,0,3,2,2,16,Divorced,No
1548175,40,9,3319,No,24,9,24447,3,Other,2,8,4,7,1,2,3,17,Divorced,No
1197716,45,25,19202,No,1,24,15970,4,Other,5,0,1,7,3,1,3,11,Married,No
1275604,31,9,13675,No,3,2,13523,3,Other,3,2,2,2,2,1,3,12,Divorced,No
1632856,33,2,2911,No,5,2,14776,2,Other,1,2,0,2,3,1,2,13,Married,No
1874724,34,13,5957,No,2,11,23687,2,Therapist,2,9,5,9,4,1,3,13,Married,No
1133458,37,17,3920,No,1,3,18697,2,Other,1,1,0,2,3,1,2,14,Married,No
1213490,45,9,6434,No,7,3,5118,4,Therapist,2,2,0,2,1,1,3,17,Married,No
1440072,37,17,10048,No,10,1,22573,3,Therapist,3,0,0,0,1,2,3,11,Divorced,No
1492815,39,20,10938,No,2,19,6420,3,Nurse,3,6,11,8,3,0,3,25,Single,No
1322829,29,6,2340,No,15,6,22673,3,Other,1,5,1,5,3,0,3,19,Single,No
1453272,42,10,6545,Yes,17,3,23016,4,Other,2,2,0,2,4,0,3,13,Single,No
1234458,29,10,6931,No,20,3,10732,3,Nurse,2,2,0,2,4,1,3,14,Divorced,No
1336242,25,5,4898,No,1,4,7505,3,Therapist,2,2,1,2,1,2,3,12,Married,No
1068917,42,10,2593,Yes,2,9,8007,2,Nurse,1,6,7,8,4,1,3,11,Divorced,No
1804073,40,22,19436,No,2,21,5949,3,Other,5,7,3,9,1,1,3,19,Divorced,No
1435995,51,1,2723,No,1,1,23231,3,Other,1,0,0,0,3,0,2,11,Married,No
1577501,31,6,3479,No,29,5,11652,2,Nurse,1,4,1,4,3,0,4,11,Single,No
1075035,32,5,2794,No,7,5,26062,4,Nurse,1,1,0,3,2,0,1,20,Married,No
1520532,38,13,5249,No,2,8,19682,2,Nurse,2,7,7,5,4,1,3,18,Married,No
1593179,32,9,2176,No,2,6,19737,2,Nurse,2,2,0,4,4,0,3,13,Single,No
1244300,46,28,16872,Yes,2,7,14977,1,Administrative,4,7,7,7,3,1,2,12,Married,No
1622255,28,5,3485,No,2,0,14935,3,Nurse,1,0,0,0,1,0,1,11,Single,Yes
1662066,29,10,6644,No,2,0,3687,2,Nurse,2,0,0,0,1,2,3,19,Married,No
1247928,31,10,5582,No,23,9,14408,2,Nurse,2,0,7,8,2,1,3,21,Married,No
1087213,25,6,4000,No,5,6,18384,4,Nurse,2,3,1,5,2,2,3,12,Divorced,No
1269016,45,21,13496,Yes,20,20,7501,3,Nurse,4,7,4,10,3,0,3,14,Married,No
1416436,36,16,3210,No,6,15,20251,3,Nurse,1,13,10,11,4,1,3,11,Married,No
1124764,55,37,19045,Yes,1,36,18938,3,Other,5,10,4,13,4,0,3,14,Single,No
1524494,47,10,11849,Yes,29,10,10268,3,Other,3,7,9,9,1,1,2,12,Married,Yes
1376531,28,5,2070,No,9,5,2613,3,Other,1,2,0,4,4,1,2,23,Married,No
1487080,37,7,6502,No,6,5,22825,3,Nurse,2,4,0,1,3,1,4,14,Married,No
1836214,21,3,3230,No,3,3,10531,2,Other,1,2,1,0,4,0,4,17,Single,No
1397780,37,15,13603,Yes,1,5,11677,3,Other,3,2,0,2,1,2,3,18,Divorced,No
1281199,35,10,11996,No,22,7,19100,4,Other,3,7,6,2,2,1,2,18,Divorced,No
1566712,38,8,5605,Yes,7,8,19191,4,Nurse,2,0,7,7,1,1,3,24,Divorced,No
1256655,26,6,6397,No,1,6,26767,3,Therapist,2,5,1,4,3,1,1,20,Divorced,No
1187620,50,28,19144,No,4,10,15815,3,Other,5,4,1,6,1,2,2,14,Divorced,No
1032001,53,21,17584,Yes,3,5,21016,3,Other,4,3,1,3,3,3,2,16,Married,No
1220520,42,20,4907,No,1,20,24532,3,Nurse,2,16,11,6,2,0,3,25,Married,No
1524207,29,10,4554,No,2,10,20260,3,Nurse,2,7,0,9,2,0,2,18,Single,No
1552398,55,12,5415,Yes,20,10,15972,3,Nurse,2,7,0,8,2,1,3,19,Married,No
1753629,26,5,4741,Yes,11,5,22722,3,Nurse,2,3,3,3,1,1,3,13,Married,No
1649314,37,17,2115,No,1,17,15881,3,Other,1,12,5,7,4,0,3,12,Single,No
1353021,44,19,3161,Yes,24,1,19920,3,Nurse,1,0,0,0,4,1,1,22,Divorced,Yes
1704408,38,10,5745,No,23,2,18899,3,Nurse,2,2,1,2,4,1,3,14,Divorced,No
1031524,26,5,2373,Yes,16,3,14180,3,Nurse,1,2,0,2,1,1,3,13,Divorced,Yes
1124932,28,5,3310,No,8,5,4488,3,Other,1,3,0,2,4,0,3,21,Single,No
1865139,49,22,18665,Yes,10,3,25594,3,Other,5,2,1,2,3,0,3,11,Single,No
1158764,36,10,4485,No,3,8,26285,3,Other,2,0,7,7,3,0,3,12,Single,No
1794901,31,2,2789,No,5,2,3909,3,Other,1,2,2,2,4,1,2,11,Divorced,No
1707521,26,8,5828,Yes,4,8,8450,2,Nurse,2,7,7,4,4,0,3,12,Single,Yes
1628660,37,4,2326,Yes,9,4,11411,3,Other,1,2,1,2,2,3,2,12,Married,No
1099592,42,23,13525,No,26,20,14864,3,Nurse,4,4,4,8,3,1,4,14,Married,No
1837825,18,0,1420,No,3,0,25233,3,Nurse,1,0,0,0,3,0,3,13,Single,No
1284393,35,12,8020,No,16,11,5100,3,Nurse,3,9,6,9,3,2,2,15,Married,No
1720804,36,4,3688,No,18,1,7122,4,Nurse,1,0,0,0,3,2,3,18,Married,No
1749725,51,13,5482,No,2,4,16321,1,Therapist,2,1,1,2,4,1,3,18,Divorced,No
1460737,41,22,16015,No,2,22,15896,3,Administrative,4,10,0,4,4,0,3,19,Single,No
1464566,18,0,1200,No,10,0,9724,2,Other,1,0,0,0,4,0,3,12,Single,Yes
1608953,28,9,5661,No,16,8,4824,4,Nurse,2,3,0,7,2,0,3,19,Single,No
1162080,31,10,6929,No,7,8,12241,4,Nurse,2,7,7,7,2,1,2,11,Married,No
1317347,39,19,9613,No,1,18,10942,4,Nurse,3,10,3,7,3,3,2,17,Divorced,No
1712914,36,11,5674,No,24,9,6927,3,Nurse,2,8,0,8,2,1,3,15,Married,No
1672940,32,13,5484,No,7,13,16985,2,Nurse,2,8,4,8,4,1,2,14,Married,No
1535275,38,19,12061,No,25,10,26707,2,Administrative,3,8,0,1,1,1,3,17,Married,No
1505031,58,12,5660,Yes,1,5,17056,1,Nurse,2,3,1,2,4,1,3,13,Divorced,No
1546688,31,6,4821,Yes,5,5,10077,3,Other,1,2,0,3,3,1,3,12,Married,No
1578970,31,9,6410,No,2,2,17822,2,Other,2,2,1,0,1,0,3,12,Married,No
1304896,45,24,5210,No,7,24,20308,3,Nurse,3,9,9,11,1,1,3,18,Divorced,No
1685562,31,3,2695,Yes,2,2,7747,3,Other,1,2,2,2,3,1,1,18,Divorced,No
1172739,33,12,11878,No,5,10,23364,3,Other,3,6,8,8,4,2,3,11,Married,No
1536502,39,21,17068,Yes,10,21,5355,3,Other,4,9,11,10,3,0,3,14,Married,No
1837585,43,9,2455,No,10,8,10675,3,Nurse,1,7,1,7,3,0,3,19,Single,No
1230043,49,25,13964,Yes,1,7,17810,2,Nurse,4,1,0,7,3,0,3,12,Single,No
1202360,52,11,4941,No,8,8,17747,2,Other,2,2,7,7,3,0,2,15,Married,No
1680149,27,4,2478,Yes,5,4,20938,3,Other,1,3,1,2,3,0,2,12,Single,No
1696143,32,13,5228,Yes,8,13,24624,2,Nurse,2,12,11,9,3,0,3,11,Married,No
1773686,27,5,4478,Yes,2,5,5242,3,Nurse,2,4,0,4,4,0,3,11,Single,No
1625490,31,13,7547,No,7,7,7143,3,Nurse,2,7,1,7,4,3,3,12,Divorced,No
1038656,32,10,5055,No,2,7,10557,4,Other,2,7,0,7,1,0,2,16,Single,No
1323864,28,5,3464,Yes,2,3,24737,1,Other,1,2,2,2,1,0,2,13,Married,Yes
1222187,30,11,5775,No,28,10,11934,3,Other,2,8,1,9,4,2,3,13,Married,No
1452875,31,10,8943,No,7,10,14034,2,Therapist,3,9,8,9,3,1,3,24,Married,No
1375684,39,21,19272,No,7,21,21141,2,Other,5,9,13,3,3,1,3,15,Married,No
1864653,39,12,5238,Yes,3,1,17778,3,Nurse,2,0,0,0,4,0,2,18,Married,Yes
1810061,33,9,4682,No,10,7,4317,2,Nurse,2,7,0,1,2,0,2,14,Single,No
1857574,47,21,18300,No,5,3,16375,3,Administrative,5,2,1,1,4,1,3,11,Married,No
1342581,43,9,5257,No,10,9,6227,2,Nurse,2,7,0,0,3,1,4,11,Divorced,No
1863408,27,6,6349,Yes,1,5,22107,3,Nurse,2,4,1,4,3,1,3,13,Married,No
1028630,54,20,4869,No,20,4,16885,3,Other,2,3,0,3,4,0,2,12,Single,No
1416430,43,10,9985,No,7,1,9262,3,Nurse,3,0,0,0,3,1,2,16,Married,No
1139398,45,12,3697,No,8,10,9278,3,Other,2,9,9,8,4,2,3,14,Married,No
1267133,40,6,7457,Yes,1,4,13273,1,Nurse,2,3,0,2,2,3,2,22,Married,No
1701544,29,7,2119,Yes,8,7,4759,1,Nurse,1,7,0,7,2,0,2,11,Married,Yes
1574346,29,4,3983,No,9,3,7621,2,Nurse,1,2,2,2,2,0,3,17,Single,No
1446564,30,10,6118,No,5,10,5431,2,Nurse,2,9,1,2,4,3,3,13,Divorced,No
1646930,27,8,6214,No,8,8,3415,3,Nurse,2,7,0,7,2,1,3,18,Married,No
1514947,37,8,6347,No,5,6,23177,3,Therapist,2,2,0,4,4,2,2,16,Divorced,No
1650545,38,12,11510,Yes,15,11,15682,2,Administrative,3,10,2,9,3,1,3,14,Divorced,No
1549614,31,11,7143,Yes,7,11,25713,3,Therapist,3,9,4,10,3,0,2,14,Single,No
1259109,29,7,8268,Yes,10,7,11866,2,Nurse,2,7,1,7,4,2,3,14,Divorced,No
1138615,35,17,8095,No,5,16,18264,3,Therapist,3,6,0,13,3,0,3,13,Single,No
1366078,23,4,2904,No,26,4,16092,3,Other,1,2,0,2,3,2,2,12,Divorced,No
1477474,41,8,6032,Yes,6,5,10110,2,Therapist,2,4,1,2,4,0,3,15,Single,No
1406287,47,5,2976,No,4,0,25751,3,Other,2,0,0,0,2,0,3,19,Single,No
1544429,42,16,15992,No,23,1,15901,3,Administrative,4,0,0,0,1,0,3,14,Single,No
1171206,29,4,4649,No,2,4,16928,3,Nurse,2,3,0,2,4,1,2,14,Married,No
1634652,42,4,2696,Yes,2,3,24017,3,Other,1,2,1,0,3,1,3,11,Divorced,No
1280175,32,8,2370,No,2,8,3956,3,Nurse,1,0,0,7,3,1,3,13,Married,No
1464473,48,15,12504,No,29,0,23978,3,Administrative,3,0,0,0,1,1,1,21,Married,No
1400436,37,13,5974,Yes,6,7,17001,4,Other,2,7,6,7,3,2,3,13,Divorced,No
1465814,30,4,4736,Yes,25,2,6069,3,Nurse,2,2,2,2,4,1,4,12,Married,Yes
1622008,26,8,5296,No,1,8,20156,3,Nurse,2,7,7,7,3,1,3,17,Married,No
1679401,42,14,6781,No,2,1,17078,2,Nurse,2,0,0,0,1,0,3,23,Single,No
1612768,21,3,2174,Yes,1,3,9150,2,Other,1,2,1,2,1,0,3,11,Single,Yes
1680323,36,7,6653,No,1,1,15276,3,Nurse,2,0,0,0,4,0,3,15,Single,No
1340908,36,16,9699,No,3,13,7246,2,Nurse,3,9,1,12,1,1,3,11,Married,No
1407209,57,15,6755,No,1,3,2967,3,Nurse,2,2,1,2,4,0,3,11,Married,No
1196631,40,10,2213,Yes,10,7,22495,4,Nurse,1,7,1,7,4,1,3,13,Married,No
1558158,21,3,2610,No,9,3,2851,3,Other,1,2,2,2,1,0,2,24,Single,No
1542984,33,1,2851,Yes,5,1,9150,3,Other,1,0,0,0,4,0,3,13,Single,Yes
1665531,37,17,3452,No,10,5,17663,3,Nurse,1,4,0,3,3,1,3,20,Married,No
1815564,46,7,5258,No,7,1,16044,3,Therapist,2,0,0,0,3,0,4,14,Married,No
1866571,41,8,9355,No,4,8,9558,3,Nurse,2,7,7,7,1,0,3,18,Single,No
1589819,50,20,10496,No,10,4,2755,2,Nurse,3,3,1,3,4,0,3,15,Single,No
1645744,40,8,6380,Yes,22,6,6110,2,Nurse,2,4,1,0,3,2,3,12,Married,No
1235953,31,3,2657,Yes,9,2,7551,2,Other,1,2,2,2,3,0,3,16,Single,Yes
1034442,21,1,2716,No,12,1,25422,4,Other,1,0,0,0,3,0,3,15,Single,Yes
1616596,29,6,2201,No,23,3,18168,3,Other,1,2,1,2,4,0,3,16,Single,No
1078791,35,10,6540,No,9,1,19394,2,Nurse,2,1,0,0,3,0,3,19,Single,No
1513965,27,5,3816,No,1,5,17881,3,Nurse,1,2,0,4,4,1,3,11,Divorced,No
1786169,28,7,5253,No,9,7,20750,3,Nurse,2,5,0,7,2,0,3,16,Single,No
1377506,49,26,10965,No,7,5,12066,2,Nurse,3,2,0,0,2,0,3,24,Single,No
1653415,51,18,4936,No,14,7,14862,3,Nurse,2,7,0,7,3,1,2,11,Married,No
1125672,36,6,2543,No,2,2,11868,3,Other,1,2,2,2,4,1,3,13,Married,No
1629676,34,9,5304,Yes,19,5,4652,4,Nurse,2,2,0,4,1,0,2,13,Single,Yes
1121223,55,30,16659,Yes,2,5,23258,3,Other,4,4,1,2,3,0,3,13,Single,No
1339400,24,5,4260,Yes,10,5,5915,3,Nurse,2,2,0,3,4,1,4,12,Divorced,No
1382648,30,1,2476,No,2,1,17434,3,Other,1,0,0,0,3,1,3,18,Married,No
1685681,26,7,3102,No,3,6,6582,3,Other,1,4,0,4,3,0,3,22,Single,No
1700683,22,2,2244,No,11,2,24440,3,Other,1,1,1,2,1,1,3,13,Married,No
1634874,36,10,7596,No,2,10,3809,2,Nurse,3,9,9,0,2,2,3,13,Married,No
1362644,30,3,2285,Yes,4,1,3427,3,Other,1,0,0,0,3,0,3,23,Single,Yes
1286933,37,18,3034,No,14,18,26914,3,Nurse,1,7,12,17,4,1,2,12,Divorced,No
1848633,40,8,5715,No,2,5,22553,3,Nurse,2,4,1,3,4,2,3,12,Divorced,No
1065198,42,8,2576,No,1,5,20490,3,Nurse,1,2,1,2,2,1,3,16,Divorced,No
1703984,37,18,4197,Yes,10,1,21123,3,Therapist,2,0,0,1,3,0,2,12,Single,No
1538992,43,25,14336,No,12,25,4345,2,Administrative,4,10,3,9,1,1,3,11,Divorced,No
1488170,40,20,3448,No,2,1,13436,2,Nurse,2,0,0,0,2,1,3,22,Married,No
1530826,54,24,19406,No,5,4,8509,3,Administrative,5,2,1,2,1,1,2,11,Married,No
1550660,34,6,6538,No,4,3,12740,3,Nurse,2,2,1,2,3,1,3,15,Married,No
1766543,31,13,4306,No,7,13,4156,3,Therapist,2,10,3,12,2,1,1,12,Married,No
1241240,43,8,2258,No,21,3,15238,3,Nurse,1,2,1,2,4,1,3,20,Married,No
1616188,43,8,4522,Yes,8,5,2227,3,Nurse,2,2,0,2,3,0,3,14,Divorced,No
1068776,25,5,4487,Yes,4,5,12090,2,Nurse,2,4,1,3,2,0,3,11,Single,No
1514615,37,15,4449,Yes,25,13,23866,3,Other,2,11,10,7,2,2,3,15,Married,No
1413436,31,4,2218,No,1,4,16193,2,Nurse,1,2,3,2,4,1,3,12,Married,No
1660433,39,21,19197,Yes,1,21,8213,3,Other,5,8,1,6,2,1,3,14,Divorced,No
1415736,56,36,13212,No,6,7,18256,4,Nurse,4,7,7,7,3,3,2,11,Married,No
1356712,30,6,6577,No,12,5,19558,3,Nurse,2,4,4,4,2,0,3,11,Single,No
1482423,41,10,8392,No,1,10,19566,4,Nurse,3,7,0,7,2,1,3,16,Married,No
1735186,28,10,4558,No,17,10,13535,3,Nurse,2,0,1,8,3,1,3,12,Divorced,No
1303791,25,6,4031,No,3,2,9396,3,Nurse,1,2,0,2,1,1,3,13,Married,Yes
1595705,52,28,7969,Yes,3,5,19609,2,Therapist,3,4,0,4,4,0,3,14,Married,No
1314827,45,8,2654,No,10,2,9655,3,Other,1,2,0,2,1,2,2,21,Married,No
1499671,52,31,16555,No,4,5,10310,3,Other,4,2,1,4,4,0,1,13,Married,No
1085614,42,19,4556,No,29,5,12932,3,Other,2,4,0,2,1,1,3,11,Divorced,No
1635763,30,11,6091,No,2,5,24793,1,Therapist,2,4,0,2,3,0,3,20,Single,No
1031735,60,33,19566,No,7,29,3854,3,Other,5,8,11,10,1,0,1,11,Married,No
1787984,46,19,4810,No,18,10,26314,3,Therapist,2,7,0,8,3,1,2,14,Divorced,No
1867121,42,7,4523,No,28,6,4386,2,Nurse,2,5,0,4,4,3,4,11,Married,No
1377208,24,6,3202,Yes,1,5,21972,3,Other,1,3,1,4,1,0,3,16,Single,Yes
1548908,34,3,2351,No,6,2,12253,1,Other,1,2,1,0,4,1,2,16,Divorced,No
1501749,38,1,1702,Yes,2,1,12106,3,Nurse,1,0,0,0,4,1,3,23,Married,No
1317087,40,21,18041,No,2,20,13022,3,Administrative,5,15,1,12,3,0,3,14,Married,No
1865341,26,3,2886,No,23,3,3032,3,Other,1,2,0,2,1,2,1,22,Divorced,No
1051420,30,9,2097,No,3,5,16734,3,Nurse,1,3,1,4,3,1,1,15,Married,No
1589813,29,10,11935,No,3,10,21526,2,Administrative,3,2,0,7,2,0,3,18,Married,No
1297138,29,6,2546,No,25,2,18300,2,Other,1,2,1,1,3,0,4,16,Married,Yes
1191505,19,1,2564,No,2,1,18437,2,Other,1,0,0,0,1,0,4,12,Single,Yes
1708021,30,10,8412,No,22,9,2890,3,Nurse,3,8,7,8,3,0,3,11,Married,No
1353649,57,32,14118,No,29,1,22102,2,Administrative,4,0,0,0,1,1,2,12,Divorced,No
1669573,50,28,17046,No,29,27,9314,2,Other,4,10,15,7,2,1,3,15,Married,No
1613984,30,12,2564,No,2,11,7181,3,Nurse,1,7,6,7,3,0,2,14,Single,No
1269877,60,22,10266,No,28,18,2845,2,Nurse,3,13,13,11,3,0,4,19,Married,No
1593662,47,20,5070,No,2,5,7389,3,Therapist,2,0,0,4,1,3,3,13,Divorced,No
1580340,46,26,17861,No,2,3,2288,3,Administrative,4,2,0,1,1,0,1,13,Married,No
1354096,35,6,4230,No,22,5,19225,1,Nurse,1,4,4,3,4,0,3,15,Single,No
1667303,54,19,3780,No,8,1,23428,3,Nurse,2,0,0,0,3,0,3,11,Single,No
1095688,34,14,2768,No,2,7,8416,2,Other,1,3,5,7,4,1,3,12,Divorced,No
1725110,31,13,10648,No,9,13,14394,3,Therapist,3,8,0,8,3,1,4,25,Divorced,No
1563027,33,15,13610,Yes,15,7,24619,3,Other,3,6,7,7,2,0,4,12,Married,Yes
1173414,33,8,3408,No,10,4,6705,1,Nurse,1,3,1,3,1,3,3,13,Divorced,No
1188476,30,4,2983,No,7,3,18398,3,Other,1,2,1,2,4,0,3,14,Single,No
1204541,35,10,7632,Yes,16,8,14295,3,Nurse,3,7,0,0,4,0,3,12,Married,No
1736866,31,12,9824,No,20,1,22908,3,Nurse,3,0,0,0,1,0,3,12,Married,Yes
1776529,34,11,9950,Yes,23,3,11533,3,Other,3,2,0,2,2,3,3,15,Divorced,Yes
1489398,42,8,2093,No,5,2,9260,3,Nurse,1,2,2,0,2,1,3,17,Married,No
1673608,36,10,9980,No,10,10,15318,3,Nurse,3,3,9,7,2,0,2,14,Single,No
1107497,22,4,3894,No,4,2,9129,2,Nurse,1,2,1,2,3,0,3,16,Single,No
1096432,48,14,4051,No,2,9,19658,3,Nurse,2,7,6,7,2,1,3,14,Married,No
1045162,55,37,16835,No,18,10,9873,3,Administrative,4,9,7,7,1,0,3,23,Single,No
1756239,41,16,6230,No,10,14,13430,3,Nurse,2,3,1,10,4,0,3,14,Single,No
1372229,35,15,4717,No,1,11,18659,3,Nurse,2,9,6,9,2,0,3,11,Married,No
1413753,40,22,13237,No,6,20,20364,3,Therapist,4,6,5,13,2,0,3,15,Single,No
1394294,39,8,3755,No,8,8,17872,3,Nurse,1,3,0,7,3,1,3,11,Married,No
1233772,31,10,6582,Yes,2,6,8346,3,Nurse,2,5,0,5,2,0,4,13,Single,No
1882668,42,10,7406,Yes,24,10,6950,3,Therapist,3,9,5,8,4,1,2,21,Married,No
1218847,45,9,4805,No,2,8,16177,3,Nurse,2,7,3,7,4,1,4,19,Married,No
1636995,26,8,2741,Yes,17,7,22808,3,Other,1,7,1,0,2,1,2,11,Divorced,Yes
1780761,29,8,4262,No,19,3,22645,3,Therapist,2,2,1,2,4,2,4,12,Divorced,No
1375351,33,10,16184,No,1,6,22578,4,Administrative,4,1,0,5,1,1,3,19,Divorced,No
1670281,31,10,11557,No,7,5,25291,2,Administrative,3,4,0,1,3,1,2,21,Divorced,No
1138891,18,0,1878,Yes,5,0,8059,3,Other,1,0,0,0,2,0,3,14,Single,Yes
1755403,40,20,10932,No,28,1,11373,1,Nurse,3,0,0,1,3,1,3,15,Divorced,No
1566630,41,10,6811,Yes,2,8,2112,2,Nurse,2,7,0,7,1,0,3,17,Single,No
1777635,26,8,4306,No,29,0,4267,3,Nurse,2,0,0,0,1,2,3,12,Divorced,No
1427912,35,5,4859,No,1,5,6698,3,Nurse,2,4,0,3,1,0,3,16,Single,No
1884554,34,10,5337,No,21,10,19921,4,Nurse,2,7,5,7,4,0,3,12,Single,No
1335605,26,1,2340,Yes,24,1,23213,1,Nurse,1,0,0,0,3,0,1,18,Single,Yes
1361476,37,12,7491,No,1,6,23848,3,Therapist,3,5,1,2,2,0,4,17,Single,No
1057253,46,28,10527,No,18,2,8984,3,Nurse,3,2,1,2,1,0,2,11,Married,No
1617735,41,22,16595,No,2,18,5626,3,Administrative,4,16,11,8,2,1,3,16,Married,No
1037353,37,9,8834,No,9,9,24666,3,Nurse,3,5,7,7,1,1,3,13,Divorced,No
1455020,52,18,5577,Yes,6,10,22087,3,Other,2,9,6,9,4,2,3,12,Divorced,No
1689256,32,6,4707,No,11,4,23914,4,Nurse,2,2,1,2,4,0,3,12,Married,No
1793245,24,3,2400,No,24,2,5530,3,Other,1,2,2,1,4,2,3,13,Married,No
1267131,38,18,9824,No,10,1,22174,3,Nurse,2,0,0,0,3,1,3,19,Married,No
1105684,37,8,6447,No,1,6,15701,3,Therapist,2,5,4,3,2,1,2,12,Married,No
1206385,49,31,19502,Yes,18,31,2125,2,Administrative,5,9,0,9,4,1,3,17,Divorced,No
1487282,24,6,2725,Yes,23,6,21630,4,Other,1,5,1,4,2,2,3,11,Married,No
1295289,26,6,6272,No,28,5,7428,3,Nurse,2,3,1,4,1,2,4,20,Married,No
1875209,24,1,2127,No,17,1,9100,2,Nurse,1,0,0,0,4,1,3,21,Married,No
1079394,50,32,18200,No,3,32,7999,3,Administrative,5,5,10,7,1,1,3,11,Married,No
1353559,25,7,2096,No,13,7,26376,3,Other,1,4,0,6,2,0,3,11,Married,No
1119549,24,6,2886,Yes,7,6,14168,3,Nurse,1,3,1,2,1,1,3,16,Married,Yes
1209208,30,1,2033,No,12,1,14470,2,Other,1,0,0,0,2,1,4,18,Married,Yes
1228187,34,6,3622,Yes,1,6,22794,2,Other,1,5,1,3,2,1,3,13,Married,No
1090528,31,9,4233,No,13,3,11512,3,Nurse,2,1,1,2,2,0,1,17,Divorced,No
1665575,35,9,3681,No,25,3,14004,2,Nurse,2,2,0,2,1,0,3,14,Single,No
1761086,31,13,5460,No,6,7,6219,4,Nurse,2,7,5,7,1,2,4,22,Divorced,No
1591129,27,6,2187,No,6,5,5013,2,Other,1,3,0,3,1,2,2,12,Divorced,No
1518444,37,17,9602,Yes,2,3,3010,3,Nurse,2,0,1,0,4,1,2,11,Married,No
1814200,42,10,4089,No,2,10,5718,3,Nurse,2,2,2,2,3,2,3,13,Married,No
1669153,43,21,16627,Yes,6,1,2671,2,Administrative,4,0,0,0,2,1,2,14,Divorced,No
1668455,38,8,2619,No,1,0,14561,3,Other,1,0,0,0,3,0,2,17,Single,No
1251852,43,10,5679,Yes,9,8,19627,3,Nurse,2,7,4,7,4,1,3,13,Divorced,No
1589946,48,21,15402,No,1,3,17997,2,Other,4,2,0,2,4,1,1,11,Married,No
1580530,44,10,5985,No,1,2,26894,2,Other,2,2,0,2,1,0,4,11,Single,No
1718961,34,8,2579,Yes,14,8,2912,3,Other,1,2,0,6,3,2,3,18,Divorced,No
1792606,27,5,3041,No,2,4,16346,3,Other,1,3,0,2,3,1,3,11,Divorced,No
1147261,21,3,3447,No,22,3,24444,3,Other,1,2,1,2,3,0,3,11,Single,No
1434704,44,26,19513,Yes,3,2,9358,3,Other,5,2,0,1,4,1,4,12,Married,No
1794793,22,3,2773,No,6,2,12145,3,Other,1,2,2,2,1,0,3,20,Married,No
1034561,33,6,7104,No,8,5,20431,3,Nurse,2,0,1,2,3,0,3,12,Divorced,No
1745732,32,6,6322,Yes,9,6,18089,3,Other,2,4,0,5,1,1,2,12,Married,No
1477313,30,1,2083,No,3,1,22653,3,Other,1,0,0,0,3,1,3,20,Divorced,No
1624205,53,18,8381,No,1,14,7507,3,Nurse,2,7,8,10,4,0,4,20,Single,No
1641585,34,10,2691,No,1,10,7660,3,Other,1,9,8,8,2,1,2,12,Married,No
1080875,45,5,4286,No,26,1,5630,3,Nurse,2,1,0,0,1,2,3,14,Married,Yes
1551597,26,3,2659,Yes,6,3,17759,3,Nurse,1,2,0,2,3,1,3,13,Married,No
1498477,37,10,9434,No,3,10,9606,3,Therapist,3,7,7,8,3,1,3,15,Married,No
1507332,29,6,5561,No,3,6,3487,3,Nurse,2,0,1,2,2,1,2,14,Married,No
1398672,35,17,6646,No,6,17,19368,1,Other,2,11,11,8,2,0,3,13,Single,No
1179356,33,15,7725,No,6,13,5335,3,Nurse,2,11,4,7,3,1,1,23,Divorced,No
1414067,54,16,10725,No,19,9,6729,3,Other,3,7,7,1,3,1,4,15,Married,No
1285109,36,13,8847,Yes,9,3,13934,2,Therapist,2,2,0,2,2,1,3,11,Divorced,No
1699009,27,5,2045,No,3,4,15174,2,Other,1,2,1,1,1,0,3,13,Single,No
1547538,20,1,1009,Yes,10,1,26999,3,Other,1,0,1,1,4,0,3,11,Single,Yes
1712154,33,10,3348,Yes,3,10,3164,3,Other,1,8,9,7,1,0,3,11,Single,Yes
1715015,35,1,1281,No,3,1,16900,2,Nurse,1,0,0,0,3,2,3,18,Married,No
1344006,23,5,2819,No,4,3,8544,4,Other,1,2,0,2,1,1,4,16,Married,No
1136352,25,4,4851,No,8,3,15678,4,Nurse,2,2,1,2,4,1,3,22,Married,No
1767421,38,8,4028,No,7,7,7791,2,Nurse,2,7,0,5,4,0,3,20,Single,No
1196090,29,10,2720,No,1,10,18959,1,Other,1,7,2,8,2,1,3,18,Divorced,No
1202761,48,12,8120,No,2,2,18597,4,Nurse,2,2,2,2,2,0,3,12,Married,No
1288214,27,6,4647,Yes,3,6,16673,4,Nurse,2,5,0,4,4,2,3,20,Divorced,No
1510616,37,4,4680,No,10,1,15232,4,Other,1,0,0,0,4,0,3,17,Single,No
1824855,50,20,3221,Yes,28,20,3297,4,Nurse,1,8,3,8,4,3,3,11,Married,No
1700617,34,9,8621,No,9,8,17654,2,Nurse,3,7,7,7,4,0,4,14,Single,No
1589131,24,4,4577,No,3,2,24785,3,Nurse,2,2,2,0,1,0,3,14,Single,No
1634766,39,20,4553,No,2,20,20978,2,Nurse,2,7,11,10,4,0,3,11,Single,No
1248364,32,10,5396,No,10,10,21703,3,Nurse,2,7,0,8,4,0,2,12,Single,No
1844102,50,18,6796,Yes,8,4,23452,3,Nurse,2,3,1,3,2,1,3,14,Married,No
1180968,38,10,7625,No,1,9,19383,4,Nurse,2,7,1,8,2,0,2,13,Single,No
1705991,27,9,7412,No,1,9,6009,3,Therapist,3,7,0,7,3,0,3,11,Married,No
1533978,32,10,11159,No,3,7,19373,3,Administrative,3,7,7,7,3,0,3,15,Single,No
1838364,47,20,4960,No,14,7,11825,3,Nurse,2,7,1,7,4,0,3,12,Single,No
1886378,40,20,10475,Yes,5,18,23772,2,Nurse,3,13,1,12,4,1,3,21,Married,No
1217160,53,32,14814,No,7,5,13514,4,Administrative,4,1,1,3,3,0,3,19,Married,No
1494989,41,23,19141,No,10,21,8861,2,Administrative,5,6,12,6,2,3,2,15,Divorced,No
1180556,60,10,5405,No,16,2,11924,3,Nurse,2,2,2,2,1,0,3,14,Single,No
1271756,27,9,8793,No,10,9,4809,3,Therapist,3,7,1,7,4,2,2,21,Divorced,No
1786662,41,22,19189,No,1,22,19562,2,Administrative,5,7,2,10,4,1,3,12,Married,No
1713058,50,4,3875,No,8,2,9983,3,Other,1,2,2,2,4,1,3,15,Married,No
1879624,28,10,2216,Yes,1,7,3872,1,Other,1,7,3,7,1,0,3,13,Single,Yes
1530315,36,10,11713,No,8,8,20335,4,Administrative,3,7,0,5,1,1,3,14,Married,No
1589247,38,10,7861,Yes,1,1,15397,3,Therapist,3,0,0,0,3,0,4,14,Single,No
1347933,44,9,3708,No,24,5,2104,1,Nurse,1,2,1,4,1,0,3,14,Single,No
1031434,47,28,13770,Yes,3,22,10225,3,Nurse,4,2,11,13,4,2,2,12,Divorced,No
1699255,30,10,5304,No,27,8,25275,3,Nurse,2,7,7,7,3,1,2,23,Divorced,No
1670081,29,1,2642,No,10,1,2755,3,Other,1,0,0,0,3,0,3,11,Single,No
1542367,42,7,2759,Yes,19,2,20366,4,Other,1,2,2,2,3,0,3,12,Divorced,Yes
1259211,43,7,6804,No,15,2,23683,2,Nurse,2,2,2,2,4,1,3,18,Married,No
1758544,34,10,6142,No,8,5,7360,3,Nurse,2,1,4,3,2,0,3,11,Single,No
1545288,23,5,2500,No,9,4,4344,3,Nurse,1,3,0,2,2,1,4,14,Married,No
1121259,39,12,6389,No,3,8,18767,4,Other,2,3,3,6,3,1,1,15,Married,No
1126307,56,30,11103,No,9,10,20420,3,Nurse,4,7,1,1,3,0,2,11,Married,No
1400061,40,5,2342,Yes,2,4,22929,2,Other,1,2,2,3,4,0,2,20,Single,No
1855799,27,9,6811,No,7,7,23398,2,Nurse,2,6,0,7,4,0,1,19,Single,No
1639147,29,2,2297,No,10,2,17967,3,Other,1,2,2,2,4,2,3,14,Divorced,No
1446990,53,19,2450,No,6,2,10919,3,Nurse,2,2,2,2,4,0,3,17,Single,No
1446447,35,16,5093,No,2,1,4761,3,Nurse,2,0,0,0,4,1,4,11,Divorced,No
1729159,32,10,5309,No,24,10,21146,3,Nurse,2,8,4,7,1,2,3,15,Married,No
1808474,38,6,3057,Yes,2,1,20471,3,Other,1,0,0,1,4,1,1,13,Married,No
1254029,34,7,5121,No,8,0,4187,3,Therapist,2,0,0,0,2,1,3,14,Divorced,No
1581250,52,34,16856,No,3,34,10084,2,Administrative,4,6,1,16,3,0,4,11,Married,No
1269152,33,10,2686,Yes,1,10,5207,3,Other,1,9,7,8,4,0,2,13,Single,Yes
1615430,25,6,6180,No,26,6,22807,3,Nurse,2,5,1,4,3,0,2,23,Single,No
1186983,45,9,6632,No,2,8,12388,1,Other,2,7,3,1,2,0,3,13,Single,No
1570791,23,2,3505,No,10,2,19630,4,Other,1,2,0,2,1,0,3,18,Single,No
1052229,47,8,6397,Yes,27,5,10339,4,Nurse,2,4,1,3,2,0,3,12,Single,Yes
1551168,34,6,6274,No,2,6,18686,3,Nurse,2,5,1,4,4,0,3,22,Single,No
1699666,55,24,19859,Yes,2,5,21199,3,Other,5,2,1,4,4,1,3,13,Married,Yes
1521095,36,10,7587,No,8,10,14229,2,Nurse,3,7,0,9,1,0,3,15,Single,No
1224712,52,5,4258,No,19,4,26589,3,Other,1,3,1,2,4,1,3,18,Married,No
1238998,26,5,4364,No,1,2,5288,1,Nurse,1,2,2,0,1,1,3,14,Divorced,No
1541532,29,11,4335,No,27,8,25549,3,Nurse,2,7,1,1,2,1,2,12,Married,No
1152345,26,6,5326,No,8,4,3064,2,Nurse,2,3,1,2,4,0,2,17,Single,Yes
1830116,34,10,3280,No,1,4,13551,4,Other,1,2,1,3,2,0,3,16,Single,No
1755563,54,9,5485,Yes,19,5,22670,3,Therapist,2,3,1,4,4,2,3,11,Divorced,No
1660820,27,5,4342,No,8,4,24008,3,Nurse,2,2,1,1,3,1,3,19,Married,No
1150067,37,6,2782,Yes,10,5,19905,3,Other,1,3,4,3,4,2,2,13,Divorced,No
1862559,38,17,5980,Yes,2,15,26085,4,Therapist,2,7,4,12,1,0,3,12,Single,No
1107380,34,6,4381,No,2,6,7530,2,Other,1,5,1,3,3,0,3,11,Single,No
1734641,35,3,2572,No,8,3,20317,3,Other,1,2,0,2,1,1,2,16,Married,No
1298935,30,7,3833,No,1,2,24375,1,Nurse,1,2,0,2,4,2,3,21,Married,No
1025177,40,8,4244,No,2,8,9931,4,Nurse,2,7,3,7,3,1,3,24,Married,No
1546242,34,6,6500,No,8,3,13305,3,Nurse,2,2,1,2,3,1,3,17,Married,No
1288565,42,24,18430,No,8,24,16225,3,Other,5,7,14,9,2,1,2,13,Divorced,No
1572087,23,1,1601,Yes,6,0,3445,4,Nurse,1,0,0,0,3,2,3,21,Married,Yes
1451315,24,1,2694,No,9,1,26551,2,Nurse,1,0,0,0,3,3,3,11,Divorced,No
1755899,52,9,3149,No,11,5,21821,3,Nurse,2,2,1,4,4,1,3,20,Married,No
1330421,50,30,17639,No,2,4,6881,3,Administrative,4,3,0,3,3,0,3,16,Married,No
1187355,29,1,2319,Yes,1,1,6689,2,Nurse,1,0,0,0,2,1,3,11,Married,Yes
1297416,33,14,11691,No,7,13,25995,3,Administrative,3,9,3,7,3,0,4,11,Married,No
1161558,33,6,5324,No,16,3,26507,3,Nurse,2,2,0,2,1,0,3,15,Single,Yes
1069822,47,26,16752,Yes,2,26,12982,3,Other,4,14,3,0,3,1,2,11,Married,No
1418243,36,10,5228,No,1,9,23361,3,Therapist,2,7,0,5,3,1,3,15,Married,No
1312456,29,10,2700,No,23,10,23779,4,Other,1,7,0,7,3,1,3,24,Married,No
1294456,58,40,19246,Yes,2,31,25761,3,Administrative,5,15,13,8,4,0,3,12,Single,Yes
1637745,35,7,2506,No,1,2,13301,4,Other,1,2,2,2,4,0,3,13,Single,No
1307498,42,8,6062,Yes,1,4,4051,2,Therapist,2,3,0,2,4,1,3,13,Married,No
1759857,28,5,4382,No,2,2,16374,3,Other,1,2,2,1,3,0,2,17,Single,No
1675215,36,8,2143,No,13,5,25527,3,Other,1,2,0,4,3,1,3,13,Married,No
1845955,32,14,6162,No,4,14,19124,2,Therapist,2,13,6,8,3,1,3,12,Married,No
1178013,40,10,5094,No,16,1,11983,2,Nurse,2,0,0,0,1,0,3,14,Single,No
1266910,30,12,6877,Yes,2,0,20234,2,Therapist,2,0,0,0,3,0,2,24,Single,No
1643001,45,1,2274,No,2,1,6153,2,Other,1,0,0,0,2,0,3,14,Single,No
1804767,42,10,4434,No,29,9,11806,3,Therapist,2,8,7,8,2,1,2,13,Married,No
1686305,38,13,6288,No,12,4,4284,2,Nurse,2,3,1,2,1,1,2,15,Divorced,No
1375250,34,6,2553,No,16,5,8306,2,Other,1,2,1,3,3,0,3,16,Single,No
1744940,49,9,7654,No,11,9,5860,3,Nurse,3,8,7,7,3,2,4,18,Married,No
1545377,55,12,5160,No,2,9,21519,3,Nurse,2,7,7,3,3,0,2,16,Single,No
1282527,43,22,17159,No,14,4,5200,3,Administrative,4,1,1,0,2,1,3,24,Married,No
1266242,27,9,12808,Yes,5,9,8842,2,Administrative,3,8,0,8,3,1,3,16,Divorced,No
1668361,35,17,10221,No,7,8,18869,3,Therapist,3,5,1,6,3,0,4,21,Single,No
1574775,28,8,4779,Yes,2,8,3698,3,Nurse,2,7,7,5,2,0,3,20,Married,No
1822365,34,4,3737,No,3,3,2243,3,Other,1,2,0,2,3,1,1,19,Married,No
1082176,26,8,2366,Yes,5,8,20898,2,Other,1,7,1,7,3,1,3,14,Married,Yes
1415673,27,0,1706,No,3,0,16571,3,Other,1,0,0,0,4,3,2,11,Married,No
1455518,51,29,16307,No,26,20,5594,3,Administrative,4,6,4,17,1,1,2,14,Married,No
1117532,44,10,5933,No,4,5,5197,3,Nurse,2,2,2,3,4,0,2,12,Single,No
1450149,25,6,3424,No,2,4,21632,4,Other,1,3,0,1,1,0,2,13,Single,No
1826341,33,9,4037,No,1,9,21816,4,Nurse,2,8,0,8,1,1,3,22,Divorced,No
1276016,35,6,2559,No,27,6,17852,2,Other,1,5,1,1,3,0,2,11,Single,No
1193450,36,18,6201,Yes,1,18,2823,3,Nurse,2,14,4,11,2,1,2,14,Married,No
1119237,32,8,4403,No,13,5,9250,3,Nurse,2,2,0,3,2,1,2,11,Divorced,No
1077496,30,10,3761,No,5,5,2373,2,Other,1,4,0,3,2,1,2,12,Divorced,No
1689022,53,35,10934,Yes,7,5,20715,2,Nurse,3,2,0,4,1,1,3,18,Married,No
1580740,45,18,10761,Yes,9,5,19239,3,Nurse,3,4,0,2,4,1,3,12,Divorced,No
1214731,32,9,5175,No,8,5,22162,4,Other,2,3,1,3,3,1,2,12,Married,No
1501967,52,31,13826,No,25,9,19028,2,Therapist,4,8,0,0,3,0,3,22,Married,No
1659259,37,9,6334,No,16,1,24558,2,Nurse,2,0,0,0,4,2,3,19,Divorced,No
1851689,28,6,4936,No,8,5,23965,2,Other,1,1,0,4,2,1,3,13,Divorced,No
1578894,22,4,4775,No,1,2,19146,2,Therapist,2,2,2,2,4,2,1,22,Married,No
1147768,44,10,2818,Yes,8,3,5044,4,Nurse,1,2,0,2,1,1,2,24,Married,No
1341422,42,8,2515,Yes,2,2,9068,3,Other,1,1,2,2,2,0,3,14,Single,No
1524503,36,6,2342,No,8,5,8635,2,Other,1,4,0,3,1,0,3,21,Married,No
1643524,25,5,4194,Yes,3,5,14363,3,Nurse,2,3,0,3,3,0,3,18,Married,No
1330630,35,17,10685,Yes,9,17,23457,2,Therapist,3,14,5,15,4,1,3,20,Married,No
1050771,35,10,2022,Yes,25,10,16612,3,Other,1,2,7,8,4,1,2,19,Divorced,Yes
1864456,32,4,2314,No,1,3,9148,3,Nurse,1,0,0,2,4,1,3,12,Divorced,No
1252375,25,5,4256,No,4,5,18154,2,Nurse,2,2,0,3,3,0,4,12,Married,No
1127921,49,7,3580,No,1,4,10554,3,Other,1,2,0,2,3,1,3,16,Married,No
1122784,24,6,3162,No,4,5,10778,2,Nurse,1,2,3,4,1,0,2,17,Married,No
1767740,32,10,6524,No,5,10,8891,3,Nurse,2,8,5,3,2,1,3,14,Married,No
1740909,38,3,2899,No,9,2,12102,2,Other,1,2,1,2,2,1,3,19,Married,No
1395500,42,17,5231,Yes,3,5,23726,4,Nurse,2,3,1,3,3,1,2,13,Married,No
1253827,31,8,2356,Yes,11,6,14871,3,Other,1,4,0,2,4,1,3,19,Married,No
1329687,29,5,2800,Yes,1,3,23522,2,Other,1,2,0,2,2,3,3,19,Divorced,Yes
1221211,53,28,11836,No,8,2,22789,3,Nurse,4,0,2,2,1,1,3,14,Married,No
1731227,35,16,10903,No,25,13,9129,2,Therapist,3,10,4,8,4,0,3,16,Married,No
1716658,37,10,2973,No,21,5,21222,3,Other,1,4,0,0,3,1,3,15,Married,No
1856275,53,33,14275,No,23,12,20206,3,Administrative,4,9,3,8,4,0,3,18,Single,No
1780189,43,12,5562,No,1,5,21782,3,Nurse,2,2,2,2,4,1,2,13,Married,No
1662886,47,8,4537,Yes,2,7,17783,3,Nurse,2,6,7,7,3,1,3,22,Married,No
1455944,37,10,7642,Yes,19,10,4814,3,Nurse,3,0,0,9,1,0,3,13,Single,No
1597875,50,31,17924,No,2,31,4544,3,Other,4,6,14,7,1,1,3,11,Divorced,No
1514580,39,13,5204,No,2,5,7790,2,Other,2,4,0,4,4,2,3,11,Married,No
1457833,33,7,2277,Yes,3,4,22650,3,Other,1,3,0,3,4,1,4,11,Divorced,No
1406364,32,1,2795,Yes,25,1,18016,3,Nurse,1,0,0,1,1,0,1,24,Single,Yes
1574807,29,8,2532,No,7,4,6054,2,Nurse,1,3,0,3,1,3,3,14,Divorced,No
1423464,44,8,2559,Yes,9,8,7508,3,Other,1,7,7,1,2,0,3,13,Married,No
1592499,28,4,4908,No,5,4,24252,3,Nurse,2,2,0,2,1,0,3,14,Single,No
1870106,58,3,2380,Yes,2,1,13384,2,Nurse,1,0,0,0,4,1,2,14,Divorced,Yes
1860698,43,4,4765,No,8,1,23814,3,Therapist,2,0,0,0,1,1,4,21,Divorced,No
1334434,20,2,2044,No,2,2,22052,2,Other,1,2,0,2,3,0,2,13,Single,Yes
1657594,21,1,2693,No,18,1,8870,3,Other,1,0,0,0,4,0,2,19,Single,Yes
1497902,36,17,6586,Yes,14,16,4821,3,Nurse,2,8,4,11,3,1,2,17,Married,No
1289682,47,3,3294,Yes,2,3,13137,2,Other,1,2,1,2,4,0,2,18,Single,No
1185964,22,4,4171,Yes,3,3,10022,3,Therapist,2,2,0,2,2,1,4,19,Married,No
1179676,41,10,2778,Yes,2,7,17725,1,Nurse,1,7,1,0,2,1,2,13,Divorced,Yes
1034373,28,6,2377,No,9,2,9834,3,Other,1,2,2,2,3,1,3,18,Divorced,No
1126499,39,8,2404,Yes,6,2,4303,3,Nurse,1,2,2,2,4,0,1,21,Married,Yes
1334359,27,1,2318,No,4,1,17808,3,Other,1,1,0,0,2,0,3,19,Single,No
1254150,34,1,2008,No,10,1,6896,3,Nurse,1,0,1,0,2,2,3,14,Divorced,No
1206644,42,10,6244,No,14,5,7824,2,Nurse,2,4,0,3,3,0,3,17,Single,No
1766963,33,6,2799,Yes,1,3,3339,2,Other,1,2,0,2,3,0,3,11,Single,No
1795081,58,24,10552,Yes,5,6,9255,2,Nurse,3,0,0,4,3,1,3,13,Divorced,No
1213565,31,13,2329,No,7,7,11737,2,Other,1,7,5,2,2,0,4,15,Married,No
1416487,35,10,4014,Yes,21,10,19170,3,Nurse,2,6,0,7,4,1,1,25,Married,No
1314640,49,29,7403,No,8,26,22477,3,Nurse,3,9,1,7,1,1,2,11,Married,No
1186466,48,13,2259,No,20,0,5543,3,Other,1,0,0,0,4,2,2,17,Married,No
1749032,31,9,6932,No,20,9,24406,3,Nurse,2,8,0,0,4,1,2,13,Married,No
1674536,36,8,4678,No,7,6,23293,3,Other,1,2,0,1,2,0,3,18,Single,No
1327078,38,15,13582,No,1,15,16292,3,Administrative,3,12,5,11,4,1,3,13,Married,No
1738679,32,5,2332,No,1,3,3974,2,Nurse,1,0,0,2,3,0,3,20,Married,No
1117151,25,1,2413,Yes,19,1,18798,2,Other,1,0,0,0,3,3,3,18,Married,Yes
1732657,40,11,9705,No,10,1,20652,2,Nurse,3,0,0,0,1,1,2,12,Divorced,No
1840229,26,7,4294,No,1,7,11148,2,Nurse,2,7,0,7,3,0,3,12,Single,No
1179217,41,20,4721,Yes,6,18,3119,3,Nurse,1,13,2,17,4,0,3,13,Single,No
1612583,36,16,2519,No,2,11,12287,3,Nurse,1,8,3,9,3,0,3,21,Single,No
1115854,19,1,2121,Yes,21,1,9947,2,Other,1,0,0,0,4,0,4,13,Single,Yes
1306693,20,1,2973,No,4,1,13008,3,Nurse,1,0,0,0,1,0,3,19,Single,Yes
1142961,31,10,5855,Yes,12,9,17369,3,Nurse,2,7,8,5,4,2,1,11,Married,No
1578228,40,3,3617,Yes,9,1,25063,3,Other,1,1,0,0,4,1,3,14,Divorced,No
1607811,32,8,6725,No,3,8,13554,3,Therapist,2,7,6,3,3,1,4,12,Married,No
1157826,36,16,10325,Yes,3,16,5518,2,Nurse,3,7,3,7,3,1,3,11,Married,No
1863388,33,6,6949,No,1,5,12291,2,Nurse,2,0,1,4,2,0,3,14,Single,No
1818424,37,17,10609,No,1,14,14922,2,Nurse,3,1,11,7,1,0,1,11,Married,Yes
1707397,45,9,4447,No,4,9,23163,3,Nurse,2,7,0,8,3,0,2,12,Married,No
1742953,29,3,2157,No,20,3,18203,3,Other,1,1,0,2,3,1,3,15,Married,No
1416528,35,5,4601,No,18,5,6179,3,Nurse,2,2,1,0,3,0,3,16,Married,No
1376209,52,26,17099,No,1,9,13829,3,Other,4,8,7,8,4,1,2,15,Married,No
1238813,58,7,2479,No,2,1,26227,3,Other,1,0,0,0,4,0,3,24,Single,No
1715239,53,22,14852,No,2,17,13938,3,Administrative,4,13,15,2,3,1,4,13,Divorced,No
1688979,30,10,7264,No,8,8,9977,3,Nurse,3,4,7,7,3,1,4,11,Divorced,No
1297623,38,6,5666,Yes,10,5,19899,3,Nurse,2,3,1,3,3,0,3,13,Single,No
1685947,35,12,7823,No,3,10,6812,3,Nurse,3,9,0,8,4,1,3,13,Divorced,No
1785279,39,9,7880,No,2,8,2560,4,Nurse,3,7,0,7,1,0,3,18,Single,No
1378606,40,22,13194,Yes,24,1,17071,4,Nurse,4,0,0,0,2,0,2,16,Single,Yes
1118201,47,20,5067,Yes,16,19,6759,4,Therapist,2,10,2,7,3,0,4,19,Divorced,No
1866341,36,12,5079,No,8,7,25952,3,Nurse,2,7,0,7,1,2,3,13,Divorced,No
1649317,31,4,2321,Yes,9,3,10322,2,Other,1,2,1,2,3,0,3,22,Single,Yes
1281310,33,10,17444,No,17,10,20489,3,Administrative,4,8,6,0,4,0,3,11,Single,No
1658398,29,3,2404,Yes,10,0,11479,2,Other,1,0,0,0,4,0,3,20,Single,Yes
1462108,33,5,3452,No,13,3,17241,3,Other,1,2,0,2,2,0,3,18,Single,No
1790357,45,8,2270,No,1,5,11005,3,Nurse,1,3,0,2,4,2,3,14,Divorced,No
1752868,50,32,17399,No,1,5,6615,3,Administrative,4,4,1,3,4,1,2,22,Divorced,No
1324348,33,6,5488,Yes,1,6,20161,4,Nurse,2,5,1,2,3,1,3,13,Married,No
1576599,41,21,19419,No,9,18,3735,3,Administrative,5,16,0,11,1,1,4,17,Divorced,No
1381113,27,4,2811,No,16,2,12086,3,Nurse,1,2,2,2,3,1,3,14,Married,No
1591865,45,9,3633,Yes,23,9,14039,3,Nurse,2,8,0,8,4,1,3,15,Married,No
1321447,47,9,4163,Yes,4,9,8571,3,Nurse,2,0,0,7,4,0,3,17,Single,No
1034220,30,7,2132,Yes,22,5,11539,3,Other,1,2,0,1,1,0,3,11,Married,Yes
1359967,50,22,13973,Yes,24,12,4161,3,Therapist,4,11,1,5,4,1,3,18,Married,No
1662076,38,3,2684,No,10,2,12127,3,Other,1,1,0,2,3,1,2,17,Married,No
1555678,46,13,10845,No,7,8,24208,3,Therapist,3,7,0,7,4,1,3,13,Divorced,No
1071870,24,5,4377,No,17,4,24117,2,Therapist,2,2,3,2,4,2,3,15,Divorced,No
1690577,35,5,3743,Yes,14,4,10074,2,Nurse,1,2,0,2,3,1,1,24,Divorced,Yes
1109596,31,4,4148,No,1,4,11275,3,Therapist,2,3,0,3,3,1,3,12,Married,No
1483743,18,0,1051,No,5,0,13493,3,Other,1,0,0,0,2,0,3,15,Single,No
1100306,54,22,10739,No,17,10,13943,3,Therapist,3,7,0,8,3,1,3,11,Married,No
1667869,35,16,10388,Yes,25,16,6975,3,Nurse,3,10,10,1,3,1,2,11,Divorced,No
1079832,30,9,11416,Yes,8,8,17802,4,Administrative,3,7,1,7,2,3,2,12,Married,No
1236529,20,1,2600,Yes,11,1,18275,2,Other,1,0,0,0,4,0,3,15,Single,Yes
1233733,30,4,2422,No,5,3,25725,3,Nurse,1,2,1,2,2,0,3,17,Single,No
1824641,26,8,5472,No,2,8,3334,4,Therapist,2,7,1,3,4,0,3,12,Married,No
1559236,22,4,2451,No,8,4,6881,1,Nurse,1,3,1,1,2,1,2,15,Married,No
1362920,48,19,4240,No,6,2,13119,2,Nurse,2,2,2,2,1,0,3,13,Single,No
1374656,48,27,10999,No,4,15,22245,2,Nurse,3,11,4,8,3,0,3,14,Single,No
1541429,41,8,5003,No,7,2,23371,3,Therapist,2,2,2,1,4,0,3,14,Single,No
1383639,27,4,4227,No,2,3,4658,3,Therapist,2,2,2,2,1,1,3,18,Married,No
1631280,35,3,3917,No,10,3,9541,3,Nurse,1,2,1,2,2,1,2,20,Divorced,No
1212094,42,21,18303,No,5,1,7770,3,Administrative,5,0,0,0,4,0,4,13,Married,No
1509823,50,8,2380,No,9,1,20165,3,Nurse,1,0,0,0,1,0,3,18,Married,No
1297098,59,30,13726,Yes,2,5,21829,2,Therapist,4,3,4,3,3,0,3,13,Single,No
1664278,37,15,4777,No,11,1,14382,1,Nurse,2,0,0,0,1,0,1,15,Married,Yes
1316661,55,17,6385,Yes,18,8,12992,3,Nurse,2,7,6,7,3,2,3,14,Married,No
1633200,41,21,19973,No,7,21,20284,1,Administrative,5,16,5,10,2,2,3,22,Divorced,No
1480769,38,19,6861,Yes,3,1,4981,3,Nurse,2,0,0,0,2,0,3,12,Single,No
1665250,26,7,4969,No,29,2,21813,1,Nurse,2,2,2,2,2,0,3,18,Single,Yes
1476575,52,33,19845,No,2,32,25846,1,Administrative,5,14,6,9,1,1,3,15,Married,No
1580401,44,23,13320,Yes,28,12,11737,4,Nurse,4,11,11,11,4,1,3,18,Married,No
1735028,50,19,6347,No,1,18,24920,3,Nurse,2,7,0,13,4,1,3,12,Married,No
1330619,36,18,2743,No,16,17,8269,4,Nurse,1,13,15,14,3,0,3,16,Single,No
1142212,39,21,10880,Yes,22,21,5083,3,Therapist,3,6,2,8,4,0,3,13,Single,No
1239925,33,3,2342,No,8,2,21437,2,Other,1,2,2,2,2,0,2,19,Single,No
1477537,45,26,17650,No,11,9,5404,3,Administrative,4,3,1,1,4,1,4,13,Married,No
1404854,32,10,4025,No,29,8,11135,3,Nurse,1,7,7,7,4,0,3,12,Single,No
1401928,34,16,9725,No,1,15,12278,4,Nurse,2,1,0,9,2,1,2,11,Divorced,No
1041678,59,14,11904,Yes,1,6,11038,3,Administrative,3,4,0,4,2,1,1,14,Married,No
1568634,45,6,2177,No,24,6,8318,3,Other,1,3,0,4,2,0,3,16,Single,No
1763986,53,30,7525,No,2,15,23537,2,Nurse,3,7,6,12,3,1,3,12,Married,No
1721556,36,9,4834,No,15,1,7858,3,Nurse,2,0,0,0,1,1,2,14,Divorced,No
1631537,26,6,2042,Yes,2,3,15346,3,Other,1,2,1,2,1,1,3,14,Married,Yes
1277508,34,1,2220,Yes,10,1,18410,3,Other,1,1,0,0,3,1,3,19,Married,No
1873017,28,1,1052,No,10,1,23384,3,Other,1,0,0,0,4,0,3,22,Married,No
1776541,38,8,2821,No,3,2,2997,3,Other,1,2,2,2,3,1,3,16,Married,No
1545738,50,29,19237,Yes,2,8,12853,3,Administrative,5,1,7,7,2,1,2,11,Married,No
1775055,37,8,4107,No,3,4,13848,3,Nurse,2,3,0,1,4,0,2,15,Single,No
1087619,40,8,8396,No,26,7,22217,3,Nurse,2,7,7,5,3,1,2,14,Married,No
1409664,26,5,2007,No,1,5,25265,2,Other,1,3,1,3,1,2,3,13,Divorced,No
1206462,46,23,19627,No,1,2,21445,3,Administrative,5,2,2,2,4,2,3,17,Divorced,No
1431621,54,13,10686,No,2,9,8392,2,Nurse,3,4,7,0,3,1,3,11,Married,No
1045879,56,18,2942,No,9,5,12154,3,Other,1,4,0,3,1,1,3,19,Married,No
1619652,36,15,8858,No,12,14,15669,2,Therapist,3,8,7,8,4,0,2,11,Single,No
1828114,55,31,16756,No,2,9,17323,2,Other,4,7,6,2,3,0,4,15,Single,No
1128254,43,18,10798,No,25,1,5268,2,Nurse,3,0,0,0,3,1,3,13,Divorced,No
1084699,20,2,2323,Yes,9,2,17205,3,Other,1,2,0,2,4,0,3,14,Single,Yes
1343829,21,1,1416,No,10,1,17258,2,Nurse,1,0,1,0,3,0,2,13,Single,Yes
1603378,46,19,4615,Yes,8,16,21029,2,Other,2,13,1,7,4,3,3,23,Divorced,No
1720881,51,18,2461,Yes,4,10,10332,3,Other,1,0,2,7,1,3,4,12,Married,No
1748251,28,10,8722,No,24,10,12355,2,Nurse,3,7,1,9,2,0,2,12,Single,No
1740472,26,6,3955,No,1,5,11141,2,Nurse,1,3,1,3,1,2,3,16,Married,No
1825779,30,7,9957,No,20,6,9096,3,Therapist,2,2,0,2,3,1,2,15,Married,No
1221286,41,10,3376,No,7,10,18863,4,Other,1,6,0,8,2,0,3,13,Married,No
1595168,38,20,8823,No,17,19,24608,2,Nurse,3,9,1,9,3,1,2,18,Married,No
1317075,40,14,10322,No,20,11,26542,3,Nurse,3,10,11,1,1,1,3,20,Married,No
1169735,27,3,4621,No,8,3,5869,1,Nurse,1,2,1,2,1,3,3,19,Married,No
1818130,55,23,10976,No,2,3,15813,3,Therapist,3,2,1,2,4,1,3,18,Married,No
1467266,28,10,3660,No,10,8,7909,3,Other,2,7,1,7,3,0,4,13,Single,No
1242796,44,24,10482,No,1,20,2326,2,Other,3,6,3,6,2,1,3,14,Married,No
1116632,33,9,7119,No,5,3,21214,2,Nurse,3,2,1,2,4,1,3,15,Divorced,No
1338800,35,9,9582,Yes,4,8,10333,3,Nurse,3,7,4,7,4,0,3,22,Single,Yes
1823713,33,14,4508,No,29,13,3129,2,Other,2,7,3,8,1,0,3,22,Single,No
1461105,28,4,2207,No,15,4,22482,3,Nurse,1,2,2,2,1,1,2,16,Divorced,No
1714672,34,7,7756,No,3,6,22266,3,Nurse,2,2,0,4,1,0,2,17,Single,No
1264321,37,8,6694,Yes,10,1,24223,2,Nurse,2,0,0,0,4,3,3,14,Divorced,No
1570590,25,7,3691,Yes,4,7,4605,3,Nurse,1,7,5,6,4,1,4,15,Married,No
1417598,26,1,2377,No,21,1,19373,3,Nurse,1,1,0,0,1,1,2,20,Divorced,Yes
1875940,33,5,2313,Yes,25,2,2993,2,Other,1,2,2,2,1,0,3,20,Single,Yes
1815487,42,23,17665,No,2,22,14399,3,Other,4,6,13,7,4,1,3,17,Married,No
1364682,28,1,2596,No,1,1,7160,2,Nurse,1,0,0,0,1,2,3,15,Divorced,No
1150498,50,5,4728,Yes,1,0,17251,3,Nurse,2,0,0,0,4,0,3,14,Single,No
1446684,33,4,4302,No,7,3,13401,3,Nurse,2,2,0,2,4,1,3,17,Married,No
1852842,34,6,2979,No,3,0,22478,2,Other,1,0,0,0,3,3,3,17,Married,No
1554886,48,27,16885,No,1,5,16154,4,Other,4,4,2,1,1,0,2,22,Single,No
1454712,45,15,5593,No,9,15,17970,2,Nurse,2,10,4,12,2,1,3,13,Married,No
1212693,52,18,10445,No,7,8,15322,3,Nurse,3,6,4,0,2,0,3,19,Single,No
1312769,38,9,8740,Yes,10,8,5569,2,Nurse,3,7,2,7,3,2,3,14,Divorced,No
1601148,29,11,2514,No,28,7,26968,3,Other,1,5,1,7,3,1,3,22,Divorced,No
1133211,28,10,7655,No,3,9,8039,3,Therapist,3,7,1,7,4,3,2,17,Divorced,No
1856618,46,23,17465,No,3,12,15596,3,Administrative,4,9,4,9,1,1,3,12,Married,No
1042408,38,10,7351,No,2,1,20619,3,Nurse,3,0,0,0,4,0,3,16,Single,No
1789769,43,18,10820,No,27,8,11535,3,Therapist,3,7,0,1,3,1,3,11,Married,No
1440393,39,21,12169,No,2,18,13547,3,Nurse,4,7,11,5,1,3,3,11,Divorced,No
1091520,40,21,19626,No,14,20,17544,2,Administrative,5,7,4,9,3,0,4,14,Single,No
1818532,21,2,2070,Yes,1,2,25326,2,Other,1,2,2,2,4,0,4,11,Single,Yes
1292995,39,9,6782,No,9,5,8770,3,Nurse,2,4,0,3,3,0,2,15,Single,No
1522372,36,18,7779,No,18,11,23238,3,Therapist,2,9,0,9,1,0,3,20,Single,No
1308397,31,3,2791,No,20,2,21981,4,Other,1,2,2,2,3,1,3,12,Married,No
1138410,28,6,3201,No,2,5,19911,2,Other,1,3,0,4,1,0,1,17,Married,No
1752889,35,5,4968,No,11,5,18500,3,Nurse,2,2,0,2,4,1,3,11,Divorced,No
1425897,49,22,13120,No,8,9,11879,2,Nurse,4,8,2,3,4,1,3,17,Married,No
1719792,34,5,4033,No,2,3,15834,3,Therapist,2,2,0,2,4,0,2,11,Single,No
1377897,29,8,3291,No,10,7,17940,3,Other,1,5,1,1,4,2,2,14,Divorced,No
1692477,42,16,4272,No,29,1,9558,1,Nurse,2,0,0,0,2,0,3,19,Single,No
1618530,29,10,5056,Yes,8,10,17689,2,Therapist,2,7,1,2,2,1,2,15,Married,No
1619491,38,7,2844,No,1,7,6004,4,Other,1,6,5,0,3,1,4,13,Married,No
1321732,28,3,2703,Yes,6,3,22088,2,Other,1,1,0,2,3,1,3,14,Divorced,No
1313694,18,0,1904,No,8,0,13556,3,Nurse,1,0,0,0,3,0,3,12,Single,Yes
1140608,33,6,8224,Yes,9,5,18385,3,Nurse,2,2,0,3,1,0,3,17,Single,Yes
1190899,41,6,4766,Yes,12,1,9051,3,Nurse,1,0,0,0,2,1,3,11,Married,No
1131723,31,2,2610,No,15,2,6233,3,Nurse,1,2,2,2,3,1,2,12,Married,No
1066655,37,9,5731,No,25,6,17171,2,Nurse,2,2,1,3,3,2,3,13,Divorced,No
1061785,27,4,2539,No,6,4,7950,2,Other,1,2,2,2,4,1,3,13,Married,No
1745568,34,6,5714,No,9,6,5829,3,Nurse,2,5,1,3,2,0,2,20,Married,No
1034814,35,6,4323,No,8,5,7108,3,Other,1,4,1,4,3,0,1,17,Single,No
1778989,29,11,7336,No,23,11,11162,2,Nurse,3,8,3,10,4,1,1,13,Married,Yes
1452385,40,20,13499,No,9,18,13782,3,Administrative,3,7,2,13,2,0,2,17,Single,No
1513386,42,22,13758,Yes,12,21,2447,3,Nurse,4,9,13,14,3,0,2,12,Single,No
1812528,42,9,5155,No,4,6,2253,3,Nurse,2,4,1,5,2,0,4,13,Single,No
1479961,35,10,2258,No,1,8,16340,2,Nurse,1,0,1,7,4,1,3,12,Married,No
1446497,24,6,3597,No,24,4,6409,3,Nurse,1,3,1,2,4,0,3,22,Single,No
1340549,28,1,2515,Yes,12,1,22955,3,Nurse,1,1,0,0,3,0,2,11,Married,Yes
1588632,26,8,4420,No,3,8,13421,4,Nurse,1,7,0,7,1,1,3,22,Married,No
1499676,30,10,6578,No,10,10,2706,2,Nurse,2,3,1,4,3,1,3,18,Married,No
1849677,40,16,4422,Yes,26,1,21203,2,Other,2,1,0,0,3,1,1,13,Married,No
1209446,35,15,10274,No,2,7,19588,2,Therapist,3,7,6,4,3,1,4,18,Divorced,No
1098841,34,14,5343,No,1,13,25755,2,Nurse,2,9,4,9,4,0,3,20,Single,No
1871555,35,2,2376,No,4,2,26537,2,Nurse,1,2,2,2,4,1,4,13,Married,No
1405213,43,7,5346,No,9,4,9489,1,Nurse,2,3,1,3,1,0,2,13,Single,Yes
1089994,32,1,2827,No,2,1,14947,3,Other,1,0,0,0,3,3,3,12,Divorced,No
1710657,56,28,19943,No,4,5,18575,3,Other,5,2,4,2,4,1,3,13,Divorced,No
1511393,29,10,3131,No,6,10,26342,3,Nurse,1,8,0,8,2,1,3,13,Married,No
1542698,19,1,2552,No,9,1,7172,3,Other,1,1,0,0,3,0,3,25,Single,No
1764148,45,7,4477,Yes,7,3,20100,3,Other,1,2,0,2,1,1,2,19,Married,No
1334983,37,14,6474,No,1,14,9961,2,Therapist,2,8,3,11,4,1,2,13,Married,No
1713700,20,2,3033,No,3,2,12828,2,Nurse,1,2,1,2,1,0,2,12,Single,Yes
1476340,44,6,2936,Yes,10,6,10826,3,Other,1,4,0,2,3,0,3,11,Single,Yes
1795477,53,26,18606,No,7,7,18640,3,Other,5,7,4,7,4,1,3,18,Divorced,No
1500784,29,6,2168,Yes,15,5,26933,1,Other,1,4,1,3,2,1,2,18,Married,Yes
1455048,22,1,2853,Yes,3,0,4223,2,Other,1,0,0,0,3,1,3,11,Married,Yes
1123335,46,28,17048,No,2,26,24097,3,Administrative,4,15,15,9,3,0,3,23,Married,No
1285566,44,6,2290,No,17,0,4279,1,Other,1,0,0,0,4,0,3,13,Single,No
1279649,33,5,3600,No,2,5,8429,3,Other,1,4,1,4,2,1,3,13,Married,No
1754610,41,5,2107,No,5,1,20293,2,Other,1,0,0,0,1,1,1,17,Divorced,Yes
1260276,30,8,4115,No,29,4,13192,3,Nurse,2,3,0,3,3,3,3,19,Divorced,No
1313206,40,5,4327,No,2,0,25440,3,Nurse,2,0,0,0,2,3,3,12,Married,No
1562759,50,32,17856,No,2,2,9490,3,Other,4,2,2,2,4,1,3,22,Married,No
1818579,28,6,3196,No,19,6,12449,2,Nurse,1,5,3,3,4,3,3,12,Married,No
1221210,46,25,19081,No,15,4,10849,3,Administrative,5,2,0,3,4,1,3,11,Married,No
1285937,35,15,8966,Yes,17,7,21026,3,Nurse,2,7,1,7,3,3,3,15,Married,No
1063216,24,1,2210,No,17,1,3372,3,Nurse,1,0,0,0,4,1,1,13,Married,Yes
1551282,33,10,4539,No,25,10,4905,3,Nurse,2,7,0,1,2,1,2,12,Married,No
1310719,36,7,2741,No,6,7,6865,1,Nurse,1,7,1,7,3,1,3,14,Divorced,No
1544205,30,10,3491,No,7,10,11309,3,Nurse,2,7,8,9,3,3,2,13,Divorced,No
1503934,44,20,4541,No,29,20,7744,3,Other,2,11,13,17,4,0,3,25,Single,No
1531205,20,2,2678,No,21,2,5050,4,Other,1,1,2,2,3,0,3,17,Single,No
1126413,46,12,7379,No,2,6,17433,3,Therapist,2,3,1,4,4,1,2,11,Divorced,No
1170535,42,10,6272,No,2,4,12858,4,Other,2,3,0,3,4,1,4,16,Married,No
1520995,60,12,5220,Yes,7,11,10893,4,Nurse,2,7,1,9,2,1,3,18,Divorced,No
1229290,32,2,2743,No,13,2,7331,2,Nurse,1,2,2,2,3,1,3,20,Married,No
1034448,32,10,4998,Yes,2,8,2338,3,Other,2,7,0,7,4,0,3,14,Single,No
1516924,36,17,10252,Yes,1,7,4235,1,Therapist,3,7,7,7,3,1,3,21,Divorced,No
1487583,33,15,2781,No,9,14,6311,3,Other,1,10,4,10,1,1,3,13,Married,No
1516360,40,7,6852,No,10,5,11591,2,Nurse,2,1,1,3,2,1,4,12,Divorced,No
1384279,25,5,4950,No,10,4,20623,3,Nurse,2,3,1,1,3,0,3,14,Single,No
1658193,30,12,3579,Yes,1,11,9369,3,Other,1,9,5,7,4,1,3,21,Married,No
1645050,42,20,13191,Yes,26,1,23281,3,Administrative,3,0,0,0,1,0,3,17,Married,No
1695470,35,16,10377,Yes,8,13,13755,2,Nurse,3,2,4,12,3,1,2,11,Married,No
1362336,27,9,2235,Yes,14,9,14377,3,Other,1,7,6,8,1,2,2,14,Married,No
1442702,54,33,10502,No,1,5,9659,3,Therapist,3,4,1,4,4,1,1,17,Divorced,No
1226564,44,10,2011,No,2,10,19982,4,Other,1,5,7,7,1,1,3,13,Married,No
1245033,19,1,1859,Yes,10,1,6148,2,Other,1,1,0,0,1,0,4,25,Single,Yes
1856613,29,3,3760,No,1,3,5598,3,Other,1,2,1,2,1,3,3,15,Divorced,No
1559788,54,36,17779,No,3,10,23474,3,Administrative,4,9,0,9,4,0,3,14,Married,No
1845153,31,6,6833,Yes,11,6,17089,3,Nurse,2,5,0,1,3,0,2,12,Married,No
1216132,31,10,6812,No,24,10,17198,2,Nurse,2,9,1,8,3,0,3,19,Single,No
1718896,59,13,5171,No,3,6,16490,2,Nurse,2,1,0,5,3,0,3,17,Single,No
1659741,43,25,19740,No,3,8,18625,1,Administrative,5,7,0,7,3,1,3,14,Married,No
1460231,49,23,18711,No,4,1,12124,2,Other,5,0,0,0,1,1,4,13,Married,No
1276743,36,12,3692,No,3,11,9256,3,Other,1,10,0,7,3,0,2,12,Married,No
1551418,48,7,2559,No,2,1,16620,4,Nurse,1,0,0,0,4,0,2,11,Single,No
1409781,27,5,2517,No,4,5,3208,3,Other,1,3,0,3,1,3,3,11,Divorced,No
1429070,29,6,6623,Yes,7,6,4204,3,Nurse,2,0,1,0,3,2,3,11,Divorced,No
1149718,48,25,18265,No,1,1,8733,2,Administrative,5,0,0,0,4,0,4,12,Single,No
1593907,29,9,16124,No,1,7,3423,2,Administrative,4,7,1,7,4,2,2,14,Divorced,No
1346366,34,2,2585,No,20,1,21643,4,Other,1,0,0,0,3,0,2,17,Married,No
1471840,44,26,18213,No,5,22,8751,3,Administrative,5,9,3,10,2,1,3,11,Married,No
1081187,33,10,8380,Yes,10,9,21708,4,Nurse,3,8,0,8,4,2,3,14,Divorced,No
1237363,19,1,2994,Yes,25,1,21221,4,Other,1,0,0,1,2,0,3,12,Single,No
1473069,23,1,1223,No,1,1,16901,3,Other,1,0,0,1,4,1,3,22,Married,No
1322371,25,1,1118,Yes,24,1,8040,1,Other,1,0,1,0,3,0,3,14,Single,Yes
1574047,26,8,2875,Yes,4,8,9973,3,Other,1,5,2,2,3,0,2,20,Single,No
1588094,45,26,18824,Yes,2,24,2493,1,Administrative,5,10,1,11,1,0,3,16,Single,No
1364438,55,34,13577,Yes,8,33,25592,2,Nurse,4,9,15,0,4,1,3,15,Divorced,No
1724855,21,2,2625,No,10,2,25308,2,Nurse,1,2,2,2,1,0,1,20,Single,Yes
1032289,46,26,18789,No,4,11,9946,2,Administrative,5,4,0,8,4,1,3,14,Married,No
1826524,34,4,4538,Yes,2,3,6039,3,Nurse,2,2,0,2,3,0,3,12,Single,No
1426682,51,31,19847,Yes,9,29,19196,3,Administrative,5,10,11,10,4,1,2,24,Divorced,No
1826449,59,25,10512,No,18,9,20002,3,Therapist,3,7,5,4,4,0,2,12,Single,No
1319702,34,15,4444,No,19,11,22534,3,Nurse,2,8,5,10,3,2,4,13,Divorced,No
1668404,28,5,2154,Yes,1,4,6842,3,Nurse,1,2,0,2,4,0,2,11,Single,Yes
1459186,44,26,19190,No,4,25,17477,4,Other,5,9,14,13,3,2,2,14,Divorced,No
1488640,34,14,4490,No,11,10,21833,2,Other,2,9,1,8,3,2,4,11,Married,No
1711208,35,4,3506,Yes,6,3,6020,3,Other,1,2,2,2,3,0,3,14,Married,No
1619962,42,18,2372,Yes,7,1,5628,4,Other,2,0,0,0,2,0,3,16,Married,No
1411176,43,23,10231,No,4,21,20364,2,Nurse,3,7,15,17,4,0,4,14,Single,No
1702814,36,18,5410,Yes,2,16,2323,3,Therapist,2,14,5,12,3,0,3,11,Single,No
1059499,44,10,7978,No,15,10,14075,3,Nurse,3,7,0,5,1,1,3,11,Married,No
1612685,28,2,3867,Yes,2,2,14222,2,Nurse,1,2,2,2,4,1,3,12,Married,No
1744003,51,8,2838,No,6,7,4257,2,Nurse,1,0,7,7,2,0,2,14,Single,No
1825727,30,10,4695,Yes,9,8,12858,3,Therapist,2,4,1,7,3,0,3,18,Single,No
1100849,29,10,3339,Yes,7,7,17285,3,Nurse,1,7,7,7,2,2,3,13,Divorced,Yes
1165880,28,5,2080,No,1,3,4732,3,Other,1,2,1,2,4,0,2,11,Single,No
1386101,25,2,2096,No,1,2,18830,3,Other,1,2,2,1,4,0,2,18,Single,No
1053739,32,10,6209,No,8,10,11693,4,Nurse,2,7,0,8,3,2,4,15,Married,No
1259785,45,22,18061,No,25,0,13035,3,Other,5,0,0,0,2,0,3,22,Single,No
1772045,39,21,17123,Yes,13,19,17334,2,Other,4,9,15,2,3,2,3,13,Divorced,No
1153402,58,2,2372,No,23,2,26076,3,Other,1,2,2,2,1,2,3,12,Divorced,No
1111156,32,10,4883,No,7,10,22845,3,Nurse,2,4,1,1,4,1,3,18,Married,No
1191511,39,6,3904,No,23,5,22154,3,Other,1,2,0,3,3,0,3,13,Single,Yes
1391589,30,10,4627,No,6,9,23631,2,Nurse,2,2,6,7,1,1,3,12,Married,No
1474475,36,10,7094,No,10,7,5747,3,Nurse,3,7,1,7,4,0,3,12,Married,No
1211290,46,10,3423,No,1,7,22957,3,Other,1,6,5,7,4,0,4,12,Single,No
1193428,28,10,6674,No,1,9,16392,1,Nurse,2,8,7,5,3,3,3,11,Married,No
1545703,50,25,16880,Yes,28,3,22422,3,Administrative,4,2,1,2,4,0,3,11,Married,No
1202936,40,9,9094,Yes,25,5,17235,2,Nurse,3,4,1,0,4,0,3,12,Single,Yes
1171299,52,10,8446,Yes,5,8,21534,3,Nurse,3,7,7,7,2,0,2,19,Single,Yes
1277861,30,9,11916,Yes,17,9,25927,3,Other,3,1,0,8,2,2,3,23,Married,No
1622014,39,9,4534,No,18,8,13352,3,Therapist,2,7,1,7,1,0,3,11,Single,No
1379068,31,10,9852,Yes,2,10,8935,3,Nurse,3,8,9,6,4,1,2,19,Divorced,No
1546275,41,19,6151,No,10,19,22074,1,Nurse,2,2,11,9,3,0,3,13,Single,No
1288105,31,3,2302,Yes,1,3,8319,3,Other,1,2,2,2,4,0,4,11,Single,Yes
1518688,44,10,2362,No,3,3,14669,3,Nurse,1,2,1,2,1,0,4,12,Married,No
1071499,42,21,17861,Yes,2,20,26582,3,Other,4,8,2,10,3,0,2,13,Married,No
1704652,55,23,19187,No,2,19,6992,1,Other,5,9,9,11,4,1,3,14,Married,No
1074172,56,36,19717,No,8,7,4022,3,Administrative,5,3,7,7,4,0,3,14,Single,No
1415953,40,6,3544,No,16,4,8532,3,Other,1,2,0,0,3,1,3,16,Divorced,No
1492244,34,10,8500,No,9,9,5494,3,Nurse,3,7,1,6,4,1,2,11,Divorced,No
1510065,40,9,4661,No,2,9,22455,3,Other,2,8,8,8,3,0,3,13,Single,No
1338493,41,10,4103,No,1,9,4297,3,Nurse,2,3,1,7,3,1,3,17,Divorced,No
1451242,35,9,4249,Yes,4,9,2690,3,Other,2,6,1,1,3,0,3,11,Single,No
1265137,51,33,14026,Yes,5,33,17588,3,Administrative,4,9,0,10,3,1,3,11,Divorced,No
1465164,38,11,6893,No,2,7,19461,3,Nurse,2,7,1,7,2,1,3,15,Divorced,No
1420569,34,10,6125,No,15,10,23553,3,Nurse,2,8,9,6,3,0,4,12,Single,No
1796375,25,7,3669,No,19,3,9075,3,Nurse,1,2,1,2,4,3,2,11,Married,No
1536328,58,31,10008,Yes,7,10,12023,2,Therapist,3,9,5,9,3,0,2,14,Married,Yes
1346672,40,7,2387,No,1,4,6762,3,Nurse,1,2,0,3,2,1,3,22,Married,No
1408258,36,17,4639,No,7,15,2261,4,Nurse,2,7,6,13,1,1,2,16,Married,No
1172129,48,11,7898,No,4,10,18706,3,Therapist,3,9,0,8,4,0,3,11,Single,No
1525335,27,5,2534,No,11,1,6527,4,Other,1,0,0,0,3,1,3,14,Married,No
1138505,51,29,13142,No,11,5,24439,2,Therapist,4,2,0,3,4,0,2,16,Single,No
1792003,18,0,1611,No,1,0,19305,3,Nurse,1,0,0,0,4,0,4,15,Single,No
1584366,35,10,5363,No,1,9,10846,2,Nurse,2,7,0,0,4,1,3,12,Married,No
1224247,27,8,5071,No,2,6,20392,1,Nurse,2,2,0,0,4,0,3,20,Single,No
1081600,55,24,13695,Yes,13,19,9277,4,Nurse,4,7,3,8,1,0,2,17,Single,Yes
1665397,56,33,13402,Yes,23,19,18235,3,Therapist,4,16,15,9,4,1,3,12,Married,No
1073438,34,5,2029,No,26,5,15891,2,Other,1,4,0,0,1,3,3,20,Divorced,No
1858522,40,15,6377,No,2,12,13888,4,Nurse,2,11,11,8,2,3,3,20,Divorced,No
1528867,34,10,5429,No,29,8,17491,3,Nurse,2,7,7,7,2,2,3,13,Married,No
1648657,31,3,2785,No,2,1,11882,2,Other,1,0,0,0,3,0,4,14,Single,Yes
1805986,35,5,4614,Yes,18,4,23288,3,Nurse,2,2,3,2,4,1,2,18,Married,Yes
1272720,38,4,2610,No,7,4,15748,4,Other,1,2,0,3,4,3,3,11,Divorced,No
1415194,34,14,6687,No,2,14,6163,3,Nurse,2,11,4,11,3,0,4,11,Single,No
1176516,28,5,4724,No,26,5,24232,2,Nurse,2,3,0,4,3,1,3,11,Married,No
1542102,31,10,6179,Yes,22,10,21057,3,Therapist,2,2,6,7,4,2,2,15,Married,Yes
1872881,39,8,6120,Yes,21,5,3567,2,Nurse,2,4,1,4,1,2,4,12,Married,No
1588882,51,14,10596,No,2,4,15395,3,Nurse,3,2,3,2,2,0,3,11,Married,No
1278061,41,12,5467,Yes,22,6,13953,3,Other,2,2,3,3,4,2,2,14,Divorced,No
1220976,37,8,2996,Yes,4,6,5182,3,Other,1,4,1,3,3,0,3,15,Married,No
1068192,33,8,9998,No,5,5,19293,3,Nurse,2,4,1,2,2,0,4,13,Married,No
1633178,32,4,4078,Yes,2,3,20497,3,Nurse,2,2,1,2,3,3,2,13,Married,No
1432591,39,13,10920,No,25,6,3449,3,Nurse,3,4,0,5,3,1,3,21,Married,No
1844995,25,6,6232,No,18,3,12477,4,Nurse,2,2,1,2,1,0,2,11,Married,No
1162157,52,24,13247,Yes,28,5,9731,4,Therapist,4,3,0,2,4,1,2,11,Married,No
1084924,43,20,4081,Yes,6,20,20003,2,Other,2,7,1,8,1,0,1,14,Single,No
1229066,27,6,5769,Yes,10,6,7100,2,Nurse,2,2,4,4,4,0,3,11,Married,No
1526314,27,8,2394,Yes,17,8,25681,3,Other,1,2,7,7,4,0,3,13,Single,Yes
1339537,26,5,3904,No,2,4,4050,2,Other,1,3,1,1,1,0,3,12,Single,No
1112703,42,21,16799,No,10,20,16616,3,Administrative,4,7,0,9,3,1,3,14,Married,No
1768835,52,12,2950,No,8,5,17363,3,Nurse,1,4,0,4,3,0,1,13,Married,No
1742081,37,8,3629,No,11,3,19106,3,Nurse,1,2,0,2,1,0,3,18,Single,No
1729034,35,10,9362,No,18,2,19944,3,Therapist,3,2,2,2,3,0,3,11,Single,No
1141939,25,7,3229,No,1,3,4910,3,Nurse,1,2,0,2,1,1,2,11,Married,No
1115350,26,8,3578,No,7,7,23577,4,Nurse,1,7,0,7,3,0,3,12,Single,No
1218088,29,10,7988,No,17,10,9769,2,Other,3,9,0,9,2,0,2,13,Single,No
1246982,49,20,4284,No,28,4,22710,2,Nurse,2,3,1,3,1,0,3,20,Single,No
1458822,29,9,7553,Yes,14,8,22930,3,Nurse,3,7,7,7,3,0,3,12,Single,Yes
1699413,54,29,17328,No,1,20,5652,3,Administrative,4,7,12,7,4,0,2,19,Single,No
1620973,58,32,19701,Yes,1,9,22456,3,Administrative,5,8,1,5,4,1,3,21,Married,No
1793695,55,31,14732,No,1,7,12414,4,Administrative,4,7,0,0,2,2,4,13,Divorced,No
1583611,36,15,9278,Yes,3,5,20763,3,Nurse,2,4,0,1,1,0,3,16,Single,No
1792620,31,1,1359,No,1,1,16154,1,Other,1,0,0,0,2,0,3,12,Single,Yes
1225271,30,8,4779,No,7,3,12761,3,Nurse,2,2,0,2,4,2,3,14,Divorced,No
1703058,31,9,16422,No,8,3,8847,3,Administrative,4,2,1,0,1,0,4,11,Single,No
1613258,34,10,2996,No,1,4,20284,3,Other,1,3,1,3,4,2,3,14,Divorced,No
1611839,31,1,1261,No,8,1,22262,2,Other,1,0,0,0,1,0,4,12,Single,Yes
1434118,27,6,2099,No,11,5,7679,3,Nurse,1,0,1,4,2,0,4,14,Married,No
1577542,36,10,5810,No,4,10,22604,2,Nurse,2,4,1,8,1,0,2,16,Single,No
1537620,36,11,5647,No,16,3,13494,2,Nurse,2,2,0,2,3,2,2,13,Married,No
1827650,47,17,3420,No,1,6,10205,3,Other,1,5,1,2,1,1,2,12,Married,No
1533398,25,6,4400,No,9,3,15182,2,Other,1,2,2,2,1,0,3,12,Married,Yes
1469983,37,7,3500,No,5,6,25470,4,Nurse,1,5,1,3,3,0,1,14,Single,No
1272818,56,5,2066,No,1,3,10494,3,Other,1,2,1,0,1,1,4,22,Married,No
1174986,47,26,17169,No,2,20,26703,3,Administrative,4,17,5,6,1,2,4,19,Married,No
1259120,24,5,4162,Yes,4,5,15211,3,Nurse,2,4,0,3,4,2,3,12,Married,No
1236111,32,7,9204,No,7,4,23343,3,Nurse,2,3,0,3,4,1,2,12,Married,No
1625621,34,7,3294,No,1,5,3708,2,Nurse,1,4,0,2,4,1,2,17,Married,No
1743607,41,7,2127,Yes,5,4,5561,4,Other,1,2,0,3,2,0,2,12,Married,No
1115072,40,11,3975,No,9,8,23099,3,Nurse,2,7,0,7,3,2,4,11,Divorced,No
1497203,31,13,10793,No,8,13,8386,3,Nurse,3,7,9,9,1,1,3,18,Divorced,No
1821156,46,28,10096,No,9,7,15986,3,Nurse,3,7,4,3,1,1,4,11,Divorced,No
1853035,39,11,3646,Yes,2,1,17181,2,Nurse,1,0,0,0,1,0,4,23,Single,Yes
1549232,31,10,7446,No,1,10,8931,4,Therapist,3,8,4,7,3,0,3,11,Single,No
1211666,45,24,10851,Yes,20,7,19863,1,Nurse,3,7,0,7,2,1,3,18,Divorced,No
1214806,31,8,2109,No,8,3,24609,4,Other,1,2,0,2,4,0,3,18,Single,No
1355585,31,7,3722,Yes,2,2,21081,3,Nurse,1,2,2,2,2,1,1,13,Married,Yes
1341233,45,10,9380,Yes,29,3,14720,3,Therapist,3,1,1,2,2,2,4,18,Married,No
1203781,48,15,5486,No,7,2,24795,3,Nurse,2,2,2,2,3,3,3,11,Divorced,No
1234542,34,2,2742,No,9,2,3072,3,Other,1,2,2,2,1,0,3,15,Married,No
1282478,40,16,13757,No,8,9,25178,2,Administrative,3,8,4,8,4,1,3,11,Divorced,No
1488687,28,6,8463,No,5,5,23490,3,Nurse,2,4,1,3,4,0,3,18,Single,No
1520049,44,7,3162,No,5,5,7973,2,Nurse,1,2,0,3,3,0,3,14,Single,No
1811254,53,35,16598,No,2,9,19764,4,Administrative,4,8,8,8,4,0,2,12,Single,No
1028391,49,20,6651,No,5,3,21534,3,Nurse,2,2,1,2,1,1,2,14,Married,No
1759045,40,8,2345,No,2,3,8045,3,Other,1,1,1,2,3,1,4,14,Divorced,No
1613858,44,6,3420,No,20,5,21158,3,Other,1,2,1,3,4,0,2,13,Single,No
1317016,33,5,4373,No,7,4,17456,3,Nurse,2,3,0,3,4,2,3,14,Married,No
1364493,34,15,4759,No,3,13,15891,1,Nurse,2,9,3,12,4,0,3,18,Single,No
1477875,30,4,5301,No,16,2,2939,3,Nurse,2,1,2,2,4,2,2,15,Married,No
1439547,42,12,3673,No,9,12,16458,3,Nurse,1,9,5,8,1,0,3,13,Single,No
1869891,44,11,4768,No,1,1,9282,3,Nurse,2,0,0,0,1,1,2,12,Married,No
1800991,30,1,1274,No,7,1,7152,3,Other,1,0,0,0,3,2,2,13,Divorced,No
1081412,57,13,4900,No,1,12,2721,4,Other,2,9,2,8,2,1,2,24,Married,No
1705514,49,29,10466,No,7,8,20948,3,Nurse,3,7,0,7,3,2,3,14,Divorced,No
1769488,34,16,17007,No,15,14,11929,3,Administrative,4,8,6,9,2,2,2,14,Divorced,No
1678672,28,5,2909,No,1,3,15747,3,Other,1,2,1,2,1,1,4,15,Married,No
1472943,29,7,5765,No,13,5,17485,3,Nurse,2,3,0,0,1,0,1,11,Single,Yes
1817745,34,16,4599,Yes,24,15,7815,2,Nurse,2,9,10,10,1,0,4,23,Single,Yes
1218204,35,1,2404,No,7,1,16192,3,Other,1,0,0,0,4,1,3,13,Married,No
1812838,24,4,3172,Yes,9,0,16998,3,Nurse,1,0,0,0,2,0,2,11,Single,Yes
1384737,24,1,2033,No,13,1,7103,3,Other,1,0,0,0,4,1,3,13,Married,No
1456798,44,16,10209,Yes,2,2,19719,3,Therapist,3,2,2,2,2,0,2,18,Single,No
1075494,29,10,8620,No,19,10,23757,2,Nurse,2,7,0,4,3,2,3,14,Divorced,No
1557335,30,6,2064,No,1,5,15428,3,Other,1,3,1,3,3,1,4,21,Divorced,No
1498617,55,4,4035,Yes,4,3,16143,3,Nurse,2,2,1,2,4,0,3,16,Married,No
1732917,33,8,3838,No,4,5,8192,2,Nurse,1,4,0,2,1,0,3,11,Married,No
1235079,47,11,4591,Yes,14,5,24200,3,Nurse,2,4,1,2,3,1,2,17,Married,No
1473545,28,8,2561,No,2,0,5355,2,Nurse,1,0,0,0,3,0,2,11,Single,Yes
1608433,28,1,1563,No,1,1,12530,2,Other,1,0,0,0,1,1,1,14,Divorced,No
1768732,28,5,4898,No,7,4,11827,3,Nurse,2,2,1,3,3,0,3,14,Single,No
1255286,49,10,4789,No,3,3,23070,2,Nurse,2,2,1,2,3,1,3,25,Married,No
1476766,29,4,3180,No,2,3,4668,3,Nurse,1,2,0,2,4,3,3,13,Married,No
1503842,28,8,6549,No,29,8,3173,1,Therapist,2,6,1,7,3,2,2,14,Married,No
1285005,33,14,6388,Yes,8,0,22049,3,Nurse,2,0,0,0,4,0,3,17,Single,No
1700420,32,10,11244,No,10,5,21072,3,Other,3,2,0,0,3,0,4,25,Single,No
1787068,54,26,16032,No,11,14,24456,3,Other,4,9,1,12,2,1,3,20,Divorced,No
1512296,29,11,2362,No,1,9,7568,2,Other,1,7,0,7,1,0,1,13,Single,Yes
1225168,44,24,16328,No,28,20,22074,3,Administrative,4,6,14,17,4,1,4,13,Married,No
1185178,39,9,8376,No,6,2,9150,3,Therapist,3,0,2,2,2,0,3,18,Single,No
1791733,46,23,16606,No,3,13,11380,3,Administrative,4,12,5,1,3,1,4,12,Married,No
1445455,35,11,8606,No,16,11,21195,2,Nurse,3,8,3,3,4,0,1,19,Single,No
1225098,23,5,2272,No,20,4,24812,3,Nurse,2,3,1,2,1,0,3,14,Single,No
1161882,40,15,2018,No,9,5,21831,3,Nurse,1,4,1,0,4,0,1,14,Single,Yes
1130650,34,10,7083,Yes,1,10,12288,2,Nurse,3,9,8,6,4,0,3,14,Married,No
1827679,31,7,4084,No,3,7,4156,3,Other,1,2,7,7,4,0,1,12,Single,Yes
1385384,50,32,14411,Yes,22,32,24450,1,Administrative,4,6,13,9,3,0,3,13,Single,No
1489531,34,12,2308,Yes,7,11,4944,3,Other,1,10,5,7,2,1,3,25,Married,No
1879823,42,4,4841,No,2,1,24052,2,Nurse,1,0,0,0,3,1,3,14,Married,No
1072437,37,10,4285,No,13,10,3031,3,Other,2,8,3,7,1,0,3,17,Married,No
1685917,29,9,9715,No,8,7,7288,1,Nurse,2,7,0,7,3,1,3,13,Married,No
1144941,33,5,4320,No,25,5,24152,2,Therapist,2,3,0,2,4,0,3,13,Single,No
1520707,45,8,2132,No,28,5,4585,3,Other,1,4,0,3,4,1,3,20,Married,No
1655596,42,24,10124,Yes,2,20,18611,3,Nurse,3,8,13,9,4,1,1,14,Married,No
1582511,40,9,5473,No,9,8,19345,3,Nurse,2,4,7,1,1,0,4,12,Married,No
1040101,33,15,5207,Yes,28,15,22949,3,Nurse,2,14,5,7,2,1,3,12,Married,No
1795482,40,21,16437,Yes,6,21,17381,3,Administrative,4,7,7,7,3,0,3,21,Single,No
1487869,24,2,2296,No,21,1,10036,2,Nurse,1,1,0,0,3,3,3,14,Divorced,No
1757748,40,8,4069,Yes,8,2,8841,3,Nurse,2,2,2,2,4,0,3,18,Divorced,No
1044155,45,10,7441,No,1,10,20933,3,Nurse,3,8,7,7,1,3,3,12,Divorced,No
1751058,35,6,2430,No,28,5,26204,2,Other,1,3,4,2,2,2,3,23,Married,No
1800789,32,12,5878,No,5,7,15624,2,Other,2,1,2,5,4,1,3,12,Married,No
1258148,36,7,2644,Yes,2,3,17001,3,Other,1,2,1,2,3,0,2,21,Single,No
1120429,48,18,6439,No,16,8,13693,3,Nurse,2,7,7,7,3,1,3,14,Divorced,No
1604996,29,5,2451,No,9,1,22376,4,Other,1,0,0,0,3,2,2,18,Married,No
1152504,33,8,6392,No,8,2,10589,3,Nurse,2,2,2,2,1,1,1,13,Married,No
1093589,30,10,9714,No,1,10,5323,2,Nurse,2,8,6,7,2,1,3,11,Married,No
1152723,38,10,6077,No,10,6,14814,3,Other,2,3,1,2,3,0,3,11,Married,No
1561423,35,3,2450,No,1,3,21731,2,Nurse,1,0,1,2,4,0,3,19,Single,No
1603233,30,9,9250,No,29,4,17799,3,Nurse,3,2,1,3,3,1,3,12,Married,No
1286513,35,1,2074,Yes,2,1,26619,3,Nurse,1,0,0,0,1,1,3,12,Divorced,Yes
1313838,53,34,10169,No,2,33,14618,2,Therapist,3,7,1,9,3,1,3,16,Married,No
1819647,38,7,4855,No,2,5,7653,3,Therapist,2,2,1,4,3,2,3,11,Married,No
1316836,32,9,4087,No,1,6,25174,3,Other,2,5,1,2,4,1,2,14,Married,No
1595159,48,10,2367,No,15,8,16530,3,Other,1,2,7,6,3,1,2,12,Married,No
1679356,34,1,2972,No,7,1,22061,3,Other,1,0,0,0,1,0,1,13,Single,No
1729981,55,36,19586,No,26,36,23037,2,Administrative,5,6,2,13,3,1,3,21,Married,No
1597323,34,9,5484,No,1,2,13008,3,Other,2,2,2,1,2,1,2,17,Married,No
1765716,26,1,2061,No,3,1,11133,3,Other,1,0,0,0,1,0,3,21,Married,No
1573518,38,10,9924,No,14,9,12355,3,Nurse,2,8,7,7,3,1,3,11,Married,No
1755222,38,8,4198,No,16,3,16379,3,Nurse,2,2,1,2,2,0,4,12,Single,No
1689960,36,15,6815,No,1,1,21447,3,Nurse,2,0,0,0,2,0,3,13,Single,No
1321308,29,10,4723,Yes,3,10,16213,3,Nurse,1,9,1,5,2,0,3,18,Single,No
1261502,35,10,6142,Yes,10,5,4223,3,Nurse,2,2,0,4,1,0,3,16,Single,No
1041532,39,11,8237,No,6,7,4658,4,Nurse,3,6,7,6,4,1,3,11,Married,No
1828789,29,6,8853,No,2,6,24483,3,Nurse,2,4,1,3,1,1,4,19,Divorced,No
1638427,50,27,19331,Yes,9,1,19519,3,Administrative,5,0,0,0,3,1,3,16,Married,No
1788553,23,4,2073,No,10,2,12826,4,Other,1,2,2,2,4,1,3,16,Married,No
1599847,36,9,5562,Yes,6,3,19711,4,Nurse,2,2,0,2,1,1,3,13,Married,No
1856176,42,24,19613,No,9,1,26362,2,Other,5,0,0,1,4,0,3,22,Single,No
1106946,35,10,3407,No,28,10,25348,4,Nurse,2,9,6,8,2,2,2,17,Married,No
1866800,34,8,5063,No,10,8,15332,2,Nurse,2,2,7,7,4,1,2,14,Married,No
1492385,40,5,4639,No,14,5,11262,3,Nurse,2,4,1,2,4,1,3,15,Married,No
1463621,43,8,4876,No,27,6,5855,4,Nurse,1,4,0,2,4,1,3,12,Divorced,No
1562191,35,1,2690,No,7,1,7713,2,Nurse,1,0,0,1,3,1,2,18,Married,No
1801915,46,27,17567,No,1,26,3156,4,Administrative,4,0,0,12,4,0,1,15,Single,No
1064286,28,1,2408,Yes,24,1,7324,3,Nurse,1,1,0,0,3,3,3,17,Married,Yes
1494533,22,4,2814,Yes,26,4,10293,2,Other,1,2,1,3,2,0,2,14,Married,Yes
1618456,50,32,11245,Yes,20,30,20689,3,Nurse,4,8,12,13,2,1,3,15,Married,No
1072876,32,6,3312,No,5,3,18783,4,Other,1,2,0,2,2,2,3,17,Married,No
1393835,44,23,19049,Yes,7,22,3549,3,Administrative,5,7,1,10,2,1,2,14,Divorced,No
1466602,30,6,2141,No,7,6,5348,2,Other,1,4,1,1,2,1,2,12,Married,No
1135463,45,10,5769,Yes,5,10,23447,1,Nurse,2,7,1,4,3,0,3,14,Single,No
1792202,45,10,4385,No,26,10,24162,2,Nurse,2,7,4,5,1,1,3,15,Married,No
1428612,31,10,5332,No,2,5,21602,3,Nurse,2,2,0,3,4,0,3,13,Single,No
1831818,36,7,4663,Yes,12,3,12421,3,Therapist,2,2,1,1,3,2,3,12,Married,No
1624104,34,9,4724,No,10,9,17000,4,Therapist,2,7,7,2,3,1,3,13,Divorced,No
1594457,49,10,3211,No,25,9,22102,3,Nurse,1,6,1,4,3,1,2,14,Married,No
1871083,39,10,5377,No,10,7,3835,3,Therapist,2,7,7,7,2,3,3,13,Married,No
1448152,27,7,4066,No,19,7,16290,2,Nurse,1,7,0,7,4,2,3,11,Divorced,No
1577752,35,16,5208,No,18,16,26312,4,Other,2,15,1,10,2,0,3,11,Married,No
1475967,28,6,4877,No,27,5,20460,1,Therapist,2,3,0,0,2,1,2,21,Divorced,No
1797790,21,3,3117,No,5,2,26009,3,Other,1,2,2,2,3,0,3,18,Single,No
1741354,18,0,1569,Yes,3,0,18420,3,Other,1,0,0,0,2,0,4,12,Single,Yes
1665873,47,27,19658,No,26,5,5220,3,Administrative,5,2,1,0,4,1,3,11,Married,No
1604086,39,11,3069,No,3,10,10302,2,Nurse,2,8,0,7,3,1,3,15,Divorced,No
1687357,40,18,10435,No,15,18,25800,2,Therapist,3,15,14,12,1,2,3,13,Married,No
1645854,35,15,4148,No,8,14,12250,3,Nurse,2,11,2,9,3,1,3,12,Married,No
1693873,37,9,5768,No,19,4,26493,3,Therapist,2,3,0,2,3,3,2,17,Married,No
1032199,39,10,5042,No,4,9,3140,3,Therapist,2,2,3,8,1,0,1,13,Single,No
1646893,45,10,5770,No,2,10,5388,2,Therapist,2,7,3,9,4,2,3,19,Divorced,No
1641732,38,10,7756,Yes,2,5,14199,2,Therapist,3,4,0,2,4,1,4,19,Married,No
1626748,35,15,10306,No,10,13,21530,2,Nurse,3,12,6,0,4,0,3,17,Married,No
1552731,37,8,3936,No,10,8,9953,3,Other,1,4,7,7,2,1,1,11,Married,No
1294986,40,18,7945,Yes,16,4,19948,3,Therapist,3,2,3,3,3,0,2,15,Single,No
1219188,44,14,5743,Yes,1,10,10503,3,Other,2,7,0,2,1,0,3,11,Married,No
1533221,48,23,15202,No,4,2,5602,2,Other,4,2,2,2,3,1,3,25,Married,No
1107055,35,7,5440,Yes,15,2,22098,1,Nurse,2,2,2,2,1,2,2,14,Divorced,Yes
1644021,24,6,3760,Yes,2,6,17218,3,Other,1,3,1,3,1,0,3,13,Single,Yes
1236753,27,5,3517,No,8,3,22490,4,Other,1,2,0,2,2,0,3,17,Married,No
1731640,27,6,2580,No,2,4,6297,3,Other,1,2,1,2,4,0,2,13,Single,No
1883424,40,10,2166,Yes,7,4,3339,3,Nurse,1,2,0,3,1,0,1,14,Single,Yes
1202416,29,8,5869,No,10,5,23413,2,Nurse,2,2,1,4,3,0,3,11,Single,No
1088912,36,9,8008,No,5,3,22792,3,Nurse,3,2,0,2,2,2,3,12,Married,No
1605956,25,7,5206,No,2,7,4973,4,Therapist,2,7,0,7,4,2,3,17,Divorced,No
1505937,39,7,5295,No,12,5,7693,3,Therapist,2,4,1,0,4,0,3,21,Married,No
1399370,49,27,16413,No,22,4,3498,3,Administrative,4,2,1,2,1,2,3,16,Married,No
1761884,50,19,13269,No,17,14,21981,2,Administrative,3,11,1,11,4,3,3,15,Divorced,No
1769167,20,2,2783,No,2,2,13251,3,Other,1,2,2,2,3,0,3,19,Single,No
1547090,34,11,5433,No,3,11,19332,3,Other,2,8,7,9,4,1,3,12,Divorced,No
1246015,36,15,2013,No,7,4,10950,3,Nurse,1,3,1,3,1,0,3,11,Single,No
1254079,49,30,13966,Yes,6,15,11652,2,Nurse,4,11,2,12,3,1,3,19,Married,No
1860095,36,4,4374,No,1,3,15411,2,Therapist,2,2,1,2,4,0,3,15,Married,No
1602610,36,13,6842,No,3,5,26308,4,Nurse,2,4,0,4,4,1,3,20,Divorced,No
1364047,54,36,17426,No,22,10,18685,3,Other,4,8,4,7,2,1,3,25,Married,No
1872403,43,14,17603,No,15,14,3525,2,Administrative,4,10,6,11,3,1,3,24,Married,No
1705436,35,13,4581,Yes,12,11,10414,3,Nurse,2,9,6,7,4,0,4,24,Single,No
1607161,38,19,4735,No,1,13,9867,3,Other,2,11,2,9,4,2,4,15,Married,No
1706059,29,10,4187,Yes,5,10,3356,2,Nurse,2,0,0,9,1,1,2,13,Divorced,No
1574111,33,6,5505,No,2,6,3921,3,Nurse,2,2,0,4,4,2,3,14,Divorced,No
1200755,32,10,5470,No,2,9,25518,3,Other,2,5,1,6,4,2,2,13,Divorced,No
1068460,31,10,5476,No,5,10,22589,3,Nurse,2,0,0,2,1,2,3,11,Married,No
1796122,49,17,2587,Yes,16,2,24941,3,Nurse,1,2,2,2,4,1,2,16,Divorced,No
1728347,38,4,2440,No,2,4,23826,2,Nurse,1,3,3,3,4,0,3,22,Single,No
1817017,47,29,15972,No,2,3,21086,4,Administrative,4,2,1,2,2,3,3,14,Divorced,No
1400072,49,23,15379,No,1,8,22384,3,Other,4,7,0,0,3,0,3,14,Single,No
1349913,41,21,7082,Yes,23,2,11591,3,Nurse,3,0,0,2,4,0,3,16,Single,No
1119867,20,2,2728,No,9,2,21082,3,Other,1,2,0,2,4,0,3,11,Single,No
1060815,33,7,5368,Yes,16,6,16130,3,Nurse,2,5,1,2,3,1,3,25,Divorced,No
1097742,36,10,5347,No,26,3,7419,3,Nurse,2,2,0,2,1,2,2,14,Married,No
1711206,44,8,3195,Yes,1,2,4167,3,Other,1,2,2,2,3,3,3,18,Divorced,No
1082389,23,5,3989,Yes,8,5,20586,2,Nurse,1,4,1,2,4,0,3,11,Single,Yes
1588527,38,7,3306,No,4,0,26176,3,Nurse,1,0,0,0,4,1,2,19,Married,No
1590426,53,11,7005,No,24,4,3458,4,Nurse,3,3,1,2,2,0,3,15,Married,No
1425001,48,19,2655,Yes,7,9,11740,3,Other,1,7,7,7,4,2,3,11,Married,No
1609527,32,1,1393,No,2,1,24852,3,Nurse,1,0,0,0,4,0,3,12,Single,No
1366639,26,7,2570,No,7,7,11925,3,Nurse,1,7,5,7,4,0,3,20,Single,No
1270535,55,8,3537,No,22,4,23737,2,Other,1,2,1,2,1,1,3,12,Divorced,No
1826482,34,15,3986,No,5,15,11912,2,Nurse,2,10,4,13,2,1,4,14,Married,No
1718662,60,19,10883,No,1,1,20467,1,Nurse,3,0,0,0,3,1,4,20,Divorced,No
1248055,33,14,2028,No,21,14,13637,4,Nurse,1,11,2,13,2,3,3,18,Married,No
1430170,37,6,9525,No,1,6,7677,1,Nurse,2,3,1,3,3,2,2,14,Divorced,No
1830378,34,10,2929,No,19,10,20338,2,Other,1,9,8,7,2,0,3,12,Married,No
1810874,23,3,2275,Yes,7,3,25103,3,Other,1,2,0,2,3,1,3,21,Divorced,No
1287552,44,9,7879,Yes,2,8,14810,4,Nurse,3,7,6,7,3,1,3,19,Married,No
1432173,35,6,4930,Yes,2,5,13970,2,Other,1,4,1,4,1,0,4,14,Single,No
1499458,43,10,7847,Yes,2,10,6069,3,Nurse,2,9,8,8,4,1,3,17,Married,No
1622897,24,5,4401,No,9,5,17616,4,Other,1,3,0,4,3,1,3,16,Married,No
1374267,41,10,9241,No,6,10,15869,3,Nurse,3,8,8,7,4,0,3,12,Single,No
1125172,29,9,2974,No,9,5,25412,3,Nurse,1,3,1,2,4,1,3,17,Married,No
1569964,36,17,4502,No,2,13,7439,3,Other,2,7,6,7,3,0,2,15,Single,No
1689576,45,25,10748,No,1,23,3395,2,Nurse,3,15,14,4,3,1,2,23,Married,No
1297488,24,1,1555,No,22,1,11585,1,Other,1,0,0,0,4,1,3,11,Married,Yes
1675357,47,25,12936,No,9,23,24164,1,Nurse,4,5,14,10,3,0,1,11,Married,Yes
1704363,26,3,2305,No,17,3,6217,1,Nurse,1,2,0,2,4,3,4,15,Married,No
1554897,45,21,16704,No,28,21,17119,2,Administrative,4,6,8,6,4,0,3,11,Single,No
1430466,32,10,3433,No,10,5,17360,3,Other,1,2,1,3,1,1,2,13,Married,No
1205920,31,6,3477,No,2,5,18103,3,Nurse,1,2,0,3,2,1,4,14,Married,No
1702718,41,10,6430,No,4,3,20794,1,Other,2,2,1,2,3,1,3,19,Married,No
1417199,40,18,6516,Yes,8,1,5041,3,Therapist,2,0,0,0,2,1,3,16,Married,No
1078051,24,6,3907,No,29,6,3622,3,Nurse,1,2,1,2,2,3,4,13,Divorced,No
1146326,46,19,5562,No,13,10,9697,3,Nurse,2,7,0,9,3,0,3,14,Single,No
1044017,35,17,6883,No,27,7,5151,3,Therapist,2,7,0,7,4,1,3,16,Married,No
1294406,30,10,2862,No,16,10,3811,3,Other,1,0,0,8,2,1,2,12,Married,No
1280706,47,4,4978,No,2,1,3536,3,Nurse,2,0,0,0,3,1,1,11,Married,No
1488805,46,13,10368,Yes,2,10,5596,3,Nurse,3,6,0,3,3,1,2,12,Divorced,No
1315940,36,16,6134,Yes,13,2,8658,2,Nurse,2,2,2,2,2,3,3,13,Divorced,No
1878824,32,10,6735,No,1,0,12147,1,Nurse,2,0,0,0,1,0,3,15,Single,Yes
1658260,23,3,3295,No,4,3,12862,3,Nurse,1,2,1,2,3,0,1,13,Single,No
1246363,31,9,5238,No,24,5,6670,3,Therapist,2,4,1,4,4,0,2,20,Single,No
1360469,39,9,6472,Yes,1,9,8989,3,Nurse,2,8,5,8,4,1,3,15,Married,No
1412303,32,10,9610,No,19,4,3840,1,Nurse,3,3,0,2,4,1,1,13,Married,No
1360714,40,21,19833,No,7,21,4349,3,Administrative,5,8,12,8,2,0,2,14,Single,No
1383815,45,9,9756,No,4,5,6595,1,Other,3,0,0,3,3,2,4,21,Married,No
1620383,30,10,4968,No,2,9,26427,2,Other,1,7,0,7,4,0,3,16,Single,No
1377529,24,3,2145,No,10,2,2097,3,Other,1,2,2,1,1,1,3,14,Married,No
1828538,30,6,2180,No,8,4,9732,2,Other,1,2,1,2,3,1,2,11,Divorced,Yes
1692811,31,6,8346,No,5,5,20943,3,Nurse,2,2,0,2,1,1,3,19,Married,No
1030937,27,6,3445,No,8,6,6152,3,Other,1,2,1,4,3,0,2,11,Single,No
1838448,29,2,2760,No,9,2,14630,1,Other,1,2,2,2,2,0,3,13,Single,Yes
1176037,29,10,6294,Yes,1,3,23060,4,Nurse,2,2,0,2,4,0,4,12,Single,No
1764157,30,12,7140,No,15,7,3088,2,Nurse,3,7,1,7,3,1,3,11,Divorced,No
1483732,34,6,2932,Yes,2,5,5586,4,Other,1,0,1,2,4,3,3,14,Married,No
1059340,33,13,5147,No,2,11,10697,3,Nurse,2,7,1,7,4,0,2,15,Single,No
1260966,49,8,4507,No,11,5,8191,3,Nurse,2,1,0,4,4,0,4,12,Single,No
1196870,33,11,8564,Yes,16,0,10092,3,Nurse,3,0,0,0,1,0,2,20,Single,Yes
1434954,38,9,2468,No,2,6,15963,2,Nurse,1,1,0,5,3,1,2,14,Married,No
1872248,31,10,8161,No,16,1,19002,3,Nurse,3,0,0,0,1,3,3,13,Married,Yes
1498457,29,1,2109,No,4,1,10007,2,Other,1,0,0,0,4,1,3,13,Divorced,No
1322097,30,10,5294,No,16,7,9128,4,Nurse,2,0,1,7,3,1,3,16,Married,No
1400783,32,12,2718,No,5,7,17674,3,Other,1,7,0,7,2,0,3,14,Single,No
1511863,38,15,5811,Yes,18,1,24539,1,Nurse,2,0,1,0,2,1,3,16,Married,No
1581569,43,6,2437,Yes,17,1,15587,2,Other,1,0,0,0,3,1,3,16,Married,Yes
1628396,42,7,2766,No,12,5,8952,3,Nurse,1,3,0,4,2,3,2,22,Divorced,No
1715321,55,34,19038,No,2,1,19805,2,Administrative,5,0,0,0,3,3,3,12,Married,No
1541808,33,11,3055,No,4,9,6194,3,Other,2,8,1,7,4,2,2,15,Divorced,No
1479918,41,5,2289,No,9,5,20520,3,Nurse,1,3,0,4,3,2,3,20,Divorced,No
1404955,34,15,4001,Yes,10,15,12313,3,Nurse,2,14,0,7,4,1,3,14,Divorced,No
1473417,53,27,12965,Yes,1,3,22308,2,Therapist,4,2,0,2,1,3,2,20,Married,No
1778124,43,10,3539,No,2,9,5033,3,Other,1,7,1,8,2,0,3,13,Single,No
1143717,34,6,6029,No,3,2,25353,1,Nurse,2,2,2,2,4,0,3,12,Single,No
1193818,21,1,2679,No,7,1,4567,3,Other,1,0,1,0,2,0,3,13,Single,Yes
1795187,38,5,3702,No,6,5,16376,2,Nurse,1,4,0,4,4,1,3,11,Married,No
1241701,22,1,2398,Yes,8,1,15999,3,Nurse,1,0,0,0,3,0,3,17,Married,Yes
1729178,31,13,5468,No,29,12,13402,2,Nurse,2,7,5,7,1,2,3,14,Married,No
1612699,51,15,13116,No,3,2,22984,3,Other,3,2,2,2,1,0,3,11,Married,No
1880660,37,5,4189,No,9,5,8800,2,Nurse,2,2,0,3,2,2,3,14,Married,No
1275366,46,24,19328,Yes,2,2,14218,3,Administrative,5,1,2,2,3,1,3,17,Divorced,No
1377582,36,15,8321,Yes,10,12,25949,3,Nurse,3,8,5,7,4,1,3,13,Married,No
1590795,44,6,2342,Yes,1,5,11092,3,Other,1,3,2,3,3,3,2,12,Divorced,No
1554560,37,19,4071,No,8,10,12832,3,Other,2,0,4,7,3,0,2,13,Divorced,No
1563500,35,10,5813,Yes,27,10,13492,3,Nurse,2,7,7,7,3,0,3,18,Single,Yes
1287606,33,14,3143,No,8,10,6076,4,Other,1,8,7,6,4,1,3,19,Married,No
1395052,28,5,2044,No,1,5,5531,3,Other,1,3,0,3,3,1,4,11,Married,No
1692699,39,9,13464,No,10,4,7914,3,Administrative,3,3,2,2,3,0,3,21,Single,No
1691971,46,6,7991,No,26,2,25166,2,Nurse,2,2,2,2,2,0,3,15,Single,No
1048578,40,7,3377,No,2,4,25605,3,Nurse,1,3,0,2,3,1,2,17,Married,No
1874111,42,10,5538,No,13,0,5696,4,Nurse,2,0,0,0,2,2,2,18,Married,No
1083173,35,15,5762,No,2,7,24442,3,Therapist,2,7,1,7,2,1,3,14,Divorced,No
1819347,38,13,2592,No,2,11,7129,3,Other,1,10,3,8,1,3,3,13,Divorced,No
1645963,34,11,5346,No,9,7,6208,3,Nurse,2,1,0,7,4,1,2,17,Married,No
1174838,37,10,4213,No,10,10,4992,3,Therapist,2,3,0,8,4,0,1,15,Single,No
1751502,39,7,4127,No,20,2,19188,3,Nurse,2,1,2,2,3,1,3,18,Divorced,No
1117560,43,7,2438,No,9,3,24978,3,Other,1,2,1,2,1,0,2,13,Single,No
1206981,41,11,6870,No,5,3,15530,4,Nurse,2,2,1,2,2,0,1,12,Single,No
1711876,41,23,10447,Yes,4,22,26458,3,Nurse,3,14,13,5,3,1,4,13,Divorced,No
1366196,30,9,9667,No,10,7,2739,3,Therapist,3,7,0,2,1,0,3,14,Single,No
1347924,26,6,2148,Yes,20,5,6889,3,Other,1,1,1,4,4,0,3,11,Married,No
1140520,46,13,8926,No,21,9,10842,3,Nurse,2,7,3,7,4,1,4,22,Married,No
1187455,40,12,6513,No,1,5,9060,3,Nurse,2,3,0,3,3,1,3,17,Divorced,No
1645498,34,10,6799,No,8,10,22128,4,Nurse,2,8,4,8,2,2,3,21,Married,No
1382530,58,37,16291,No,2,16,22577,3,Administrative,4,9,14,14,2,1,2,22,Divorced,No
1682292,35,6,2705,No,23,5,9696,1,Nurse,1,4,0,3,2,1,4,16,Married,No
1602874,47,28,10333,Yes,4,22,19271,2,Therapist,3,11,14,10,3,1,3,12,Divorced,No
1154770,40,15,4448,No,12,7,10748,3,Nurse,2,4,7,7,2,1,3,12,Divorced,No
1051875,54,14,6854,No,7,7,15696,3,Other,2,1,1,7,4,1,2,15,Married,No
1834180,31,9,9637,No,7,3,8277,3,Nurse,3,2,2,2,1,2,3,14,Married,No
1564192,28,3,3591,No,1,3,12719,3,Other,1,2,1,2,3,1,3,25,Married,No
1802154,38,20,5405,Yes,2,4,4244,1,Other,2,2,0,3,2,2,2,20,Married,No
1207662,26,5,4684,No,10,5,9125,3,Nurse,2,3,1,2,3,0,3,13,Single,No
1072716,58,23,15787,Yes,15,2,21624,3,Administrative,4,2,2,2,1,0,3,14,Married,No
1086016,18,0,1514,No,14,0,8018,3,Other,1,0,0,0,2,0,1,16,Single,Yes
1552861,31,2,2956,No,18,1,21495,4,Other,1,0,0,0,4,0,3,17,Married,No
1235468,29,4,2335,Yes,13,2,3157,2,Other,1,2,2,0,1,3,3,15,Divorced,Yes
1281331,45,10,5154,No,2,8,19665,3,Nurse,2,7,5,7,3,2,4,22,Married,No
1220488,36,15,6962,Yes,2,1,19573,3,Other,2,0,0,0,4,1,3,22,Married,No
1113271,43,7,5675,No,2,7,19246,3,Nurse,2,7,7,7,1,1,3,20,Married,No
1152978,27,6,2379,Yes,5,5,19826,3,Nurse,1,4,0,2,4,0,2,14,Single,No
1871070,29,11,3812,No,20,11,7003,3,Nurse,1,8,3,10,4,0,4,13,Married,No
1687721,32,4,4648,No,10,0,26075,3,Nurse,2,0,0,0,4,0,4,13,Single,No
1031664,42,10,2936,No,10,6,6161,3,Other,1,3,3,3,3,2,2,22,Married,No
1402268,47,7,2105,No,9,2,5411,3,Nurse,1,2,2,0,2,0,3,12,Single,No
1601963,46,12,8578,No,2,9,19989,3,Therapist,3,8,4,7,4,1,2,14,Divorced,No
1777794,28,3,2706,No,1,3,10494,3,Other,1,2,2,2,3,1,3,15,Divorced,No
1510809,29,11,6384,No,29,7,21143,1,Nurse,2,0,1,6,4,2,3,17,Divorced,No
1676403,42,8,3968,No,8,0,13624,3,Nurse,1,0,0,0,4,0,3,13,Single,No
1458226,32,7,9907,Yes,2,2,26186,2,Nurse,2,2,2,2,3,0,2,12,Single,Yes
1442296,46,25,13225,No,3,19,7739,4,Nurse,4,17,2,8,1,1,3,12,Divorced,No
1469297,27,9,3540,No,23,9,7018,2,Other,2,8,5,8,2,1,3,21,Married,No
1701157,29,1,2804,No,6,1,15434,2,Other,1,0,0,0,4,0,3,11,Married,No
1141899,43,21,19392,No,6,16,22539,2,Administrative,5,12,6,14,1,0,3,13,Married,No
1866815,48,29,19665,No,10,22,13583,2,Administrative,5,10,12,9,4,0,3,12,Married,No
1329673,29,1,2439,Yes,24,1,14753,2,Other,1,0,1,0,4,0,2,24,Single,Yes
1775838,46,14,7314,No,10,8,14011,3,Nurse,3,7,0,7,3,3,3,21,Married,No
1575047,27,8,4774,No,15,7,23844,2,Other,1,6,7,3,4,1,2,19,Married,No
1049997,39,7,3902,No,19,2,5141,3,Other,2,2,2,2,4,3,3,14,Divorced,No
1766213,55,19,2662,No,2,5,7975,2,Other,1,2,0,4,2,1,4,20,Married,No
1544113,28,1,2856,No,3,1,3692,3,Other,1,0,0,0,2,1,3,19,Married,No
1609966,30,1,1081,No,9,1,16019,3,Other,1,0,0,0,2,0,2,13,Single,Yes
1242148,22,1,2472,Yes,7,1,26092,3,Other,1,0,0,0,4,0,3,23,Single,Yes
1494882,36,10,5673,Yes,10,10,6060,2,Nurse,2,9,1,7,2,1,3,13,Married,No
1450163,31,10,4197,No,20,10,18624,3,Nurse,2,8,0,2,2,1,3,11,Divorced,No
1104040,34,9,9713,Yes,4,5,24444,3,Nurse,3,3,1,0,3,3,3,13,Married,No
1879233,29,11,2062,No,7,3,19384,3,Nurse,1,2,1,2,4,0,3,14,Single,No
1878518,37,16,4284,Yes,7,5,13588,3,Other,2,3,0,4,4,1,3,22,Married,No
1694441,35,4,4788,Yes,16,3,25388,2,Therapist,2,2,0,2,4,0,3,11,Married,No
1608760,45,10,5906,No,25,9,23888,2,Therapist,2,8,3,8,2,2,2,13,Married,No
1357691,36,10,3886,No,2,10,4223,2,Other,2,1,0,8,2,0,2,21,Single,No
1551391,40,22,16823,No,1,19,18991,3,Administrative,4,7,11,16,1,1,3,11,Divorced,No
1419575,26,1,2933,Yes,1,1,14908,2,Other,1,0,1,0,2,1,2,13,Married,No
1620257,48,24,17174,No,22,22,2437,3,Administrative,4,17,4,7,4,1,3,11,Divorced,No
1662166,44,10,5033,No,1,2,9364,4,Nurse,2,0,2,2,2,1,3,15,Married,No
1738269,34,5,2307,Yes,16,5,14460,1,Other,1,2,3,0,4,1,3,23,Married,Yes
1557030,56,5,2587,No,24,4,10261,3,Nurse,1,2,1,0,1,0,3,16,Single,Yes
1153641,36,12,5507,No,17,4,16822,2,Nurse,2,2,1,3,3,2,1,16,Married,No
1448030,41,14,4393,No,8,5,26841,3,Nurse,2,4,1,4,3,1,3,21,Married,No
1804573,42,18,13348,No,6,13,14842,3,Administrative,3,7,5,7,3,1,4,13,Married,No
1058985,31,8,6583,Yes,10,5,20115,3,Nurse,2,2,1,4,3,1,3,11,Divorced,No
1674974,34,9,8103,Yes,3,4,16495,2,Nurse,2,2,0,1,4,0,2,12,Married,No
1408618,31,4,3978,No,4,2,16031,4,Nurse,1,2,2,2,1,1,2,12,Divorced,No
1670932,26,8,2544,No,6,7,7102,4,Nurse,1,7,7,7,3,1,3,18,Married,No
1808720,45,12,5399,No,1,4,14511,3,Nurse,2,2,0,3,2,0,3,12,Single,No
1228157,33,10,5487,No,10,10,10410,3,Nurse,2,4,0,9,2,0,2,14,Single,No
1355281,28,7,6834,Yes,1,7,19255,2,Nurse,2,7,0,7,3,1,3,12,Married,No
1745305,29,1,1091,No,24,1,10642,4,Other,1,0,0,0,3,0,3,17,Single,Yes
1048077,39,10,5736,No,21,3,3987,1,Nurse,2,2,1,2,1,1,3,19,Married,No
1616851,27,6,2226,No,2,5,6073,3,Other,1,3,1,2,2,1,2,11,Married,No
1700476,34,16,5747,Yes,22,15,26496,2,Other,2,10,6,11,3,0,3,15,Married,No
1603368,28,6,9854,Yes,13,2,23352,3,Nurse,2,0,2,2,4,0,3,11,Single,Yes
1775902,47,16,5467,No,14,8,2125,3,Other,2,7,1,7,3,1,4,18,Married,No
1871585,56,6,5380,No,11,0,20328,2,Nurse,2,0,0,0,4,1,3,16,Married,No
1606461,39,10,5151,No,9,10,12315,3,Therapist,2,0,7,9,1,1,3,25,Married,No
1236472,38,20,2133,Yes,8,20,18115,2,Other,2,11,0,7,4,1,3,16,Divorced,No
1058946,58,29,17875,Yes,21,1,11761,3,Administrative,4,0,0,0,4,1,2,13,Married,No
1683886,32,8,2432,Yes,5,4,15318,4,Other,1,1,0,3,1,0,3,14,Single,Yes
1211751,38,10,4771,No,9,5,14293,3,Other,1,2,0,3,2,2,4,19,Divorced,No
1445440,49,28,19161,No,2,5,13738,3,Administrative,5,4,4,3,2,0,3,15,Married,No
1654667,42,14,5087,Yes,12,0,2900,3,Nurse,2,0,0,0,2,2,3,12,Divorced,No
1265759,27,1,2863,No,22,1,19555,2,Other,1,0,0,0,1,0,3,12,Married,Yes
1842922,35,6,5561,No,18,5,15975,3,Nurse,2,3,0,4,2,1,1,16,Married,No
1884938,28,5,2144,No,16,5,2122,3,Other,1,3,1,4,3,0,2,14,Single,No
1252735,31,4,3065,Yes,3,4,3995,3,Other,1,2,2,3,3,1,4,13,Divorced,No
1201616,36,5,2810,No,9,5,9238,4,Nurse,1,4,0,2,1,0,3,22,Married,No
1050457,34,14,9888,No,1,14,6770,3,Nurse,3,8,2,1,1,0,2,21,Single,No
1637651,34,9,8628,No,13,8,22914,3,Nurse,3,7,1,1,4,1,2,18,Divorced,No
1079566,26,8,2867,No,1,7,20006,3,Nurse,1,7,7,6,3,0,2,13,Single,No
1332348,29,6,5373,No,1,5,6225,3,Nurse,2,3,0,2,1,1,2,12,Married,No
1051695,32,9,6667,No,15,5,16542,3,Nurse,2,1,1,2,3,1,3,18,Divorced,No
1154444,31,10,5003,No,1,10,5771,1,Other,2,8,8,7,4,0,3,21,Married,No
1650983,28,6,2367,No,17,4,18779,2,Nurse,1,1,0,3,3,1,2,12,Divorced,No
1130703,38,20,2858,No,1,1,11473,2,Other,1,0,0,0,1,0,2,14,Single,No
1817679,35,10,5204,Yes,7,10,13586,3,Nurse,2,8,0,9,3,0,3,11,Married,No
1092771,27,7,4105,No,9,7,5099,3,Nurse,2,7,0,7,4,0,3,14,Single,No
1356134,32,8,9679,No,5,1,10138,2,Therapist,2,0,0,0,4,0,3,24,Single,No
1370524,31,10,5617,Yes,26,10,21075,3,Nurse,2,7,0,8,1,0,3,11,Married,Yes
1232169,53,15,10448,Yes,24,2,5843,3,Nurse,3,2,2,2,1,0,2,13,Single,Yes
1392392,54,9,2897,No,9,4,22474,3,Other,2,3,2,3,1,2,2,11,Married,No
1309342,33,9,5968,No,7,9,18079,3,Nurse,2,7,2,8,4,3,3,20,Divorced,No
1531422,43,10,7510,No,11,10,16873,3,Nurse,3,9,0,9,1,1,3,17,Married,No
1126582,38,7,2991,Yes,1,6,5224,3,Other,1,2,1,2,4,1,3,11,Married,No
1316742,55,35,19636,Yes,26,10,25811,4,Administrative,5,9,1,4,3,1,3,18,Married,No
1789942,31,1,1129,Yes,2,1,17536,1,Nurse,1,0,0,0,4,3,3,11,Divorced,No
1583381,39,21,13341,No,15,20,25098,3,Nurse,4,8,11,10,2,0,3,12,Single,No
1275198,42,20,4332,No,23,20,14811,2,Other,2,9,3,7,4,0,3,12,Single,No
1378502,31,13,11031,No,10,11,26862,3,Administrative,3,7,4,8,3,1,4,20,Married,No
1553116,54,9,4440,Yes,10,5,25198,3,Therapist,2,2,1,4,3,0,3,19,Single,No
1150538,24,4,4617,No,1,4,14120,2,Nurse,2,3,1,2,2,0,2,12,Single,No
1553133,23,5,2647,No,12,5,13672,3,Nurse,1,2,1,4,4,0,4,13,Single,No
1113801,40,10,6323,No,11,10,26849,3,Nurse,2,9,9,4,4,1,4,11,Married,No
1365691,40,15,5677,No,2,11,4258,3,Nurse,2,8,5,10,2,1,3,14,Married,No
1825860,25,6,2187,No,2,2,19655,3,Other,1,0,1,2,3,0,3,14,Married,No
1820725,30,12,3748,No,1,12,4077,3,Nurse,1,8,1,7,4,0,2,13,Married,No
1515102,25,7,3977,Yes,2,2,7298,3,Nurse,1,2,0,2,4,1,2,19,Divorced,No
1811717,47,25,8633,No,25,17,13084,3,Nurse,3,14,12,11,1,0,3,23,Single,No
1863212,33,1,2008,No,1,1,20439,2,Nurse,1,1,0,0,2,3,2,12,Divorced,No
1677775,38,16,4440,No,1,15,7636,3,Nurse,2,13,5,8,4,2,3,15,Married,No
1593793,31,3,3067,No,2,2,6393,3,Other,1,2,1,2,1,1,3,19,Married,No
1373830,38,10,5321,No,6,8,14284,2,Therapist,2,3,7,7,1,1,3,11,Married,No
1125914,42,9,5410,Yes,18,4,11189,3,Other,2,3,1,2,4,1,2,17,Divorced,No
1519296,41,12,2782,No,1,5,21412,3,Other,1,3,1,0,4,1,3,22,Married,No
1491934,47,14,11957,No,1,13,17231,3,Administrative,3,8,5,12,3,2,1,18,Married,No
1181842,35,5,2660,Yes,11,2,20232,3,Nurse,1,2,2,2,4,1,3,11,Married,No
1221662,22,4,3375,No,1,3,17624,3,Other,1,2,1,2,4,0,4,12,Single,No
1725778,35,10,5098,No,9,10,18698,3,Other,2,7,0,8,2,0,3,19,Single,No
1301790,33,10,4878,Yes,15,9,21653,3,Nurse,2,7,8,1,2,1,3,13,Married,No
1399338,32,6,2837,No,29,6,15919,2,Nurse,1,2,4,1,3,0,3,13,Single,No
1789008,40,8,2406,No,1,1,4060,3,Nurse,1,0,0,0,1,2,2,19,Married,No
1190766,32,3,2269,No,1,2,18024,2,Other,1,2,2,2,2,1,3,14,Married,No
1491312,39,18,4108,No,24,7,5340,3,Other,2,7,1,7,1,0,3,13,Single,No
1708743,38,20,13206,No,10,18,3376,1,Administrative,3,16,1,11,2,1,3,12,Married,No
1435710,32,14,10422,No,1,14,24032,3,Nurse,3,10,5,7,3,2,3,19,Married,No
1332625,37,16,13744,Yes,10,16,15471,4,Administrative,3,11,6,8,3,1,3,25,Married,No
1818407,25,6,4907,Yes,8,5,13684,3,Nurse,2,3,0,4,1,1,2,22,Divorced,No
1251101,52,16,3482,No,29,9,19788,3,Other,1,8,0,0,1,2,2,15,Divorced,No
1433529,44,6,2436,Yes,1,4,13422,3,Other,1,3,1,2,2,0,3,12,Single,No
1859445,21,2,2380,Yes,5,2,25479,3,Other,1,2,1,2,3,0,3,11,Single,Yes
1104512,39,21,19431,No,9,6,15302,3,Administrative,5,0,1,3,4,0,2,13,Single,No
1782969,23,1,1790,No,9,1,26956,3,Other,1,0,1,0,4,1,2,19,Married,Yes
1628827,36,10,7644,No,3,9,12695,2,Nurse,3,7,3,4,1,2,3,19,Married,No
1224144,36,18,5131,No,4,4,9192,3,Therapist,2,2,0,2,4,3,3,13,Divorced,No
1284416,56,13,6306,No,1,13,26236,3,Nurse,2,12,1,9,3,1,2,21,Divorced,No
1191013,29,4,4787,Yes,1,2,26124,3,Other,1,2,2,2,1,3,4,14,Married,Yes
1061493,42,24,18880,No,2,22,17312,3,Administrative,5,6,4,14,1,0,2,11,Married,No
1197297,56,14,2339,No,7,10,3666,3,Nurse,1,9,9,8,4,1,1,11,Married,No
1065630,41,21,13570,No,28,20,5640,2,Therapist,4,7,0,10,1,1,3,23,Married,No
1173552,34,8,6712,No,28,8,8978,2,Nurse,2,7,1,7,4,2,3,21,Married,No
1277240,36,15,5406,No,15,15,10436,1,Nurse,2,12,11,11,4,1,2,24,Divorced,No
1520108,41,14,8938,No,3,5,12227,2,Nurse,2,4,0,4,3,1,3,11,Divorced,No
1707431,32,4,2439,No,2,4,11288,3,Other,1,2,1,2,4,0,3,14,Single,No
1246075,35,9,8837,Yes,26,9,16642,3,Other,3,0,1,7,3,0,3,16,Single,No
1665956,38,10,5343,No,10,10,5982,3,Nurse,2,7,1,9,1,1,3,11,Married,No
1468963,50,12,6728,No,1,6,14255,3,Nurse,2,3,0,1,2,2,3,12,Divorced,No
1457695,36,8,6652,No,11,6,14369,2,Nurse,2,3,0,0,2,1,2,13,Married,No
1043685,45,8,4850,No,20,5,23333,3,Nurse,2,3,0,1,4,0,3,15,Single,No
1336668,40,8,2809,No,2,2,2725,2,Other,1,2,2,2,3,0,3,14,Single,No
1044917,35,10,5689,Yes,18,10,24594,3,Nurse,2,2,0,2,3,2,4,14,Married,No
1758264,40,20,2001,No,2,5,12549,3,Other,1,3,0,2,3,3,3,14,Married,No
1175359,35,4,2977,No,1,4,8952,1,Other,1,3,1,1,3,1,3,12,Married,No
1640979,29,10,4025,Yes,13,4,23679,2,Nurse,2,3,0,3,4,1,3,13,Married,No
1321040,29,5,3785,No,28,5,8489,2,Other,1,4,0,4,4,0,1,14,Single,No
1293237,50,20,10854,Yes,28,3,16586,2,Nurse,3,2,2,0,4,1,3,13,Divorced,Yes
1715801,39,21,12031,No,24,20,8828,2,Nurse,4,9,9,6,2,1,2,11,Married,No
1626443,31,10,9936,No,5,9,3787,3,Therapist,2,4,1,7,2,0,3,19,Single,No
1787925,26,5,2966,No,5,4,21378,2,Other,1,2,0,0,4,0,3,18,Single,No
1444959,36,17,2571,No,23,5,12290,4,Nurse,2,2,0,3,3,1,3,17,Married,No
1196529,39,9,9991,No,6,7,21457,2,Nurse,3,7,1,7,4,1,3,15,Married,No
1417927,27,6,6142,Yes,4,6,5174,4,Therapist,2,2,0,3,2,1,3,20,Married,No
1322645,49,17,5390,No,2,9,13243,2,Nurse,2,6,0,8,4,0,2,14,Married,No
1879510,34,6,4404,No,8,4,10228,4,Nurse,2,3,1,2,2,0,4,12,Married,No
1345828,37,7,5993,No,1,7,2689,2,Therapist,2,5,0,7,1,1,4,18,Divorced,No
1837461,40,21,18041,No,2,20,13022,3,Admin,5,15,1,12,3,0,3,14,Married,No
1720201,45,10,5770,No,2,10,5388,2,Therapist,2,7,3,9,4,2,3,19,Divorced,No
1566303,39,21,12742,No,1,21,7060,2,Therapist,4,6,11,8,4,1,3,16,Married,No
1108233,56,13,6306,No,1,13,26236,3,Other,2,12,1,9,3,1,2,21,Divorced,No
1548714,49,29,10466,No,7,8,20948,3,Other,3,7,0,7,3,2,3,14,Divorced,No
1823206,36,9,8008,No,5,3,22792,3,Other,3,2,0,2,2,2,3,12,Married,No
1464646,38,19,4735,No,1,13,9867,3,Nurse,2,11,2,9,4,2,4,15,Married,No
1118938,53,34,10169,No,2,33,14618,2,Therapist,3,7,1,9,3,1,3,16,Married,No
1266767,36,12,5079,No,8,7,25952,3,Nurse,2,7,0,7,1,2,3,13,Divorced,No
1432515,40,8,4244,No,2,8,9931,4,Other,2,7,3,7,3,1,3,24,Married,No
1440199,24,5,4377,No,17,4,24117,2,Therapist,2,2,3,2,4,2,3,15,Divorced,No
1449468,41,22,19189,No,1,22,19562,2,Admin,5,7,2,10,4,1,3,12,Married,No
1308741,32,10,11159,No,3,7,19373,3,Therapist,3,7,7,7,3,0,3,15,Single,No
1117655,54,36,17779,No,3,10,23474,3,Therapist,4,9,0,9,4,0,3,14,Married,No
1439166,40,15,5677,No,2,11,4258,3,Nurse,2,8,5,10,2,1,3,14,Married,No
1141471,43,14,17603,No,15,14,3525,2,Therapist,4,10,6,11,3,1,3,24,Married,No
1731320,35,15,10274,No,2,7,19588,2,Therapist,3,7,6,4,3,1,4,18,Divorced,No
1697463,58,24,10552,Yes,5,6,9255,2,Other,3,0,0,4,3,1,3,13,Divorced,No
1540491,32,9,4087,No,1,6,25174,3,Nurse,2,5,1,2,4,1,2,14,Married,No
1034607,27,9,7412,No,1,9,6009,3,Therapist,3,7,0,7,3,0,3,11,Married,No
1123123,29,6,6623,Yes,7,6,4204,3,Other,2,0,1,0,3,2,3,11,Divorced,No
1380232,47,29,15972,No,2,3,21086,4,Admin,4,2,1,2,2,3,3,14,Divorced,No
1345928,44,26,18213,No,5,22,8751,3,Admin,5,9,3,10,2,1,3,11,Married,No
1165218,52,5,4258,No,19,4,26589,3,Nurse,1,3,1,2,4,1,3,18,Married,No
1194754,41,14,8938,No,3,5,12227,2,Nurse,2,4,0,4,3,1,3,11,Divorced,No
1162618,34,10,2691,No,1,10,7660,3,Nurse,1,9,8,8,2,1,2,12,Married,No
1661522,39,21,19197,Yes,1,21,8213,3,Admin,5,8,1,6,2,1,3,14,Divorced,No
1469038,42,10,4434,No,29,9,11806,3,Therapist,2,8,7,8,2,1,2,13,Married,No
1026975,50,32,19517,No,1,7,24118,3,Admin,5,0,0,6,4,1,2,11,Divorced,No
1267061,46,7,5258,No,7,1,16044,3,Therapist,2,0,0,0,3,0,4,14,Married,No
1184336,45,8,2654,No,10,2,9655,3,Nurse,1,2,0,2,1,2,2,21,Married,No
1852420,31,10,5476,No,5,10,22589,3,Nurse,2,0,0,2,1,2,3,11,Married,No
1622092,29,10,9980,No,21,10,10195,4,Therapist,3,9,8,8,2,1,3,11,Divorced,No
1870096,41,10,8392,No,1,10,19566,4,Nurse,3,7,0,7,2,1,3,16,Married,No
1288694,38,10,5343,No,10,10,5982,3,Nurse,2,7,1,9,1,1,3,11,Married,No
1354174,53,31,15427,No,2,25,22021,2,Admin,4,8,3,7,1,0,3,16,Married,No
1121812,35,5,4968,No,11,5,18500,3,Nurse,2,2,0,2,4,1,3,11,Divorced,No
1688790,49,30,13966,Yes,6,15,11652,2,Other,4,11,2,12,3,1,3,19,Married,No
1847082,40,18,6516,Yes,8,1,5041,3,Therapist,2,0,0,0,2,1,3,16,Married,No
1137940,46,25,13225,No,3,19,7739,4,Nurse,4,17,2,8,1,1,3,12,Divorced,No
1531743,58,32,19701,Yes,1,9,22456,3,Therapist,5,8,1,5,4,1,3,21,Married,No
1156488,48,23,15202,No,4,2,5602,2,Admin,4,2,2,2,3,1,3,25,Married,No
1578755,29,3,3760,No,1,3,5598,3,Nurse,1,2,1,2,1,3,3,15,Divorced,No
1333885,31,10,5915,No,7,7,9528,3,Nurse,2,7,1,7,4,1,2,22,Divorced,No
1258908,38,8,2821,No,3,2,2997,3,Nurse,1,2,2,2,3,1,3,16,Married,No
1245218,29,6,5373,No,1,5,6225,3,Other,2,3,0,2,1,1,2,12,Married,No
1730370,36,8,4678,No,7,6,23293,3,Nurse,1,2,0,1,2,0,3,18,Single,No
1577435,42,23,17665,No,2,22,14399,3,Admin,4,6,13,7,4,1,3,17,Married,No
1151756,25,4,4851,No,8,3,15678,4,Nurse,2,2,1,2,4,1,3,22,Married,No
1045493,48,25,18265,No,1,1,8733,2,Therapist,5,0,0,0,4,0,4,12,Single,No
1570909,38,10,5321,No,6,8,14284,2,Therapist,2,3,7,7,1,1,3,11,Married,No
1509347,43,8,4522,Yes,8,5,2227,3,Other,2,2,0,2,3,0,3,14,Divorced,No
1217582,53,21,17584,Yes,3,5,21016,3,Therapist,4,3,1,3,3,3,2,16,Married,No
1110329,54,24,19406,No,5,4,8509,3,Therapist,5,2,1,2,1,1,2,11,Married,No
1044146,47,25,8633,No,25,17,13084,3,Other,3,14,12,11,1,0,3,23,Single,No
1865209,31,13,4306,No,7,13,4156,3,Therapist,2,10,3,12,2,1,1,12,Married,No
1548274,23,4,2904,No,26,4,16092,3,Nurse,1,2,0,2,3,2,2,12,Divorced,No
1268816,40,15,6377,No,2,12,13888,4,Other,2,11,11,8,2,3,3,20,Divorced,No
1084927,32,14,10422,No,1,14,24032,3,Nurse,3,10,5,7,3,2,3,19,Married,No
1496230,26,8,5296,No,1,8,20156,3,Nurse,2,7,7,7,3,1,3,17,Married,No
1872979,28,3,2706,No,1,3,10494,3,Other,1,2,2,2,3,1,3,15,Divorced,No
1123429,29,8,4262,No,19,3,22645,3,Therapist,2,2,1,2,4,2,4,12,Divorced,No
1563219,22,4,3375,No,1,3,17624,3,Nurse,1,2,1,2,4,0,4,12,Single,No
1252790,37,10,4285,No,13,10,3031,3,Nurse,2,8,3,7,1,0,3,17,Married,No
1720230,43,22,16064,Yes,16,17,7744,3,Admin,4,13,1,9,4,1,3,22,Married,No
1028734,39,20,10938,No,2,19,6420,3,Other,3,6,11,8,3,0,3,25,Single,No
1365509,33,10,5376,No,1,5,3193,4,Nurse,2,3,1,3,3,2,3,19,Married,No
1825987,34,6,4381,No,2,6,7530,2,Nurse,1,5,1,3,3,0,3,11,Single,No
1269351,39,8,3755,No,8,8,17872,3,Nurse,1,3,0,7,3,1,3,11,Married,No
1495147,31,3,3067,No,2,2,6393,3,Other,1,2,1,2,1,1,3,19,Married,No
1209865,48,14,4051,No,2,9,19658,3,Therapist,2,7,6,7,2,1,3,14,Married,No
1138945,53,33,14275,No,23,12,20206,3,Therapist,4,9,3,8,4,0,3,18,Single,No
1310619,28,5,4221,No,4,5,8863,3,Therapist,2,4,0,4,2,0,4,15,Married,No
1225300,45,22,16792,No,2,20,20462,2,Admin,4,8,11,8,1,1,3,23,Married,No
1885928,29,10,5056,Yes,8,10,17689,2,Therapist,2,7,1,2,2,1,2,15,Married,No
1213922,34,8,6712,No,28,8,8978,2,Therapist,2,7,1,7,4,2,3,21,Married,No
1211512,27,9,12808,Yes,5,9,8842,2,Therapist,3,8,0,8,3,1,3,16,Divorced,No
1159699,30,8,3204,No,5,3,10415,3,Nurse,1,2,2,2,4,1,3,14,Divorced,No
1677368,34,10,2929,No,19,10,20338,2,Nurse,1,9,8,7,2,0,3,12,Married,No
1030882,31,5,2911,No,26,5,15170,3,Nurse,1,2,4,3,1,1,2,17,Divorced,No
1597825,27,5,4342,No,8,4,24008,3,Therapist,2,2,1,1,3,1,3,19,Married,No
1822734,38,8,4198,No,16,3,16379,3,Therapist,2,2,1,2,2,0,4,12,Single,No
1237678,27,6,4647,Yes,3,6,16673,4,Therapist,2,5,0,4,4,2,3,20,Divorced,No
1178700,55,31,16756,No,2,9,17323,2,Admin,4,7,6,2,3,0,4,15,Single,No
1854050,52,28,7969,Yes,3,5,19609,2,Therapist,3,4,0,4,4,0,3,14,Married,No
1833939,35,11,8606,No,16,11,21195,2,Other,3,8,3,3,4,0,1,19,Single,No
1822695,53,19,2450,No,6,2,10919,3,Nurse,2,2,2,2,4,0,3,17,Single,No
1252779,43,9,5257,No,10,9,6227,2,Nurse,2,7,0,0,3,1,4,11,Divorced,No
1831971,27,5,3041,No,2,4,16346,3,Other,1,3,0,2,3,1,3,11,Divorced,No
1473219,38,9,2468,No,2,6,15963,2,Nurse,1,1,0,5,3,1,2,14,Married,No
1178469,36,17,4639,No,7,15,2261,4,Therapist,2,7,6,13,1,1,2,16,Married,No
1075883,46,15,9071,Yes,10,3,11563,2,Therapist,3,2,1,2,3,1,3,19,Married,No
1853111,51,23,19537,No,6,20,6462,3,Therapist,5,18,15,15,1,0,3,13,Single,No
1455592,27,7,4105,No,9,7,5099,3,Therapist,2,7,0,7,4,0,3,14,Single,No
1440762,30,10,4627,No,6,9,23631,2,Nurse,2,2,6,7,1,1,3,12,Married,No
1581448,28,4,4908,No,5,4,24252,3,Therapist,2,2,0,2,1,0,3,14,Single,No
1085909,36,17,2571,No,23,5,12290,4,Nurse,2,2,0,3,3,1,3,17,Married,No
1213892,31,9,6932,No,20,9,24406,3,Therapist,2,8,0,0,4,1,2,13,Married,No
1461811,37,9,6334,No,16,1,24558,2,Therapist,2,0,0,0,4,2,3,19,Divorced,No
1501908,35,10,7632,Yes,16,8,14295,3,Other,3,7,0,0,4,0,3,12,Married,No
1065186,49,23,18711,No,4,1,12124,2,Admin,5,0,0,0,1,1,4,13,Married,No
1382014,49,10,3211,No,25,9,22102,3,Nurse,1,6,1,4,3,1,2,14,Married,No
1850673,42,12,3673,No,9,12,16458,3,Nurse,1,9,5,8,1,0,3,13,Single,No
1239516,31,6,6833,Yes,11,6,17089,3,Other,2,5,0,1,3,0,2,12,Married,No
1290256,30,6,2720,No,2,5,11162,2,Nurse,1,3,1,2,2,0,3,13,Single,No
1239491,35,15,4717,No,1,11,18659,3,Therapist,2,9,6,9,2,0,3,11,Married,No
1822238,28,10,3660,No,10,8,7909,3,Nurse,2,7,1,7,3,0,4,13,Single,No
1220579,39,6,3904,No,23,5,22154,3,Nurse,1,2,0,3,3,0,3,13,Single,No
1143606,48,12,8120,No,2,2,18597,4,Therapist,2,2,2,2,2,0,3,12,Married,No
1200749,34,7,3294,No,1,5,3708,2,Nurse,1,4,0,2,4,1,2,17,Married,No
1633070,55,23,19187,No,2,19,6992,1,Admin,5,9,9,11,4,1,3,14,Married,No
1066528,38,13,2592,No,2,11,7129,3,Other,1,10,3,8,1,3,3,13,Divorced,No
1157111,37,8,6694,Yes,10,1,24223,2,Nurse,2,0,0,0,4,3,3,14,Divorced,No
1792052,29,6,2340,No,15,6,22673,3,Nurse,1,5,1,5,3,0,3,19,Single,No
1676128,35,1,1281,No,3,1,16900,2,Nurse,1,0,0,0,3,2,3,18,Married,No
1148181,33,10,4539,No,25,10,4905,3,Nurse,2,7,0,1,2,1,2,12,Married,No
1844032,36,17,4502,No,2,13,7439,3,Other,2,7,6,7,3,0,2,15,Single,No
1146009,23,4,2073,No,10,2,12826,4,Nurse,1,2,2,2,4,1,3,16,Married,No
1090887,32,8,3068,No,2,7,11864,3,Nurse,1,7,3,6,4,0,2,13,Single,No
1709085,36,15,6815,No,1,1,21447,3,Nurse,2,0,0,0,2,0,3,13,Single,No
1767733,42,24,10124,Yes,2,20,18611,3,Other,3,8,13,9,4,1,1,14,Married,No
1790839,55,17,6385,Yes,18,8,12992,3,Other,2,7,6,7,3,2,3,14,Married,No
1629597,35,4,3506,Yes,6,3,6020,3,Nurse,1,2,2,2,3,0,3,14,Married,No
1209768,40,10,6323,No,11,10,26849,3,Nurse,2,9,9,4,4,1,4,11,Married,No
1037474,28,10,8722,No,24,10,12355,2,Other,3,7,1,9,2,0,2,12,Single,No
1110876,37,17,10048,No,10,1,22573,3,Therapist,3,0,0,0,1,2,3,11,Divorced,No
1302685,40,21,16437,Yes,6,21,17381,3,Admin,4,7,7,7,3,0,3,21,Single,No
1638565,28,5,2713,No,21,5,6672,3,Nurse,1,2,0,2,3,1,1,11,Married,No
1075989,28,10,6674,No,1,9,16392,1,Nurse,2,8,7,5,3,3,3,11,Married,No
1440066,29,9,2974,No,9,5,25412,3,Nurse,1,3,1,2,4,1,3,17,Married,No
1432464,36,4,3688,No,18,1,7122,4,Nurse,1,0,0,0,3,2,3,18,Married,No
1051013,35,17,6646,No,6,17,19368,1,Nurse,2,11,11,8,2,0,3,13,Single,No
1800484,42,8,2093,No,5,2,9260,3,Nurse,1,2,2,0,2,1,3,17,Married,No
1553672,47,10,11849,Yes,29,10,10268,3,Admin,3,7,9,9,1,1,2,12,Married,No
1619511,31,8,2356,Yes,11,6,14871,3,Nurse,1,4,0,2,4,1,3,19,Married,No
1575266,46,10,3423,No,1,7,22957,3,Other,1,6,5,7,4,0,4,12,Single,No
1087770,45,18,10761,Yes,9,5,19239,3,Nurse,3,4,0,2,4,1,3,12,Divorced,No
1456073,38,17,6673,Yes,29,1,11354,3,Other,2,0,0,0,2,0,3,19,Married,No
1637476,34,2,2742,No,9,2,3072,3,Other,1,2,2,2,1,0,3,15,Married,No
1475807,46,24,10453,No,1,24,2137,3,Nurse,3,13,15,7,2,3,3,25,Divorced,No
1085062,35,8,5916,Yes,23,1,15497,2,Therapist,2,0,0,1,2,0,3,13,Married,No
1640372,32,10,3433,No,10,5,17360,3,Nurse,1,2,1,3,1,1,2,13,Married,No
1309511,36,9,5562,Yes,6,3,19711,4,Nurse,2,2,0,2,1,1,3,13,Married,No
1220459,49,22,18665,Yes,10,3,25594,3,Therapist,5,2,1,2,3,0,3,11,Single,No
1048015,36,15,2013,No,7,4,10950,3,Nurse,1,3,1,3,1,0,3,11,Single,No
1659102,43,18,4739,No,28,3,16090,4,Nurse,1,2,1,2,2,0,3,12,Single,No
1857447,27,3,4621,No,8,3,5869,1,Nurse,1,2,1,2,1,3,3,19,Married,No
1586182,52,16,3482,No,29,9,19788,3,Other,1,8,0,0,1,2,2,15,Divorced,No
1585668,58,31,10008,Yes,7,10,12023,2,Therapist,3,9,5,9,3,0,2,14,Married,No
1522053,53,35,10934,Yes,7,5,20715,2,Nurse,3,2,0,4,1,1,3,18,Married,No
1685220,36,16,6134,Yes,13,2,8658,2,Nurse,2,2,2,2,2,3,3,13,Divorced,No
1249536,25,5,4256,No,4,5,18154,2,Nurse,2,2,0,3,3,0,4,12,Married,No
1104176,29,6,2201,No,23,3,18168,3,Nurse,1,2,1,2,4,0,3,16,Single,No
1602545,27,1,2341,No,2,1,19715,3,Nurse,1,0,0,0,4,1,3,13,Divorced,No
1433107,28,1,1563,No,1,1,12530,2,Nurse,1,0,0,0,1,1,1,14,Divorced,No
1232119,27,6,2024,No,9,2,5970,3,Nurse,1,2,2,2,4,1,1,18,Divorced,No
1876599,29,7,8268,Yes,10,7,11866,2,Nurse,2,7,1,7,4,2,3,14,Divorced,No
1389456,24,3,2145,No,10,2,2097,3,Other,1,2,2,1,1,1,3,14,Married,No
1197555,38,19,4317,Yes,3,3,2302,3,Nurse,2,2,2,2,4,0,3,20,Single,No
1285943,50,20,3221,Yes,28,20,3297,4,Nurse,1,8,3,8,4,3,3,11,Married,No
1108108,29,11,3812,No,20,11,7003,3,Nurse,1,8,3,10,4,0,4,13,Married,No
1215433,25,7,2096,No,13,7,26376,3,Other,1,4,0,6,2,0,3,11,Married,No
1565509,32,10,4025,No,29,8,11135,3,Nurse,1,7,7,7,4,0,3,12,Single,No
1845170,24,3,2400,No,24,2,5530,3,Other,1,2,2,1,4,2,3,13,Married,No
1188199,33,6,5324,No,16,3,26507,3,Nurse,2,2,0,2,1,0,3,15,Single,No
1548215,37,8,3564,Yes,21,8,22977,4,Nurse,1,7,1,7,2,1,2,12,Married,No
1698428,27,9,6811,No,7,7,23398,2,Other,2,6,0,7,4,0,1,19,Single,No
1389834,44,11,4768,No,1,1,9282,3,Nurse,2,0,0,0,1,1,2,12,Married,No
1533883,38,20,5405,Yes,2,4,4244,1,Other,2,2,0,3,2,2,2,20,Married,No
1746047,36,2,3388,Yes,9,1,21777,2,Nurse,1,0,0,0,4,1,2,17,Married,No
1431094,26,8,2875,Yes,4,8,9973,3,Nurse,1,5,2,2,3,0,2,20,Single,No
1173245,31,2,2789,No,5,2,3909,3,Other,1,2,2,2,4,1,2,11,Divorced,No
1309082,29,1,2804,No,6,1,15434,2,Other,1,0,0,0,4,0,3,11,Married,No
1545418,35,6,4230,No,22,5,19225,1,Nurse,1,4,4,3,4,0,3,15,Single,No
1655170,47,28,13770,Yes,3,22,10225,3,Nurse,4,2,11,13,4,2,2,12,Divorced,No
1293281,20,2,2044,No,2,2,22052,2,Other,1,2,0,2,3,0,2,13,Single,No
1031059,42,10,6545,Yes,17,3,23016,4,Nurse,2,2,0,2,4,0,3,13,Single,No
1505419,50,20,10854,Yes,28,3,16586,2,Nurse,3,2,2,0,4,1,3,13,Divorced,No
1222421,32,10,9610,No,19,4,3840,1,Nurse,3,3,0,2,4,1,1,13,Married,No
1620322,26,1,2377,No,21,1,19373,3,Nurse,1,1,0,0,1,1,2,20,Divorced,No
1474227,25,6,4400,No,9,3,15182,2,Other,1,2,2,2,1,0,3,12,Married,No
1101293,44,9,3708,No,24,5,2104,1,Nurse,1,2,1,4,1,0,3,14,Single,No
1327800,34,8,2579,Yes,14,8,2912,3,Other,1,2,0,6,3,2,3,18,Divorced,No
1162185,28,3,2703,Yes,6,3,22088,2,Nurse,1,1,0,2,3,1,3,14,Divorced,Yes
1168729,19,1,1102,No,2,1,9241,2,Nurse,1,0,1,0,2,0,2,22,Single,Yes
1544044,31,10,5617,Yes,26,10,21075,3,Nurse,2,7,0,8,1,0,3,11,Married,Yes
1114030,37,10,7642,Yes,19,10,4814,3,Nurse,3,0,0,9,1,0,3,13,Single,Yes
1751929,22,1,2853,Yes,3,0,4223,2,Nurse,1,0,0,0,3,1,3,11,Married,Yes
1267282,31,1,1261,No,8,1,22262,2,Nurse,1,0,0,0,1,0,4,12,Single,Yes
1855095,27,6,2379,Yes,5,5,19826,3,Nurse,1,4,0,2,4,0,2,14,Single,Yes
1837772,26,5,4157,Yes,23,2,21436,2,Nurse,2,2,0,0,3,1,2,19,Married,Yes
1704323,29,5,2800,Yes,1,3,23522,2,Other,1,2,0,2,2,3,3,19,Divorced,Yes
1622091,26,7,4969,No,29,2,21813,1,Nurse,2,2,2,2,2,0,3,18,Single,Yes
1734708,31,3,2302,Yes,1,3,8319,3,Other,1,2,2,2,4,0,4,11,Single,Yes
1747750,29,6,2168,Yes,15,5,26933,1,Nurse,1,4,1,3,2,1,2,18,Married,Yes
1341748,26,8,2741,Yes,17,7,22808,3,Other,1,7,1,0,2,1,2,11,Divorced,Yes
1415325,23,1,1601,Yes,6,0,3445,4,Nurse,1,0,0,0,3,2,3,21,Married,Yes
1663404,34,16,4599,Yes,24,15,7815,2,Nurse,2,9,10,10,1,0,4,23,Single,Yes
1549806,21,2,2625,No,10,2,25308,2,Nurse,1,2,2,2,1,0,1,20,Single,Yes
1874133,31,1,1129,Yes,2,1,17536,1,Nurse,1,0,0,0,4,3,3,11,Divorced,Yes
1175959,28,1,2408,Yes,24,1,7324,3,Nurse,1,1,0,0,3,3,3,17,Married,Yes
1655666,20,1,2926,Yes,6,1,19783,2,Nurse,1,0,1,0,4,0,3,18,Single,Yes
1602218,33,5,2313,Yes,25,2,2993,2,Nurse,1,2,2,2,1,0,3,20,Single,Yes
1336016,28,10,2216,Yes,1,7,3872,1,Nurse,1,7,3,7,1,0,3,13,Single,Yes
1117656,26,1,2340,Yes,24,1,23213,1,Nurse,1,0,0,0,3,0,1,18,Single,Yes
1152327,46,15,9071,Yes,10,3,11563,2,Nurse,3,2,1,2,3,1,3,19,Married,No
1812428,20,1,2836,No,1,1,11757,2,Other,1,0,0,0,4,0,4,13,Single,No
1812429,39,21,12742,No,1,21,7060,2,Therapist,4,6,11,8,4,1,3,16,Married,No
1152329,27,9,6500,No,2,8,26997,4,Nurse,2,7,0,7,1,0,2,14,Single,No
