EmployeeID,Age,TotalWorkingYears,MonthlyIncome,OverTime,DistanceFromHome,YearsAtCompany,MonthlyRate,JobInvolvement,JobRole,JobLevel,YearsInCurrentRole,YearsSinceLastPromotion,YearsWithCurrManager,EnvironmentSatisfaction,Shift,WorkLifeBalance,PercentSalaryHike,MaritalStatus,Attrition
1313919,41,0.2,0.2624539231174302,1,0.0,0.15000000000000002,0.6980525998795423,0.6666666666666667,1,0.25,0.2222222222222222,0,5,0.3333333333333333,0.0,0.0,0.0,0,0
1200302,49,0.25,0.21700895208004214,0,0.25,0.25,0.9160008030515961,0.3333333333333333,0,0.25,0.38888888888888884,1,7,0.6666666666666667,0.3333333333333333,0.6666666666666667,0.8571428571428571,1,0
1060315,37,0.17500000000000002,0.0569246972090574,1,0.03571428571428571,0.0,0.012126079100582207,0.3333333333333333,1,0.0,0.0,0,0,1.0,0.0,0.6666666666666667,0.2857142857142857,0,1
1272912,33,0.2,0.10005265929436546,1,0.07142857142857142,0.2,0.845814093555511,0.6666666666666667,0,0.0,0.38888888888888884,3,0,1.0,0.0,0.6666666666666667,0.0,1,0
1414939,27,0.15000000000000002,0.1294892048446551,0,0.03571428571428571,0.05,0.5837382051796828,0.6666666666666667,1,0.0,0.1111111111111111,2,2,0.0,0.3333333333333333,0.6666666666666667,0.0714285714285714,1,0
1633361,32,0.2,0.10842548709847288,0,0.03571428571428571,0.17500000000000002,0.3922907046777755,0.6666666666666667,1,0.0,0.38888888888888884,3,6,1.0,0.0,0.3333333333333333,0.1428571428571428,0,0
1329390,59,0.30000000000000004,0.08746708794102159,1,0.07142857142857142,0.025,0.31600080305159606,1.0,1,0.0,0.0,0,0,0.6666666666666667,1.0,0.3333333333333333,0.6428571428571427,1,0
1699288,30,0.025,0.08867825171142707,0,0.8214285714285714,0.025,0.45135514956835976,0.6666666666666667,1,0.0,0.0,0,0,1.0,0.3333333333333333,0.6666666666666667,0.7857142857142857,2,0
1469740,38,0.25,0.44849921011058447,0,0.7857142857142857,0.225,0.2687412166231681,0.3333333333333333,2,0.5,0.38888888888888884,1,8,1.0,0.0,0.6666666666666667,0.7142857142857143,0,0
1101291,36,0.42500000000000004,0.22264349657714586,0,0.9285714285714285,0.17500000000000002,0.5815298132905039,0.6666666666666667,1,0.25,0.38888888888888884,7,7,0.6666666666666667,0.6666666666666666,0.3333333333333333,0.1428571428571428,1,0
1430504,35,0.15000000000000002,0.07461822011585045,0,0.5357142857142857,0.125,0.5775948604697851,1.0,1,0.0,0.2222222222222222,0,3,0.0,0.3333333333333333,0.6666666666666667,0.1428571428571428,1,0
1196281,29,0.25,0.16766719325961033,1,0.5,0.225,0.425135514956836,0.3333333333333333,1,0.25,0.2777777777777778,0,8,1.0,0.0,0.6666666666666667,0.0714285714285714,0,0
1207951,31,0.125,0.10015797788309638,0,0.8928571428571428,0.125,0.5250351335073279,0.6666666666666667,0,0.0,0.1111111111111111,4,3,0.0,0.3333333333333333,0.3333333333333333,0.4285714285714285,2,0
1080660,34,0.07500000000000001,0.08699315429173249,0,0.6428571428571428,0.05,0.2675767918088737,0.6666666666666667,1,0.0,0.1111111111111111,1,2,0.3333333333333333,0.3333333333333333,0.6666666666666667,0.0,2,0
1420391,28,0.15000000000000002,0.053659820958399156,1,0.8214285714285714,0.1,0.4357759486046978,0.3333333333333333,1,0.0,0.1111111111111111,0,3,0.6666666666666667,0.0,0.6666666666666667,0.2142857142857143,0,1
1337254,29,0.25,0.4724065297525013,0,0.7142857142857143,0.25,0.32527604898614737,1.0,2,0.5,0.5,8,8,0.3333333333333333,0.3333333333333333,0.6666666666666667,0.0,2,0
1421335,32,0.17500000000000002,0.12053712480252765,1,0.14285714285714285,0.15000000000000002,0.5203372816703473,1.0,0,0.0,0.1111111111111111,0,5,0.0,0.6666666666666666,0.3333333333333333,0.0714285714285714,2,0
1262683,22,0.025,0.10142180094786732,1,0.5357142857142857,0.025,0.20999799237100983,1.0,1,0.0,0.0,0,0,1.0,0.6666666666666666,0.3333333333333333,0.1428571428571428,2,0
1599218,53,0.775,0.7592417061611374,0,0.03571428571428571,0.625,0.8001204577394098,0.3333333333333333,3,0.75,0.4444444444444444,3,7,0.0,0.0,0.6666666666666667,0.3571428571428571,1,0
1634788,38,0.15000000000000002,0.15455502896261192,1,0.03571428571428571,0.07500000000000001,0.08881750652479423,0.6666666666666667,0,0.0,0.1111111111111111,1,2,1.0,0.0,0.6666666666666667,0.0,0,0
1334559,24,0.125,0.15808320168509743,0,0.35714285714285715,0.1,0.246456534832363,1.0,2,0.25,0.1111111111111111,1,3,0.0,0.3333333333333333,0.3333333333333333,0.4999999999999999,2,0
1402945,36,0.25,0.1262769878883623,0,0.2857142857142857,0.125,0.19642642039751054,0.3333333333333333,0,0.0,0.16666666666666666,0,3,0.6666666666666667,0.0,0.6666666666666667,0.8571428571428571,0,0
1705718,34,0.325,0.5784623486045287,0,0.2142857142857143,0.30000000000000004,0.770889379642642,0.6666666666666667,0,0.5,0.3333333333333333,2,11,0.0,0.0,0.6666666666666667,0.0,0,0
1880078,21,0.0,0.011743022643496574,0,0.5,0.0,0.6901023890784983,0.6666666666666667,0,0.0,0.0,0,0,0.6666666666666667,0.0,0.6666666666666667,0.2142857142857143,0,0
1801346,34,0.2,0.10273828330700369,0,0.17857142857142855,0.1,0.6026099176872114,0.6666666666666667,0,0.0,0.1111111111111111,1,3,0.3333333333333333,0.0,0.6666666666666667,0.0,0,0
1142160,53,0.65,0.9523433385992629,0,0.14285714285714285,0.35000000000000003,0.3469584420799037,0.6666666666666667,0,1.0,0.7222222222222222,4,8,0.6666666666666667,0.3333333333333333,0.3333333333333333,0.0,2,0
1142062,32,0.25,0.15323854660347552,1,0.5357142857142857,0.25,0.10387472395101385,0.0,0,0.0,0.1111111111111111,6,7,0.3333333333333333,0.0,0.6666666666666667,0.7857142857142857,0,1
1789756,42,0.25,0.3062664560294892,0,0.25,0.225,0.7660710700662517,0.6666666666666667,1,0.25,0.38888888888888884,4,2,0.6666666666666667,0.3333333333333333,0.6666666666666667,0.0,1,0
1126009,44,0.6000000000000001,0.48651922064244335,0,0.2142857142857143,0.55,0.0,0.3333333333333333,1,0.5,0.3333333333333333,5,17,0.0,0.3333333333333333,0.6666666666666667,0.2142857142857143,1,0
1552176,46,0.55,0.9446024223275409,0,0.03571428571428571,0.05,0.8322826741618149,0.6666666666666667,3,1.0,0.1111111111111111,2,1,0.3333333333333333,0.0,0.3333333333333333,0.0714285714285714,0,0
1118605,33,0.17500000000000002,0.07830437072143234,0,0.03571428571428571,0.025,0.18373820517968278,0.6666666666666667,1,0.0,0.05555555555555555,0,0,0.6666666666666667,0.0,0.6666666666666667,0.0,0,0
1397325,44,0.225,0.2873091100579252,1,0.3214285714285714,0.1,0.683677976309978,0.6666666666666667,1,0.25,0.1111111111111111,1,3,1.0,0.0,1.0,0.1428571428571428,1,0
1874834,30,0.25,0.06303317535545025,0,0.2857142857142857,0.25,0.5630596265810078,0.3333333333333333,1,0.0,0.0,1,8,1.0,0.0,0.6666666666666667,0.1428571428571428,0,0
1275746,39,0.47500000000000003,0.05671406003159558,0,0.14285714285714285,0.025,0.049829351535836175,0.6666666666666667,0,0.25,0.0,0,0,1.0,0.3333333333333333,1.0,0.2142857142857143,1,0
1884939,24,0.15000000000000002,0.06761453396524486,1,0.0,0.05,0.03718128889781168,0.6666666666666667,0,0.0,0.0,2,0,0.3333333333333333,0.3333333333333333,0.3333333333333333,0.3571428571428571,1,1
1650304,43,0.15000000000000002,0.08615060558188523,0,0.03571428571428571,0.125,0.796185504918691,1.0,0,0.0,0.16666666666666666,1,4,1.0,0.6666666666666666,0.3333333333333333,0.0714285714285714,2,0
1058169,50,0.07500000000000001,0.08815165876777253,1,0.07142857142857142,0.07500000000000001,0.06890182694238103,0.3333333333333333,0,0.0,0.1111111111111111,0,2,0.0,0.0,0.6666666666666667,0.2142857142857143,1,1
1319183,35,0.05,0.05292259083728278,0,0.03571428571428571,0.05,0.30487853844609514,0.6666666666666667,0,0.0,0.1111111111111111,2,2,1.0,0.0,0.6666666666666667,0.1428571428571428,1,0
1872551,36,0.15000000000000002,0.12690889942074776,1,0.14285714285714285,0.025,0.4407950210801044,0.3333333333333333,0,0.0,0.05555555555555555,0,0,0.3333333333333333,0.3333333333333333,1.0,0.2142857142857143,1,0
1060693,33,0.25,0.2299631384939442,0,0.0,0.125,0.04412768520377433,1.0,1,0.25,0.16666666666666666,1,3,0.6666666666666667,0.6666666666666666,0.6666666666666667,0.5714285714285713,1,0
1110390,35,0.025,0.04960505529225908,0,0.10714285714285714,0.025,0.35398514354547284,0.6666666666666667,1,0.0,0.0,0,0,0.6666666666666667,0.3333333333333333,0.6666666666666667,0.0714285714285714,2,0
1448895,27,0.025,0.07014218009478673,0,0.03571428571428571,0.025,0.7075286087131099,0.6666666666666667,1,0.0,0.0,0,0,1.0,0.3333333333333333,0.6666666666666667,0.1428571428571428,2,0
1547220,26,0.025,0.06761453396524486,0,0.8571428571428571,0.025,0.33985143545472796,0.0,1,0.0,0.0,0,1,0.0,0.0,0.3333333333333333,0.0714285714285714,0,1
1680993,27,0.225,0.4063717746182201,0,0.25,0.225,0.035374422806665334,0.6666666666666667,1,0.5,0.4444444444444444,1,7,1.0,0.0,0.6666666666666667,0.2857142857142857,0,0
1100187,30,0.30000000000000004,0.15808320168509743,0,0.0,0.30000000000000004,0.3488054607508533,0.6666666666666667,1,0.25,0.4444444444444444,3,7,0.6666666666666667,0.0,0.6666666666666667,0.8571428571428571,0,0
1881631,41,0.5750000000000001,0.9760926803580833,0,0.39285714285714285,0.55,0.569604497088938,0.6666666666666667,0,1.0,0.8333333333333333,15,8,0.3333333333333333,0.0,0.6666666666666667,0.0714285714285714,1,0
1622068,34,0.25,0.18741442864665614,0,0.7857142857142857,0.225,0.31881148363782374,0.6666666666666667,1,0.25,0.2777777777777778,8,7,0.3333333333333333,0.0,0.6666666666666667,0.6428571428571427,0,0
1336903,37,0.2,0.10600315955766193,0,0.6428571428571428,0.025,0.32656093153985144,0.6666666666666667,0,0.0,0.0,0,0,0.3333333333333333,0.0,0.6666666666666667,0.7142857142857143,1,0
1126243,46,0.35000000000000003,0.25081621906266455,1,0.14285714285714285,0.225,0.736839991969484,0.6666666666666667,1,0.25,0.3333333333333333,0,8,0.0,0.0,0.6666666666666667,0.7142857142857143,0,0
1053707,35,0.025,0.06635071090047392,0,0.25,0.025,0.11234691828950011,1.0,1,0.0,0.0,0,1,1.0,0.0,0.6666666666666667,0.5714285714285713,1,0
1708688,48,0.5750000000000001,0.23022643496577147,1,0.0,0.025,0.6906243726159406,0.3333333333333333,1,0.5,0.0,0,0,0.0,0.0,0.6666666666666667,0.1428571428571428,0,1
1208582,28,0.05,0.1280674038967878,1,0.14285714285714285,0.05,0.36478618751254765,0.6666666666666667,1,0.0,0.1111111111111111,2,2,0.6666666666666667,0.0,0.3333333333333333,0.1428571428571428,0,1
1127416,44,0.225,0.23407056345444974,1,0.0,0.1,0.07689219032322828,0.6666666666666667,1,0.25,0.16666666666666666,1,3,0.3333333333333333,0.3333333333333333,0.3333333333333333,0.7142857142857143,2,0
1710090,35,0.25,0.46735123749341756,1,0.35714285714285715,0.1,0.24926721541859062,0.3333333333333333,1,0.5,0.0,2,3,0.6666666666666667,0.3333333333333333,0.6666666666666667,0.1428571428571428,1,0
1146606,26,0.125,0.16577145866245394,1,0.7857142857142857,0.05,0.7766311985545071,0.3333333333333333,1,0.25,0.1111111111111111,0,0,0.6666666666666667,0.3333333333333333,0.3333333333333333,0.5714285714285713,1,1
1674685,33,0.375,0.6555555555555556,1,0.0,0.375,0.5240714715920498,0.6666666666666667,0,0.5,0.7777777777777777,8,12,0.0,0.0,0.6666666666666667,0.0714285714285714,0,0
1477077,35,0.225,0.42443391258557134,0,0.6071428571428571,0.225,0.3588436057016663,0.6666666666666667,1,0.5,0.4444444444444444,1,8,0.3333333333333333,0.3333333333333333,0.3333333333333333,0.7857142857142857,1,0
1269275,35,0.1,0.1582411795681938,1,0.7857142857142857,0.05,0.5584420799036338,0.6666666666666667,1,0.0,0.1111111111111111,2,2,0.6666666666666667,0.3333333333333333,0.6666666666666667,0.2857142857142857,1,0
1620694,31,0.25,0.2583464981569247,0,0.2142857142857143,0.17500000000000002,0.29849427825737807,0.6666666666666667,1,0.25,0.38888888888888884,1,7,1.0,0.3333333333333333,0.3333333333333333,0.7857142857142857,2,0
1618486,37,0.17500000000000002,0.2624539231174302,0,0.0,0.17500000000000002,0.023890784982935148,0.3333333333333333,2,0.25,0.2777777777777778,0,7,0.0,0.3333333333333333,1.0,0.4999999999999999,2,0
1208054,32,0.225,0.2713533438651922,1,0.0,0.225,0.3526601084119655,0.6666666666666667,2,0.25,0.4444444444444444,7,8,0.0,0.3333333333333333,0.6666666666666667,0.7857142857142857,1,0
1545352,38,0.25,0.07356503422854135,0,0.9999999999999999,0.25,0.13499297329853444,0.6666666666666667,1,0.25,0.16666666666666666,9,9,1.0,0.0,0.6666666666666667,0.0,0,0
1665908,50,0.7250000000000001,0.9337019483938915,1,0.2142857142857143,0.675,0.5865087331861072,0.3333333333333333,0,1.0,0.16666666666666666,13,8,0.3333333333333333,0.3333333333333333,0.3333333333333333,0.0714285714285714,2,0
1312106,59,0.7000000000000001,0.3490258030542391,0,0.8571428571428571,0.525,0.010439670748845609,0.6666666666666667,1,0.5,0.8888888888888888,7,9,0.0,0.0,0.3333333333333333,0.0,0,0
1391215,36,0.42500000000000004,0.4785150078988941,0,0.25,0.42500000000000004,0.24525195743826542,0.6666666666666667,1,0.5,0.7777777777777777,12,8,0.6666666666666667,1.0,0.6666666666666667,0.1428571428571428,2,0
1677994,55,0.525,0.7239073196419168,1,0.25,0.125,0.7081308974101586,0.6666666666666667,0,0.75,0.0,0,2,1.0,1.0,0.6666666666666667,0.2142857142857143,2,0
1216003,36,0.15000000000000002,0.2890995260663507,0,0.35714285714285715,0.15000000000000002,0.825617345914475,0.3333333333333333,2,0.25,0.2777777777777778,0,3,0.3333333333333333,0.0,0.6666666666666667,0.1428571428571428,0,0
1503437,45,0.625,0.45892575039494465,0,0.2142857142857143,0.025,0.6702670146556916,0.6666666666666667,0,0.5,0.0,0,0,0.3333333333333333,0.3333333333333333,0.6666666666666667,0.4285714285714285,2,0
1381585,35,0.125,0.062401263823064775,0,0.0,0.07500000000000001,0.1515358361774744,0.6666666666666667,0,0.0,0.1111111111111111,1,2,0.3333333333333333,0.3333333333333333,0.3333333333333333,0.1428571428571428,1,0
1312369,36,0.05,0.12527646129541864,1,0.2857142857142857,0.025,0.7903232282674162,0.3333333333333333,0,0.0,0.0,0,0,1.0,0.3333333333333333,0.3333333333333333,0.4285714285714285,1,1
1576355,59,0.5,0.23507109004739338,0,0.0,0.1,0.9064043364786187,0.3333333333333333,1,0.25,0.16666666666666666,1,3,0.0,0.0,0.3333333333333333,0.0,0,0
1659485,29,0.15000000000000002,0.08920484465508163,0,0.03571428571428571,0.125,0.11491668339690825,0.6666666666666667,0,0.0,0.2222222222222222,0,4,0.6666666666666667,0.3333333333333333,0.6666666666666667,0.8571428571428571,1,0
1530200,31,0.025,0.07856766719325961,0,0.0,0.025,0.6697851836980526,0.6666666666666667,0,0.0,0.05555555555555555,1,0,0.6666666666666667,0.0,0.6666666666666667,0.4285714285714285,0,0
1773482,32,0.25,0.27440758293838863,0,0.0,0.25,0.21088134912668136,0.6666666666666667,0,0.25,0.2222222222222222,0,9,0.3333333333333333,0.6666666666666666,0.6666666666666667,0.4285714285714285,1,0
1188108,36,0.125,0.10684570826750922,0,0.17857142857142855,0.025,0.799357558723148,1.0,1,0.0,0.0,0,0,0.3333333333333333,0.0,0.6666666666666667,0.0714285714285714,1,0
1471418,31,0.275,0.17983149025803055,0,0.25,0.275,0.7463561533828549,0.6666666666666667,2,0.25,0.38888888888888884,1,8,0.6666666666666667,0.0,0.6666666666666667,0.8571428571428571,0,0
1081842,35,0.4,0.17393364928909955,0,0.0,0.375,0.8400722746436459,0.3333333333333333,1,0.25,0.7222222222222222,2,8,0.6666666666666667,0.0,0.6666666666666667,0.2142857142857143,0,0
1146021,45,0.42500000000000004,0.6443391258557135,1,0.17857142857142855,0.0,0.5208994177875929,0.6666666666666667,0,0.5,0.0,0,0,1.0,0.0,1.0,0.2142857142857143,1,0
1880248,37,0.4,0.6664033701948394,0,0.2142857142857143,0.125,0.9300943585625375,0.6666666666666667,0,0.5,0.1111111111111111,0,2,0.0,0.0,1.0,0.1428571428571428,0,0
1267807,46,0.4,0.21126908899420752,1,0.14285714285714285,0.1,0.3345111423408954,0.6666666666666667,0,0.25,0.1111111111111111,0,2,0.3333333333333333,0.3333333333333333,0.6666666666666667,0.7857142857142857,2,0
1247348,30,0.25,0.2167983149025803,1,0.0,0.25,0.5582814695844208,0.3333333333333333,1,0.25,0.4444444444444444,3,0,1.0,0.6666666666666666,0.3333333333333333,0.0714285714285714,1,0
1886039,35,0.15000000000000002,0.0974196945760927,0,0.0,0.15000000000000002,0.9710499899618551,0.3333333333333333,0,0.0,0.2222222222222222,0,4,0.3333333333333333,0.0,0.6666666666666667,0.4999999999999999,0,0
1134060,55,0.6000000000000001,0.4860452869931543,0,0.0,0.025,0.6423609716924312,0.6666666666666667,1,0.5,0.0,1,0,0.0,0.3333333333333333,0.6666666666666667,0.2142857142857143,1,0
1403326,38,0.42500000000000004,0.22748815165876776,1,0.17857142857142855,0.325,0.5469985946597069,0.0,0,0.25,0.611111111111111,1,9,0.3333333333333333,1.0,0.6666666666666667,0.0714285714285714,2,0
1689558,34,0.125,0.17461822011585046,0,0.0,0.125,0.6280666532824734,0.6666666666666667,2,0.25,0.1111111111111111,1,3,0.0,0.0,0.6666666666666667,0.2857142857142857,1,0
1122798,56,0.925,0.32917324907846235,0,0.2142857142857143,0.15000000000000002,0.7871511744629592,0.0,2,0.5,0.2222222222222222,0,2,1.0,0.0,0.3333333333333333,0.0,0,0
1477348,23,0.07500000000000001,0.06914165350184306,0,0.03571428571428571,0.0,0.2980927524593455,0.6666666666666667,0,0.0,0.0,0,0,0.6666666666666667,0.3333333333333333,0.6666666666666667,0.1428571428571428,2,0
1061371,51,0.25,0.05613480779357557,0,0.2857142857142857,0.1,0.66777755470789,0.6666666666666667,1,0.0,0.1111111111111111,0,3,1.0,0.6666666666666666,0.6666666666666667,0.8571428571428571,1,0
1535342,30,0.275,0.16550816219062667,0,0.03571428571428571,0.275,0.5515358361774744,0.3333333333333333,1,0.25,0.5555555555555556,10,8,0.6666666666666667,1.0,0.6666666666666667,0.5714285714285713,1,0
1386780,46,0.225,0.45339652448657186,0,0.2857142857142857,0.225,0.4618349728970086,0.3333333333333333,1,0.5,0.4444444444444444,4,7,0.6666666666666667,0.0,0.6666666666666667,0.3571428571428571,0,0
1254775,40,0.55,0.657925223802001,0,0.0,0.55,0.48267416181489664,0.3333333333333333,1,0.75,0.16666666666666666,11,11,0.6666666666666667,0.3333333333333333,0.3333333333333333,0.7857142857142857,1,0
1818921,51,0.275,0.2333859926276988,1,0.7142857142857143,0.25,0.2541256775747842,0.6666666666666667,1,0.25,0.38888888888888884,1,0,0.6666666666666667,0.0,0.0,0.7857142857142857,0,0
1848882,30,0.275,0.2211690363349131,1,0.10714285714285714,0.275,0.7093354748042562,0.3333333333333333,1,0.25,0.4444444444444444,2,7,0.6666666666666667,1.0,0.3333333333333333,0.0714285714285714,2,0
1537412,46,0.525,0.508899420747762,1,0.0,0.25,0.04207990363380848,0.3333333333333333,1,0.5,0.5,9,5,0.6666666666666667,0.3333333333333333,0.3333333333333333,0.1428571428571428,1,0
1231380,32,0.30000000000000004,0.2106898367561875,0,0.17857142857142855,0.275,0.8916683396908252,0.6666666666666667,1,0.25,0.4444444444444444,5,7,0.3333333333333333,0.0,0.6666666666666667,0.3571428571428571,0,0
1293078,54,0.4,0.660347551342812,0,0.03571428571428571,0.1,0.8796225657498494,0.6666666666666667,0,0.5,0.16666666666666666,0,3,0.0,0.3333333333333333,0.0,0.0714285714285714,1,0
1026798,24,0.1,0.21011058451816747,0,0.07142857142857142,0.07500000000000001,0.6193535434651677,0.6666666666666667,1,0.25,0.1111111111111111,0,2,0.0,0.3333333333333333,0.3333333333333333,0.7142857142857143,1,0
1500402,28,0.125,0.1691416535018431,0,0.10714285714285714,0.125,0.2717928126882152,0.6666666666666667,1,0.25,0.2222222222222222,0,4,0.3333333333333333,0.0,1.0,0.2857142857142857,1,0
1514098,58,0.9500000000000001,0.6773565034228541,0,0.3214285714285714,0.925,0.8960048183095763,0.6666666666666667,1,0.75,0.5555555555555556,1,8,1.0,0.0,0.3333333333333333,0.1428571428571428,0,0
1487216,44,0.42500000000000004,0.05439705107951554,0,0.7857142857142857,0.07500000000000001,0.9214615539048384,0.6666666666666667,1,0.25,0.1111111111111111,1,2,0.3333333333333333,0.3333333333333333,1.0,0.0714285714285714,1,0
1843825,37,0.17500000000000002,0.05602948920484465,1,0.17857142857142855,0.07500000000000001,0.8654487050793014,0.6666666666666667,0,0.0,0.1111111111111111,0,2,0.6666666666666667,0.0,0.6666666666666667,0.7857142857142857,2,1
1635251,32,0.025,0.10252764612954188,0,0.0,0.025,0.5253563541457539,0.6666666666666667,0,0.0,0.0,0,0,1.0,0.0,0.6666666666666667,0.1428571428571428,0,0
1088304,20,0.025,0.10094786729857821,1,0.17857142857142855,0.025,0.710258984139731,0.3333333333333333,1,0.0,0.0,1,0,1.0,0.0,0.6666666666666667,0.4999999999999999,0,1
1792856,34,0.4,0.2001053185887309,0,0.17857142857142855,0.4,0.41710499899618547,0.6666666666666667,0,0.25,0.7222222222222222,2,10,0.0,0.0,0.6666666666666667,0.2142857142857143,0,0
1787161,37,0.42500000000000004,0.21874670879410216,0,0.03571428571428571,0.025,0.5523388877735395,0.3333333333333333,1,0.25,0.0,0,0,0.6666666666666667,0.3333333333333333,1.0,0.2142857142857143,2,0
1627796,59,0.75,0.939178515007899,0,0.03571428571428571,0.07500000000000001,0.7961453523388877,0.3333333333333333,3,1.0,0.1111111111111111,2,2,0.6666666666666667,0.3333333333333333,0.6666666666666667,0.7142857142857143,1,0
1077558,50,0.7000000000000001,0.9037914691943129,1,0.0,0.2,0.30760891387271627,0.6666666666666667,0,1.0,0.16666666666666666,0,7,0.0,0.0,0.3333333333333333,0.5714285714285713,1,0
1410589,25,0.15000000000000002,0.24934175882043183,1,0.14285714285714285,0.15000000000000002,0.9983938968078699,0.3333333333333333,1,0.25,0.2222222222222222,0,3,0.6666666666666667,0.0,0.6666666666666667,0.0,0,1
1657986,25,0.05,0.09899947340705637,0,0.2142857142857143,0.05,0.9959044368600681,0.3333333333333333,0,0.0,0.1111111111111111,2,1,1.0,0.6666666666666666,0.6666666666666667,0.0,1,0
1353326,22,0.025,0.09805160610847816,0,0.5,0.0,0.8709496085123469,0.6666666666666667,1,0.0,0.0,0,0,0.3333333333333333,0.0,0.6666666666666667,0.2857142857142857,0,0
1523794,51,0.5750000000000001,0.34096893101632436,0,0.0,0.325,0.9516964464966874,0.3333333333333333,1,0.5,0.6666666666666666,12,8,0.0,0.0,0.3333333333333333,0.6428571428571427,0,0
1851151,34,0.225,0.2667193259610321,1,0.2142857142857143,0.225,0.8348925918490263,0.0,1,0.25,0.38888888888888884,0,6,0.0,0.0,0.6666666666666667,0.9285714285714285,0,1
1645988,54,0.5750000000000001,0.8593470247498683,1,0.8928571428571428,0.125,0.47287693234290307,1.0,3,0.75,0.16666666666666666,4,4,1.0,0.0,0.6666666666666667,0.0714285714285714,0,0
1849283,24,0.15000000000000002,0.09294365455502898,0,0.6071428571428571,0.125,0.4482232483437061,0.6666666666666667,1,0.0,0.16666666666666666,1,2,0.3333333333333333,0.3333333333333333,0.6666666666666667,0.0714285714285714,1,0
1073480,34,0.30000000000000004,0.18409689310163246,0,0.17857142857142855,0.025,0.518209194940775,0.3333333333333333,0,0.25,0.0,0,0,0.6666666666666667,0.3333333333333333,0.6666666666666667,0.2857142857142857,2,0
1157113,37,0.30000000000000004,0.33802001053185887,0,0.07142857142857142,0.125,0.4983738205179683,0.6666666666666667,1,0.5,0.16666666666666666,1,3,0.6666666666666667,0.0,0.6666666666666667,0.0714285714285714,0,0
1130224,34,0.35000000000000003,0.5593470247498683,0,0.14285714285714285,0.275,0.14137723348725156,0.3333333333333333,0,0.5,0.5555555555555556,5,8,0.6666666666666667,0.0,0.6666666666666667,0.0714285714285714,0,0
1427732,36,0.25,0.45966298051606114,0,0.35714285714285715,0.225,0.8375025095362377,0.6666666666666667,1,0.5,0.38888888888888884,2,8,0.3333333333333333,0.3333333333333333,0.6666666666666667,0.2142857142857143,1,0
1852975,36,0.17500000000000002,0.09615587151132177,0,0.07142857142857142,0.025,0.018751254768118855,0.6666666666666667,1,0.0,0.0,0,0,0.0,0.3333333333333333,0.6666666666666667,0.7857142857142857,2,0
1845017,43,0.625,0.8399157451290152,1,0.8928571428571428,0.625,0.6986548885765911,0.6666666666666667,3,0.75,0.6666666666666666,4,12,0.6666666666666667,0.6666666666666666,1.0,0.0714285714285714,1,0
1212660,30,0.25,0.08446550816219064,0,0.7857142857142857,0.25,0.8117245533025497,0.0,0,0.0,0.38888888888888884,0,9,0.0,1.0,0.3333333333333333,0.9999999999999999,2,0
1264790,33,0.2,0.27051079515534493,0,0.75,0.17500000000000002,0.537482433246336,0.6666666666666667,1,0.25,0.38888888888888884,0,7,0.6666666666666667,0.3333333333333333,1.0,0.1428571428571428,1,0
1515486,56,0.17500000000000002,0.20821484992101105,1,0.4642857142857143,0.125,0.09700863280465769,0.6666666666666667,0,0.0,0.2222222222222222,4,3,0.3333333333333333,1.0,0.6666666666666667,0.4999999999999999,1,1
1832980,51,0.5750000000000001,0.9756714060031596,0,0.17857142857142855,0.5,0.17538646858060628,0.6666666666666667,0,1.0,1.0,15,15,0.0,0.0,0.6666666666666667,0.1428571428571428,0,0
1031688,31,0.30000000000000004,0.27187993680884676,1,0.17857142857142855,0.17500000000000002,0.7486448504316402,0.0,1,0.25,0.38888888888888884,7,7,0.3333333333333333,0.0,0.3333333333333333,0.4999999999999999,1,1
1433172,26,0.125,0.07156398104265402,0,0.17857142857142855,0.125,0.8514756073077695,0.3333333333333333,0,0.0,0.2222222222222222,4,3,0.6666666666666667,0.0,0.3333333333333333,0.5714285714285713,1,0
1607390,58,1.0,0.4898894154818325,0,0.7857142857142857,1.0,0.05504918691025898,0.6666666666666667,1,0.5,0.5555555555555556,15,6,1.0,0.3333333333333333,0.3333333333333333,0.0714285714285714,1,0
1842764,19,0.0,0.03507109004739336,1,0.75,0.0,0.9928126882152178,0.6666666666666667,0,0.0,0.0,0,0,1.0,0.0,0.3333333333333333,0.5714285714285713,0,1
1176986,22,0.07500000000000001,0.07972617166929963,0,0.03571428571428571,0.05,0.6908251355149568,0.6666666666666667,1,0.0,0.05555555555555555,2,1,0.6666666666666667,0.3333333333333333,0.6666666666666667,0.2142857142857143,1,0
1835832,49,0.4,0.2926803580832017,0,0.6785714285714285,0.375,0.1387271632202369,0.6666666666666667,2,0.25,0.611111111111111,5,11,0.6666666666666667,0.0,0.3333333333333333,0.2142857142857143,1,0
1450885,43,0.45,0.19641916798314904,0,0.9642857142857143,0.07500000000000001,0.56197550692632,1.0,0,0.0,0.1111111111111111,1,2,0.3333333333333333,0.0,0.6666666666666667,0.0714285714285714,0,0
1810635,50,0.4,0.4317535545023697,0,0.39285714285714285,0.05,0.18273439068460148,0.6666666666666667,1,0.5,0.1111111111111111,2,1,0.6666666666666667,0.0,0.6666666666666667,0.0,0,0
1810242,31,0.1,0.18694049499736706,1,0.6785714285714285,0.05,0.911222646055009,0.0,1,0.25,0.1111111111111111,2,2,0.3333333333333333,0.3333333333333333,0.6666666666666667,0.0,1,1
1148129,41,0.30000000000000004,0.3780937335439705,1,0.2857142857142857,0.225,0.7669945794017266,0.6666666666666667,1,0.5,0.38888888888888884,0,7,0.6666666666666667,0.3333333333333333,0.6666666666666667,0.1428571428571428,2,0
1085450,26,0.2,0.1017904160084255,0,0.8571428571428571,0.2,0.27392089941778763,0.6666666666666667,0,0.0,0.38888888888888884,5,7,0.6666666666666667,0.3333333333333333,0.6666666666666667,0.8571428571428571,1,0
1699939,36,0.17500000000000002,0.20705634544497106,0,0.17857142857142855,0.07500000000000001,0.029110620357357966,0.6666666666666667,2,0.25,0.1111111111111111,0,1,0.3333333333333333,0.6666666666666666,0.6666666666666667,0.6428571428571427,2,0
1612623,51,0.45,0.5076882569773565,0,0.25,0.1,0.9257578799437863,0.0,2,0.5,0.1111111111111111,0,3,0.0,0.0,0.6666666666666667,0.2857142857142857,0,1
1069811,39,0.42500000000000004,0.2576619273301738,0,0.10714285714285714,0.375,0.5017466372214415,0.3333333333333333,1,0.25,0.611111111111111,5,9,1.0,0.3333333333333333,1.0,0.2142857142857143,1,0
1717795,25,0.15000000000000002,0.40179041600842547,0,0.9642857142857143,0.05,0.9131098173057619,0.3333333333333333,1,0.25,0.1111111111111111,2,2,0.0,0.0,0.6666666666666667,0.4999999999999999,1,0
1341925,30,0.30000000000000004,0.28109531332280147,1,0.2857142857142857,0.275,0.4773338687010641,0.6666666666666667,0,0.25,0.5,4,7,0.6666666666666667,0.0,0.0,0.5714285714285713,1,0
1113668,32,0.25,0.1680358083201685,0,0.2857142857142857,0.125,0.3264404738004416,0.6666666666666667,1,0.0,0.2222222222222222,0,4,0.0,0.0,1.0,0.7857142857142857,0,1
1164932,45,0.225,0.1286466561348078,0,0.9999999999999999,0.15000000000000002,0.30748845613330655,0.6666666666666667,0,0.0,0.2777777777777778,0,3,0.6666666666666667,0.0,0.3333333333333333,0.1428571428571428,0,0
1328110,38,0.47500000000000003,0.1741969457609268,1,0.07142857142857142,0.07500000000000001,0.008351736599076495,0.6666666666666667,0,0.25,0.1111111111111111,2,2,1.0,0.0,0.6666666666666667,0.6428571428571427,0,0
1744823,30,0.125,0.08546603475513428,0,0.6071428571428571,0.125,0.8759686809877535,0.6666666666666667,0,0.0,0.2222222222222222,0,4,0.0,0.0,0.3333333333333333,0.2142857142857143,0,0
1431031,32,0.225,0.1926803580832017,0,0.2857142857142857,0.2,0.8318811483637824,0.0,1,0.25,0.38888888888888884,0,7,1.0,1.0,1.0,0.4285714285714285,2,0
1587864,30,0.2,0.11558715113217485,0,0.14285714285714285,0.07500000000000001,0.33410961654286286,0.6666666666666667,0,0.0,0.1111111111111111,2,2,1.0,0.3333333333333333,0.6666666666666667,0.2142857142857143,2,0
1577226,30,0.15000000000000002,0.09010005265929438,0,0.03571428571428571,0.125,0.3641035936558924,0.3333333333333333,1,0.0,0.16666666666666666,1,2,0.3333333333333333,0.0,0.6666666666666667,0.1428571428571428,0,0
1162762,41,0.525,0.8516061084781464,0,0.3214285714285714,0.17500000000000002,0.43340694639630595,0.3333333333333333,0,0.75,0.3333333333333333,7,7,1.0,0.3333333333333333,0.3333333333333333,0.1428571428571428,2,0
1035340,41,0.17500000000000002,0.0647182727751448,0,0.2857142857142857,0.125,0.19542260590242924,0.6666666666666667,1,0.0,0.0,1,4,0.6666666666666667,0.3333333333333333,0.6666666666666667,0.7142857142857143,1,0
1529493,19,0.025,0.024960505529225914,0,0.07142857142857142,0.025,0.562457337883959,0.6666666666666667,1,0.0,0.0,0,0,0.3333333333333333,0.0,0.6666666666666667,0.2142857142857143,0,0
1789511,40,0.5,0.24202211690363348,0,0.8928571428571428,0.5,0.2573780365388476,0.6666666666666667,0,0.25,0.38888888888888884,2,13,0.3333333333333333,0.3333333333333333,0.6666666666666667,0.0,2,0
1047751,35,0.25,0.3310163243812533,0,0.0,0.25,0.3752258582613933,0.6666666666666667,1,0.5,0.4444444444444444,0,6,0.6666666666666667,0.6666666666666666,0.6666666666666667,0.1428571428571428,1,0
1057195,53,0.325,0.0682991047919958,1,0.17857142857142855,0.17500000000000002,0.5602489459947801,0.6666666666666667,0,0.25,0.38888888888888884,4,5,0.3333333333333333,0.3333333333333333,0.0,0.6428571428571427,1,0
1682385,45,0.5,0.07051079515534492,0,0.2857142857142857,0.42500000000000004,0.35362377032724346,0.6666666666666667,1,0.25,0.5,0,15,0.3333333333333333,0.3333333333333333,0.0,0.4999999999999999,2,0
1314990,32,0.225,0.420695102685624,0,0.25,0.225,0.5418590644448906,0.6666666666666667,1,0.5,0.4444444444444444,3,7,0.3333333333333333,0.0,0.6666666666666667,0.2142857142857143,0,0
1157784,29,0.25,0.17430226434965773,0,0.0,0.25,0.9712507528608713,0.6666666666666667,2,0.25,0.38888888888888884,0,9,1.0,0.3333333333333333,0.6666666666666667,0.1428571428571428,1,0
1819484,51,0.25,0.26977356503422856,0,0.2142857142857143,0.025,0.47737402128086726,0.3333333333333333,2,0.25,0.0,0,0,0.3333333333333333,0.0,0.6666666666666667,0.4285714285714285,1,0
1172011,58,0.225,0.12306477093206952,1,0.2857142857142857,0.025,0.39265207789600476,0.3333333333333333,0,0.0,0.0,0,0,0.3333333333333333,0.3333333333333333,0.3333333333333333,0.6428571428571427,1,0
1562685,40,0.375,0.5184834123222749,0,0.10714285714285714,0.30000000000000004,0.25930536036940377,0.3333333333333333,1,0.5,0.611111111111111,2,11,0.6666666666666667,0.3333333333333333,0.3333333333333333,0.0,1,0
1404919,34,0.15000000000000002,0.06434965771458662,0,0.03571428571428571,0.1,0.37020678578598676,0.6666666666666667,0,0.0,0.16666666666666666,1,2,0.6666666666666667,0.3333333333333333,0.6666666666666667,0.4999999999999999,1,0
1751538,22,0.05,0.06919431279620852,0,0.6428571428571428,0.05,0.3974302348925919,0.6666666666666667,0,0.0,0.1111111111111111,2,2,0.6666666666666667,0.6666666666666666,0.6666666666666667,0.9285714285714285,1,0
1883822,27,0.15000000000000002,0.05344918378093733,0,0.2857142857142857,0.05,0.15563139931740613,0.6666666666666667,0,0.0,0.1111111111111111,2,2,1.0,0.3333333333333333,0.0,0.4999999999999999,2,0
1460812,28,0.125,0.0897314375987362,0,0.7142857142857143,0.125,0.18381851033928928,0.6666666666666667,0,0.0,0.1111111111111111,0,2,0.6666666666666667,0.3333333333333333,0.0,0.0,1,0
1303708,57,0.30000000000000004,0.4439178515007899,1,0.8214285714285714,0.125,0.8555711704477013,1.0,1,0.5,0.16666666666666666,1,4,0.6666666666666667,0.3333333333333333,0.0,0.3571428571428571,2,0
1224013,27,0.025,0.08199052132701423,1,0.07142857142857142,0.025,0.9328247339891588,0.3333333333333333,0,0.0,0.05555555555555555,0,1,0.6666666666666667,0.3333333333333333,0.3333333333333333,0.2857142857142857,2,1
1495862,50,0.525,0.9961558715113218,0,0.35714285714285715,0.125,0.6006424412768521,0.6666666666666667,0,1.0,0.2222222222222222,4,4,0.6666666666666667,0.0,0.6666666666666667,0.2857142857142857,0,0
1379450,41,0.325,0.07593470247498685,0,0.4642857142857143,0.225,0.10098373820517967,0.6666666666666667,0,0.0,0.4444444444444444,1,8,0.0,0.3333333333333333,0.6666666666666667,0.0714285714285714,2,0
1138977,30,0.30000000000000004,0.44286466561348076,0,0.14285714285714285,0.25,0.23926922304758078,0.6666666666666667,1,0.5,0.5,7,4,0.3333333333333333,0.3333333333333333,0.6666666666666667,0.0714285714285714,1,0
1726077,38,0.30000000000000004,0.4042654028436019,0,0.0,0.2,0.43509335474804256,0.3333333333333333,1,0.25,0.16666666666666666,0,7,0.0,0.0,1.0,0.7857142857142857,0,0
1101855,32,0.2,0.10684570826750922,0,0.17857142857142855,0.125,0.4150170648464163,0.6666666666666667,0,0.0,0.2222222222222222,1,4,0.6666666666666667,0.0,0.6666666666666667,0.6428571428571427,0,0
1715001,27,0.15000000000000002,0.10789889415481835,1,0.5714285714285714,0.125,0.4525195743826541,0.6666666666666667,0,0.0,0.1111111111111111,1,1,0.6666666666666667,0.3333333333333333,0.3333333333333333,0.3571428571428571,1,0
1820041,19,0.025,0.06929963138493944,0,0.0,0.0,0.7586829953824533,0.0,0,0.0,0.0,0,0,0.6666666666666667,0.0,1.0,0.7142857142857143,0,1
1540435,36,0.325,0.056819378620326495,0,0.07142857142857142,0.2,0.5206986548885766,0.6666666666666667,1,0.0,0.38888888888888884,7,2,1.0,0.0,0.3333333333333333,0.0714285714285714,0,0
1340085,30,0.30000000000000004,0.10863612427593472,0,0.2857142857142857,0.30000000000000004,0.3580807066854045,0.6666666666666667,1,0.25,0.5,6,10,0.6666666666666667,0.6666666666666666,0.6666666666666667,0.0,2,0
1319352,45,0.225,0.21047919957872566,1,0.10714285714285714,0.125,0.16964464966874118,0.6666666666666667,1,0.25,0.2222222222222222,0,3,0.6666666666666667,0.3333333333333333,1.0,0.0,2,0
1722423,56,0.47500000000000003,0.1710373880989995,1,0.25,0.05,0.4756073077695242,0.6666666666666667,0,0.0,0.1111111111111111,2,2,0.6666666666666667,0.3333333333333333,0.6666666666666667,0.4999999999999999,2,0
1853558,33,0.1,0.07851500789889415,0,0.03571428571428571,0.07500000000000001,0.33812487452318807,0.6666666666666667,0,0.0,0.05555555555555555,0,2,0.6666666666666667,0.0,1.0,0.2142857142857143,0,0
1517594,19,0.025,0.004897314375987359,0,0.03571428571428571,0.025,0.2869704878538446,0.3333333333333333,1,0.0,0.0,1,0,0.3333333333333333,0.0,0.3333333333333333,0.7857142857142857,0,1
1700841,46,0.6000000000000001,0.4973143759873617,0,0.0,0.6000000000000001,0.0017265609315398472,0.6666666666666667,1,0.5,0.7222222222222222,15,7,0.3333333333333333,1.0,0.6666666666666667,0.9999999999999999,2,0
1665761,38,0.05,0.06735123749341759,0,0.2857142857142857,0.05,0.16964464966874118,0.6666666666666667,1,0.0,0.1111111111111111,2,1,0.6666666666666667,0.0,0.6666666666666667,0.0714285714285714,0,0
1224843,31,0.17500000000000002,0.1537651395471301,1,0.39285714285714285,0.1,0.19634611523790405,0.6666666666666667,0,0.0,0.1111111111111111,0,2,0.6666666666666667,0.3333333333333333,0.6666666666666667,0.8571428571428571,1,0
1739412,34,0.225,0.06856240126382307,0,0.9285714285714285,0.07500000000000001,0.14523188114836377,0.6666666666666667,0,0.0,0.1111111111111111,1,2,1.0,0.0,0.6666666666666667,0.2857142857142857,0,0
1190255,41,0.1,0.11221695629278569,1,0.6785714285714285,0.1,0.7883557518570568,0.6666666666666667,0,0.0,0.16666666666666666,0,2,0.3333333333333333,0.0,0.3333333333333333,0.7857142857142857,0,1
1820323,50,0.125,0.14117956819378621,0,0.0,0.07500000000000001,0.05344308371812889,0.3333333333333333,1,0.0,0.1111111111111111,0,2,0.6666666666666667,0.3333333333333333,0.3333333333333333,0.2857142857142857,1,0
1477195,53,0.125,0.1812006319115324,0,0.42857142857142855,0.1,0.969925717727364,1.0,2,0.25,0.1111111111111111,1,3,1.0,0.6666666666666666,0.6666666666666667,0.0,2,0
1383313,33,0.2,0.09199578725645077,0,0.4642857142857143,0.2,0.10355350331258784,0.6666666666666667,0,0.0,0.38888888888888884,1,6,1.0,0.3333333333333333,0.6666666666666667,0.1428571428571428,1,0
1385477,40,0.525,0.94913112164297,0,0.10714285714285714,0.5,0.17687211403332662,0.6666666666666667,0,1.0,0.4444444444444444,9,9,1.0,0.3333333333333333,0.6666666666666667,0.2142857142857143,1,0
1060337,55,0.9,0.9327540810953133,0,0.4642857142857143,0.6000000000000001,0.45151575988757275,1.0,0,1.0,0.8333333333333333,2,15,0.6666666666666667,0.0,0.6666666666666667,0.0,0,0
1180048,34,0.25,0.44960505529225914,0,0.03571428571428571,0.25,0.4810279060429633,0.3333333333333333,2,0.25,0.5,1,9,1.0,0.0,0.3333333333333333,0.4285714285714285,1,0
1730525,51,0.525,0.6700895208004213,0,0.07142857142857142,0.17500000000000002,0.2046978518369805,0.6666666666666667,1,0.75,0.38888888888888884,1,0,1.0,0.0,0.6666666666666667,0.4999999999999999,0,0
1173311,52,0.8500000000000001,1.0000000000000002,0,0.0,0.8250000000000001,0.14390684601485645,0.3333333333333333,0,1.0,1.0,11,9,0.6666666666666667,0.3333333333333333,0.6666666666666667,0.2142857142857143,1,0
1155351,27,0.17500000000000002,0.06687730384412849,0,0.2857142857142857,0.17500000000000002,0.38895804055410554,0.6666666666666667,0,0.0,0.38888888888888884,0,3,1.0,0.0,0.3333333333333333,0.3571428571428571,0,0
1409777,35,0.2,0.25839915745129016,1,0.7857142857142857,0.025,0.5381650271029914,0.3333333333333333,2,0.25,0.0,0,1,0.3333333333333333,0.0,0.6666666666666667,0.1428571428571428,1,1
1175384,43,0.17500000000000002,0.05687203791469194,0,0.2142857142857143,0.125,0.1258381851033929,1.0,0,0.0,0.2222222222222222,2,2,1.0,1.0,1.0,0.2142857142857143,2,0
1447981,45,0.55,0.8311216429699843,0,0.03571428571428571,0.5,0.7375225858261393,0.3333333333333333,0,0.75,0.4444444444444444,11,8,0.0,0.3333333333333333,0.6666666666666667,0.8571428571428571,1,0
1643490,37,0.2,0.1345444971037388,1,0.7142857142857143,0.2,0.838506324031319,1.0,0,0.0,0.38888888888888884,1,7,0.3333333333333333,0.3333333333333333,0.3333333333333333,0.0714285714285714,1,0
1132287,35,0.25,0.179884149552396,0,0.03571428571428571,0.15000000000000002,0.5577996386267817,0.6666666666666667,1,0.25,0.1111111111111111,1,2,0.3333333333333333,0.0,0.6666666666666667,0.0,0,0
1238447,42,0.275,0.22411795681937866,0,0.7142857142857143,0.125,0.5759887572776551,0.6666666666666667,2,0.25,0.16666666666666666,0,2,0.6666666666666667,0.3333333333333333,0.6666666666666667,0.3571428571428571,2,0
1314186,38,0.35000000000000003,0.2919431279620853,0,0.03571428571428571,0.025,0.2073880746837984,0.6666666666666667,2,0.25,0.0,0,0,1.0,0.0,0.6666666666666667,0.2142857142857143,1,0
1416095,38,0.225,0.2765666140073723,0,0.9999999999999999,0.17500000000000002,0.08395904436860069,0.6666666666666667,2,0.25,0.38888888888888884,1,7,1.0,0.3333333333333333,0.0,0.4999999999999999,1,0
1572943,27,0.15000000000000002,0.17319641916798317,0,0.0,0.05,0.30455731780766915,0.3333333333333333,2,0.25,0.1111111111111111,2,0,0.6666666666666667,0.3333333333333333,0.6666666666666667,0.5714285714285713,1,0
1285655,49,0.17500000000000002,0.30516061084781465,1,0.6071428571428571,0.17500000000000002,0.8712708291507729,0.6666666666666667,2,0.25,0.38888888888888884,1,7,1.0,0.6666666666666666,0.6666666666666667,0.2857142857142857,2,0
1620253,34,0.125,0.14776197998946816,1,0.3214285714285714,0.125,0.15571170447701263,0.6666666666666667,0,0.0,0.16666666666666666,2,0,1.0,0.3333333333333333,1.0,0.4285714285714285,2,0
1224749,40,0.375,0.09120589784096894,1,0.6428571428571428,0.17500000000000002,0.5793615739811283,0.6666666666666667,1,0.25,0.1111111111111111,3,7,0.6666666666666667,0.3333333333333333,1.0,0.2857142857142857,1,0
1056367,38,0.42500000000000004,0.29826224328594,1,0.9999999999999999,0.025,0.3718128889781168,0.6666666666666667,1,0.25,0.0,0,0,0.3333333333333333,0.0,0.6666666666666667,0.5714285714285713,1,1
1446715,29,0.25,0.34913112164297,0,0.9285714285714285,0.25,0.9006625175667536,0.6666666666666667,1,0.5,0.2222222222222222,1,9,0.3333333333333333,1.0,0.3333333333333333,0.7857142857142857,1,0
1872375,22,0.1,0.06945760926803582,1,0.14285714285714285,0.1,0.4134912668138928,1.0,0,0.0,0.1111111111111111,2,2,1.0,0.3333333333333333,0.3333333333333333,0.3571428571428571,2,0
1251693,36,0.2,0.0602422327540811,0,0.6071428571428571,0.2,0.22521582011644245,0.6666666666666667,1,0.0,0.05555555555555555,1,7,0.3333333333333333,0.0,0.6666666666666667,0.1428571428571428,0,0
1474327,40,0.125,0.20363349131121647,0,0.2857142857142857,0.07500000000000001,0.48777353944990964,0.3333333333333333,1,0.25,0.1111111111111111,0,2,1.0,0.3333333333333333,0.0,0.2142857142857143,1,0
1721417,46,0.42500000000000004,0.4416535018430753,0,0.0,0.1,0.41252760489861473,0.6666666666666667,1,0.5,0.1111111111111111,0,3,1.0,0.3333333333333333,0.6666666666666667,0.3571428571428571,2,0
1723897,32,0.35000000000000003,0.4945234333859926,0,0.10714285714285714,0.35000000000000003,0.9523388877735394,0.0,1,0.5,0.4444444444444444,9,8,1.0,0.0,0.3333333333333333,0.0,1,0
1847119,30,0.30000000000000004,0.39310163243812535,0,0.0,0.275,0.7561132302750452,0.3333333333333333,2,0.5,0.4444444444444444,5,8,0.6666666666666667,0.0,0.6666666666666667,0.7857142857142857,0,0
1213142,27,0.17500000000000002,0.4724591890468668,0,0.6785714285714285,0.17500000000000002,0.434531218630797,0.6666666666666667,1,0.25,0.38888888888888884,0,7,1.0,0.0,0.6666666666666667,0.2142857142857143,0,0
1155192,51,0.4,0.6045813586097947,0,0.25,0.25,0.5477614936759687,0.3333333333333333,0,0.5,0.5,4,7,0.3333333333333333,0.6666666666666666,0.0,0.3571428571428571,1,0
1806025,30,0.2,0.08678251711427068,1,0.07142857142857142,0.125,0.25946597068861676,0.6666666666666667,0,0.0,0.1111111111111111,0,4,1.0,0.0,0.6666666666666667,0.0,0,1
1296063,41,0.4,0.6625592417061611,1,0.17857142857142855,0.025,0.5051194539249146,0.6666666666666667,3,0.5,0.0,0,0,1.0,0.0,0.6666666666666667,0.4999999999999999,0,0
1502689,30,0.225,0.29947340705634545,0,0.8928571428571428,0.15000000000000002,0.8381047982332864,0.3333333333333333,1,0.25,0.16666666666666666,0,1,0.6666666666666667,0.0,0.3333333333333333,0.2857142857142857,0,1
1849547,29,0.17500000000000002,0.05523959978936282,0,0.0,0.15000000000000002,0.7092150170648465,0.6666666666666667,0,0.0,0.1111111111111111,1,5,0.6666666666666667,0.0,0.3333333333333333,0.2142857142857143,0,0
1715116,45,0.5750000000000001,0.41369141653501845,0,0.17857142857142855,0.47500000000000003,0.5920899417787593,0.3333333333333333,1,0.5,0.38888888888888884,12,8,1.0,0.0,0.6666666666666667,0.0714285714285714,0,0
1088447,54,0.4,0.25966298051606107,0,0.07142857142857142,0.15000000000000002,0.5989560329251155,0.6666666666666667,1,0.25,0.1111111111111111,0,5,1.0,0.3333333333333333,0.6666666666666667,0.2142857142857143,1,0
1408349,36,0.4,0.25829383886255924,0,0.14285714285714285,0.325,0.31523790403533425,0.6666666666666667,1,0.25,0.611111111111111,3,7,1.0,0.0,1.0,0.3571428571428571,0,0
1291194,33,0.17500000000000002,0.08493944181147975,0,0.10714285714285714,0.07500000000000001,0.4478618751254768,0.3333333333333333,0,0.0,0.1111111111111111,1,1,0.6666666666666667,0.0,0.6666666666666667,0.7142857142857143,1,0
1699240,37,0.25,0.5885202738283307,1,0.35714285714285715,0.25,0.31969484039349527,0.6666666666666667,0,0.5,0.4444444444444444,0,7,0.3333333333333333,1.0,0.6666666666666667,0.2142857142857143,2,0
1059303,38,0.42500000000000004,0.5055292259083728,0,0.07142857142857142,0.4,0.3032724352539651,0.6666666666666667,1,0.5,0.5555555555555556,5,13,0.0,0.6666666666666666,0.3333333333333333,0.0714285714285714,2,0
1530760,31,0.15000000000000002,0.17567140600315956,0,0.0,0.125,0.09182895001003813,0.0,2,0.25,0.2222222222222222,1,4,0.6666666666666667,0.3333333333333333,0.6666666666666667,0.0714285714285714,1,0
1187985,59,0.17500000000000002,0.061506055818852025,0,0.07142857142857142,0.025,0.25545071270829145,0.3333333333333333,0,0.0,0.0,0,0,0.6666666666666667,0.3333333333333333,0.6666666666666667,0.4285714285714285,1,0
1721312,37,0.325,0.09394418114797262,0,0.10714285714285714,0.225,0.0178678980124473,0.6666666666666667,0,0.0,0.4444444444444444,5,8,0.0,0.3333333333333333,0.6666666666666667,0.4285714285714285,2,0
1129392,29,0.275,0.36382306477093207,0,0.0,0.275,0.18088737201365188,0.6666666666666667,1,0.5,0.5555555555555556,4,1,0.3333333333333333,0.3333333333333333,0.6666666666666667,0.2142857142857143,1,0
1278690,35,0.25,0.40968931016324384,0,0.0,0.25,0.28114836378237296,0.6666666666666667,1,0.5,0.38888888888888884,0,8,0.6666666666666667,0.0,1.0,0.2142857142857143,0,0
1118323,29,0.1,0.0726698262243286,1,0.6071428571428571,0.1,0.5166432443284481,0.3333333333333333,0,0.0,0.16666666666666666,0,1,0.6666666666666667,0.0,0.3333333333333333,0.1428571428571428,0,1
1709918,52,0.15000000000000002,0.11600842548709847,0,0.03571428571428571,0.05,0.04842401124272233,0.3333333333333333,1,0.0,0.1111111111111111,2,2,0.6666666666666667,0.0,0.3333333333333333,0.2857142857142857,0,0
1470356,42,0.55,0.9596103212216957,0,0.10714285714285714,0.55,0.11399317406143344,0.6666666666666667,0,1.0,0.9444444444444444,11,15,0.6666666666666667,0.0,0.6666666666666667,0.0,1,0
1128374,59,0.17500000000000002,0.06624539231174303,0,0.17857142857142855,0.05,0.9461152379040353,0.6666666666666667,0,0.0,0.1111111111111111,2,2,0.3333333333333333,0.0,0.3333333333333333,0.4285714285714285,1,0
1508741,50,0.8,0.9746182201158505,0,0.0,0.17500000000000002,0.8843204175868299,0.6666666666666667,3,1.0,0.0,0,6,1.0,0.3333333333333333,0.3333333333333333,0.0,2,0
1598911,33,0.2,0.07514481305950502,1,0.4642857142857143,0.125,0.805259987954226,0.6666666666666667,1,0.0,0.2222222222222222,0,4,0.6666666666666667,0.3333333333333333,0.0,0.1428571428571428,1,1
1177110,43,0.55,0.7927856766719326,1,0.5357142857142857,0.42500000000000004,0.22686207588837584,0.6666666666666667,3,0.75,0.7222222222222222,1,9,1.0,0.3333333333333333,0.6666666666666667,0.7857142857142857,1,0
1484656,33,0.325,0.08941548183254344,0,0.03571428571428571,0.225,0.7795623368801445,0.6666666666666667,1,0.0,0.38888888888888884,1,7,0.0,0.0,1.0,0.6428571428571427,1,1
1693414,52,0.8250000000000001,0.9509741969457609,1,0.03571428571428571,0.8250000000000001,0.7603292511543867,0.3333333333333333,3,1.0,0.38888888888888884,15,12,0.0,0.0,1.0,0.4999999999999999,0,0
1806233,32,0.15000000000000002,0.153870458135861,0,0.10714285714285714,0.1,0.7587231479622566,0.6666666666666667,0,0.0,0.16666666666666666,1,2,0.6666666666666667,0.3333333333333333,0.6666666666666667,0.0,1,0
1127107,32,0.1,0.14328593996840444,1,0.0,0.07500000000000001,0.30022083918891784,0.3333333333333333,1,0.0,0.1111111111111111,1,2,1.0,0.0,0.0,0.2142857142857143,0,1
1548210,39,0.17500000000000002,0.06440231700895208,0,0.0,0.07500000000000001,0.5349528207187312,0.6666666666666667,1,0.0,0.1111111111111111,1,2,0.6666666666666667,1.0,0.6666666666666667,0.2142857142857143,2,0
1857248,32,0.1,0.18199052132701424,0,0.8928571428571428,0.07500000000000001,0.4005219835374423,0.6666666666666667,1,0.25,0.1111111111111111,2,2,0.6666666666666667,0.0,0.6666666666666667,0.4999999999999999,1,0
1491722,41,0.42500000000000004,0.10863612427593472,0,0.6428571428571428,0.025,0.7140333266412366,0.6666666666666667,0,0.25,0.0,0,0,0.6666666666666667,0.6666666666666666,0.3333333333333333,0.3571428571428571,2,0
1548175,40,0.225,0.12164296998420221,0,0.8214285714285714,0.225,0.8975306163421,0.6666666666666667,0,0.25,0.4444444444444444,4,7,0.0,0.6666666666666666,0.6666666666666667,0.4285714285714285,2,0
1197716,45,0.625,0.9580305423907319,0,0.0,0.6000000000000001,0.5571571973499297,1.0,0,1.0,0.0,1,7,0.6666666666666667,0.3333333333333333,0.6666666666666667,0.0,1,0
1275604,31,0.225,0.6669826224328594,0,0.07142857142857142,0.05,0.4589038345713712,0.6666666666666667,0,0.5,0.1111111111111111,2,2,0.3333333333333333,0.3333333333333333,0.6666666666666667,0.0714285714285714,2,0
1632856,33,0.05,0.10015797788309638,0,0.14285714285714285,0.05,0.5092150170648464,0.3333333333333333,0,0.0,0.1111111111111111,0,2,0.6666666666666667,0.3333333333333333,0.3333333333333333,0.1428571428571428,1,0
1874724,34,0.325,0.2605581885202738,0,0.03571428571428571,0.275,0.8670146556916282,0.3333333333333333,2,0.25,0.5,5,9,1.0,0.3333333333333333,0.6666666666666667,0.1428571428571428,1,0
1133458,37,0.42500000000000004,0.15329120589784098,0,0.0,0.07500000000000001,0.666653282473399,0.3333333333333333,0,0.0,0.05555555555555555,0,2,0.6666666666666667,0.3333333333333333,0.3333333333333333,0.2142857142857143,1,0
1213490,45,0.225,0.2856766719325961,0,0.2142857142857143,0.07500000000000001,0.12142140132503512,1.0,2,0.25,0.1111111111111111,0,2,0.0,0.3333333333333333,0.6666666666666667,0.4285714285714285,1,0
1440072,37,0.42500000000000004,0.4759873617693523,0,0.3214285714285714,0.025,0.822284681790805,0.6666666666666667,2,0.5,0.0,0,0,0.0,0.6666666666666666,0.6666666666666667,0.0,2,0
1492815,39,0.5,0.5228541337546077,0,0.03571428571428571,0.47500000000000003,0.17370006022886972,0.6666666666666667,1,0.5,0.3333333333333333,11,8,0.6666666666666667,0.0,0.6666666666666667,0.9999999999999999,0,0
1322829,29,0.15000000000000002,0.07008952080042127,0,0.5,0.15000000000000002,0.8262999397711303,0.6666666666666667,0,0.0,0.2777777777777778,1,5,0.6666666666666667,0.0,0.6666666666666667,0.5714285714285713,0,0
1453272,42,0.25,0.29152185360716165,1,0.5714285714285714,0.07500000000000001,0.8400722746436459,1.0,0,0.25,0.1111111111111111,0,2,1.0,0.0,0.6666666666666667,0.1428571428571428,0,0
1234458,29,0.25,0.3118483412322275,0,0.6785714285714285,0.07500000000000001,0.34683798434049384,0.6666666666666667,1,0.25,0.1111111111111111,0,2,1.0,0.3333333333333333,0.6666666666666667,0.2142857142857143,2,0
1336242,25,0.125,0.20479199578725646,0,0.0,0.1,0.21726560931539848,0.6666666666666667,2,0.25,0.1111111111111111,1,2,0.0,0.6666666666666666,0.6666666666666667,0.0714285714285714,1,0
1068917,42,0.25,0.08341232227488152,1,0.03571428571428571,0.225,0.23742220437663117,0.3333333333333333,1,0.0,0.3333333333333333,7,8,1.0,0.3333333333333333,0.6666666666666667,0.0,2,0
1804073,40,0.55,0.9703528172722485,0,0.03571428571428571,0.525,0.15478819514153783,0.6666666666666667,0,1.0,0.38888888888888884,3,9,0.0,0.3333333333333333,0.6666666666666667,0.5714285714285713,2,0
1435995,51,0.025,0.09025803054239073,0,0.0,0.025,0.8487050793013451,0.6666666666666667,0,0.0,0.0,0,0,0.6666666666666667,0.0,0.3333333333333333,0.0,1,0
1577501,31,0.15000000000000002,0.13006845708267512,0,0.9999999999999999,0.125,0.383778357759486,0.3333333333333333,1,0.0,0.2222222222222222,1,4,0.6666666666666667,0.0,1.0,0.0,0,0
1075035,32,0.125,0.09399684044233808,0,0.2142857142857143,0.125,0.9623770327243525,1.0,1,0.0,0.05555555555555555,0,3,0.3333333333333333,0.0,0.0,0.6428571428571427,1,0
1520532,38,0.325,0.22327540810953136,0,0.03571428571428571,0.2,0.7062035735796025,0.3333333333333333,1,0.25,0.38888888888888884,7,5,1.0,0.3333333333333333,0.6666666666666667,0.4999999999999999,1,0
1593179,32,0.225,0.06145339652448658,0,0.03571428571428571,0.15000000000000002,0.7084119654687814,0.3333333333333333,1,0.25,0.1111111111111111,0,4,1.0,0.0,0.6666666666666667,0.1428571428571428,0,0
1244300,46,0.7000000000000001,0.8353343865192207,1,0.03571428571428571,0.17500000000000002,0.5172856856053002,0.0,3,0.75,0.38888888888888884,7,7,0.6666666666666667,0.3333333333333333,0.3333333333333333,0.0714285714285714,1,0
1622255,28,0.125,0.13038441284886784,0,0.03571428571428571,0.0,0.5155992772535636,0.6666666666666667,1,0.0,0.0,0,0,0.0,0.0,0.0,0.0,0,1
1662066,29,0.25,0.29673512374934174,0,0.03571428571428571,0.0,0.063963059626581,0.3333333333333333,1,0.25,0.0,0,0,0.0,0.6666666666666666,0.6666666666666667,0.5714285714285713,1,0
1247928,31,0.25,0.240810953133228,0,0.7857142857142857,0.225,0.49443886769724954,0.3333333333333333,1,0.25,0.0,7,8,0.3333333333333333,0.3333333333333333,0.6666666666666667,0.7142857142857143,1,0
1087213,25,0.15000000000000002,0.15750394944707743,0,0.14285714285714285,0.15000000000000002,0.654085524994981,1.0,1,0.25,0.16666666666666666,1,5,0.3333333333333333,0.6666666666666666,0.6666666666666667,0.0714285714285714,2,0
1269016,45,0.525,0.6575566087414428,1,0.6785714285714285,0.5,0.2171049989961855,0.6666666666666667,1,0.75,0.38888888888888884,4,10,0.6666666666666667,0.0,0.6666666666666667,0.2142857142857143,1,0
1416436,36,0.4,0.11590310689836758,0,0.17857142857142855,0.375,0.729050391487653,0.6666666666666667,1,0.0,0.7222222222222222,10,11,1.0,0.3333333333333333,0.6666666666666667,0.0,1,0
1124764,55,0.925,0.9497630331753554,1,0.0,0.9,0.6763300542059827,0.6666666666666667,0,1.0,0.5555555555555556,4,13,1.0,0.0,0.6666666666666667,0.2142857142857143,0,0
1524494,47,0.25,0.5708267509215377,1,0.9999999999999999,0.25,0.3282071873117848,0.6666666666666667,0,0.5,0.38888888888888884,9,9,0.0,0.3333333333333333,0.3333333333333333,0.0714285714285714,1,1
1376531,28,0.125,0.055871511321748286,0,0.2857142857142857,0.125,0.02083918891788797,0.6666666666666667,0,0.0,0.1111111111111111,0,4,1.0,0.3333333333333333,0.3333333333333333,0.8571428571428571,1,0
1487080,37,0.17500000000000002,0.28925750394944705,0,0.17857142857142855,0.125,0.8324031319012246,0.6666666666666667,1,0.25,0.2222222222222222,0,1,0.6666666666666667,0.3333333333333333,1.0,0.2142857142857143,1,0
1836214,21,0.07500000000000001,0.11695629278567668,0,0.07142857142857142,0.07500000000000001,0.33876731580004016,0.3333333333333333,0,0.0,0.1111111111111111,1,0,1.0,0.0,1.0,0.4285714285714285,0,0
1397780,37,0.375,0.6631911532385466,1,0.0,0.125,0.38478217225456735,0.6666666666666667,0,0.5,0.1111111111111111,0,2,0.0,0.6666666666666666,0.6666666666666667,0.4999999999999999,2,0
1281199,35,0.25,0.5785676671932596,0,0.75,0.17500000000000002,0.6828347721341096,1.0,0,0.5,0.38888888888888884,6,2,0.3333333333333333,0.3333333333333333,0.3333333333333333,0.4999999999999999,2,0
1566712,38,0.2,0.24202211690363348,1,0.2142857142857143,0.2,0.6864886568962055,1.0,1,0.25,0.0,7,7,0.0,0.3333333333333333,0.6666666666666667,0.9285714285714285,2,0
1256655,26,0.15000000000000002,0.28372827804107426,0,0.0,0.15000000000000002,0.9906846014856455,0.6666666666666667,2,0.25,0.2777777777777778,1,4,0.6666666666666667,0.3333333333333333,0.0,0.6428571428571427,2,0
1187620,50,0.7000000000000001,0.9549763033175355,0,0.10714285714285714,0.25,0.5509335474804257,0.6666666666666667,0,1.0,0.2222222222222222,1,6,0.0,0.6666666666666666,0.3333333333333333,0.2142857142857143,2,0
1032001,53,0.525,0.872827804107425,1,0.07142857142857142,0.125,0.7597671150371411,0.6666666666666667,0,0.75,0.16666666666666666,1,3,0.6666666666666667,1.0,0.3333333333333333,0.3571428571428571,1,0
1220520,42,0.5,0.20526592943654556,0,0.0,0.5,0.9009435856253765,0.6666666666666667,1,0.25,0.8888888888888888,11,6,0.3333333333333333,0.0,0.6666666666666667,0.9999999999999999,1,0
1524207,29,0.25,0.18667719852553977,0,0.03571428571428571,0.25,0.7294117647058823,0.6666666666666667,1,0.25,0.38888888888888884,0,9,0.3333333333333333,0.0,0.3333333333333333,0.4999999999999999,0,0
1552398,55,0.30000000000000004,0.23201685097419697,1,0.6785714285714285,0.25,0.5572375025095362,0.6666666666666667,1,0.25,0.38888888888888884,0,8,0.3333333333333333,0.3333333333333333,0.6666666666666667,0.5714285714285713,1,0
1753629,26,0.125,0.19652448657187996,1,0.35714285714285715,0.125,0.8282674161814897,0.6666666666666667,1,0.25,0.16666666666666666,3,3,0.0,0.3333333333333333,0.6666666666666667,0.1428571428571428,1,0
1649314,37,0.42500000000000004,0.05824117956819378,0,0.0,0.42500000000000004,0.5535836177474402,0.6666666666666667,0,0.0,0.6666666666666666,5,7,1.0,0.0,0.6666666666666667,0.0714285714285714,0,0
1353021,44,0.47500000000000003,0.11332280147446025,1,0.8214285714285714,0.025,0.7157598875727765,0.6666666666666667,1,0.0,0.0,0,0,1.0,0.3333333333333333,0.0,0.7857142857142857,2,1
1704408,38,0.25,0.24939441811479726,0,0.7857142857142857,0.05,0.6747641035936559,0.6666666666666667,1,0.25,0.1111111111111111,1,2,1.0,0.3333333333333333,0.6666666666666667,0.2142857142857143,2,0
1031524,26,0.125,0.07182727751448131,1,0.5357142857142857,0.07500000000000001,0.48528407950210806,0.6666666666666667,1,0.0,0.1111111111111111,0,2,0.0,0.3333333333333333,0.6666666666666667,0.1428571428571428,2,1
1124932,28,0.125,0.12116903633491313,0,0.25,0.125,0.09612527604898613,0.6666666666666667,0,0.0,0.16666666666666666,0,2,1.0,0.0,0.6666666666666667,0.7142857142857143,0,0
1865139,49,0.55,0.9297525013164823,1,0.3214285714285714,0.07500000000000001,0.9435856253764304,0.6666666666666667,0,1.0,0.1111111111111111,1,2,0.6666666666666667,0.0,0.6666666666666667,0.0,0,0
1158764,36,0.25,0.18304370721432334,0,0.07142857142857142,0.2,0.9713310580204778,0.6666666666666667,0,0.25,0.0,7,7,0.6666666666666667,0.0,0.6666666666666667,0.0714285714285714,0,0
1794901,31,0.05,0.09373354397051081,0,0.14285714285714285,0.05,0.07287693234290302,0.6666666666666667,0,0.0,0.1111111111111111,2,2,1.0,0.3333333333333333,0.3333333333333333,0.0,2,0
1707521,26,0.2,0.25376513954713004,1,0.10714285714285714,0.2,0.255209797229472,0.3333333333333333,1,0.25,0.38888888888888884,7,4,1.0,0.0,0.6666666666666667,0.0714285714285714,0,1
1628660,37,0.1,0.0693522906793049,1,0.2857142857142857,0.1,0.37410158602690224,0.6666666666666667,0,0.0,0.1111111111111111,1,2,0.3333333333333333,1.0,0.3333333333333333,0.0714285714285714,1,0
1099592,42,0.5750000000000001,0.6590837282780411,0,0.8928571428571428,0.5,0.5127484440875326,0.6666666666666667,1,0.75,0.2222222222222222,4,8,0.6666666666666667,0.3333333333333333,1.0,0.2142857142857143,1,0
1837825,18,0.0,0.02164296998420221,0,0.07142857142857142,0.0,0.9290905440674563,0.6666666666666667,1,0.0,0.0,0,0,0.6666666666666667,0.0,0.6666666666666667,0.1428571428571428,0,0
1284393,35,0.30000000000000004,0.3691943127962085,0,0.5357142857142857,0.275,0.12069865488857659,0.6666666666666667,1,0.5,0.5,6,9,0.6666666666666667,0.6666666666666666,0.3333333333333333,0.2857142857142857,1,0
1720804,36,0.1,0.1410742496050553,0,0.6071428571428571,0.025,0.20188717125075287,1.0,1,0.0,0.0,0,0,0.6666666666666667,0.6666666666666666,0.6666666666666667,0.4999999999999999,1,0
1749725,51,0.325,0.23554502369668248,0,0.03571428571428571,0.1,0.5712507528608713,0.0,2,0.25,0.05555555555555555,1,2,1.0,0.3333333333333333,0.6666666666666667,0.4999999999999999,2,0
1460737,41,0.55,0.7902053712480253,0,0.03571428571428571,0.55,0.5541859064444891,0.6666666666666667,3,0.75,0.5555555555555556,0,4,1.0,0.0,0.6666666666666667,0.5714285714285713,0,0
1464566,18,0.0,0.010057925223802007,0,0.3214285714285714,0.0,0.3063641838988155,0.3333333333333333,0,0.0,0.0,0,0,1.0,0.0,0.6666666666666667,0.0714285714285714,0,1
1608953,28,0.225,0.24497103738809903,0,0.5357142857142857,0.2,0.10961654286287895,1.0,1,0.25,0.16666666666666666,0,7,0.3333333333333333,0.0,0.6666666666666667,0.5714285714285713,0,0
1162080,31,0.25,0.31174302264349657,0,0.2142857142857143,0.2,0.4074282272636016,1.0,1,0.25,0.38888888888888884,7,7,0.3333333333333333,0.3333333333333333,0.3333333333333333,0.0,1,0
1317347,39,0.47500000000000003,0.45308056872037916,0,0.0,0.45,0.3552700260991769,1.0,1,0.5,0.5555555555555556,3,7,0.6666666666666667,1.0,0.3333333333333333,0.4285714285714285,2,0
1712914,36,0.275,0.2456556082148499,0,0.8214285714285714,0.225,0.19405741818911862,0.6666666666666667,1,0.25,0.4444444444444444,0,8,0.3333333333333333,0.3333333333333333,0.6666666666666667,0.2857142857142857,1,0
1672940,32,0.325,0.2356503422854134,0,0.2142857142857143,0.325,0.5979120658502308,0.3333333333333333,1,0.25,0.4444444444444444,4,8,1.0,0.3333333333333333,0.3333333333333333,0.2142857142857143,1,0
1535275,38,0.47500000000000003,0.5819905213270142,0,0.8571428571428571,0.25,0.9882754466974503,0.3333333333333333,3,0.5,0.4444444444444444,0,1,0.0,0.3333333333333333,0.6666666666666667,0.4285714285714285,1,0
1505031,58,0.30000000000000004,0.24491837809373354,1,0.0,0.125,0.6007628990162618,0.0,1,0.25,0.16666666666666666,1,2,1.0,0.3333333333333333,0.6666666666666667,0.1428571428571428,2,0
1546688,31,0.15000000000000002,0.2007372301211164,1,0.14285714285714285,0.125,0.3205380445693635,0.6666666666666667,0,0.0,0.1111111111111111,0,3,0.6666666666666667,0.3333333333333333,0.6666666666666667,0.0714285714285714,1,0
1578970,31,0.225,0.28441284886782514,0,0.03571428571428571,0.05,0.6315197751455531,0.3333333333333333,0,0.25,0.1111111111111111,1,0,0.0,0.0,0.6666666666666667,0.0714285714285714,1,0
1304896,45,0.6000000000000001,0.2212216956292786,0,0.2142857142857143,0.6000000000000001,0.7313390885364385,0.6666666666666667,1,0.5,0.5,9,11,0.0,0.3333333333333333,0.6666666666666667,0.4999999999999999,2,0
1685562,31,0.07500000000000001,0.08878357030015799,1,0.03571428571428571,0.05,0.22698253362778556,0.6666666666666667,0,0.0,0.1111111111111111,2,2,0.6666666666666667,0.3333333333333333,0.0,0.4999999999999999,2,0
1172739,33,0.30000000000000004,0.5723538704581359,0,0.14285714285714285,0.25,0.8540453724151776,0.6666666666666667,0,0.5,0.3333333333333333,8,8,1.0,0.6666666666666666,0.6666666666666667,0.0,1,0
1536502,39,0.525,0.84565560821485,1,0.3214285714285714,0.525,0.13093756273840593,0.6666666666666667,0,0.75,0.5,11,10,0.6666666666666667,0.0,0.6666666666666667,0.2142857142857143,1,0
1837585,43,0.225,0.07614533965244866,0,0.3214285714285714,0.2,0.34454928729170853,0.6666666666666667,1,0.0,0.38888888888888884,1,7,0.6666666666666667,0.0,0.6666666666666667,0.5714285714285713,0,0
1230043,49,0.625,0.682201158504476,1,0.0,0.17500000000000002,0.631037944187914,0.3333333333333333,1,0.75,0.05555555555555555,0,7,0.6666666666666667,0.0,0.6666666666666667,0.0714285714285714,0,0
1202360,52,0.275,0.20705634544497106,0,0.25,0.2,0.6285083316603092,0.3333333333333333,0,0.25,0.1111111111111111,7,7,0.6666666666666667,0.0,0.3333333333333333,0.2857142857142857,1,0
1680149,27,0.1,0.07735650342285413,1,0.14285714285714285,0.1,0.7566352138124874,0.6666666666666667,0,0.0,0.16666666666666666,1,2,0.6666666666666667,0.0,0.3333333333333333,0.0714285714285714,0,0
1696143,32,0.325,0.2221695629278568,1,0.25,0.325,0.9046376229672757,0.3333333333333333,1,0.25,0.6666666666666666,11,9,0.6666666666666667,0.0,0.6666666666666667,0.0,1,0
1773686,27,0.125,0.18267509215376515,1,0.03571428571428571,0.125,0.12640032122063843,0.6666666666666667,1,0.25,0.2222222222222222,0,4,1.0,0.0,0.6666666666666667,0.0,0,0
1625490,31,0.325,0.3442864665613481,0,0.2142857142857143,0.17500000000000002,0.20273037542662117,0.6666666666666667,1,0.25,0.38888888888888884,1,7,1.0,1.0,0.6666666666666667,0.0714285714285714,2,0
1038656,32,0.25,0.21305950500263296,0,0.03571428571428571,0.17500000000000002,0.3398112828749247,1.0,0,0.25,0.38888888888888884,0,7,0.0,0.0,0.3333333333333333,0.3571428571428571,0,0
1323864,28,0.125,0.12927856766719328,1,0.03571428571428571,0.07500000000000001,0.9091748644850431,0.0,0,0.0,0.1111111111111111,2,2,0.0,0.0,0.3333333333333333,0.1428571428571428,1,1
1222187,30,0.275,0.2509741969457609,0,0.9642857142857143,0.25,0.3951013852640032,0.6666666666666667,0,0.25,0.4444444444444444,1,9,1.0,0.6666666666666666,0.6666666666666667,0.1428571428571428,1,0
1452875,31,0.25,0.41779884149552393,0,0.2142857142857143,0.25,0.47942180285083313,0.3333333333333333,2,0.5,0.5,8,9,0.6666666666666667,0.3333333333333333,0.6666666666666667,0.9285714285714285,1,0
1375684,39,0.525,0.9617166929963138,0,0.2142857142857143,0.525,0.7647861875125477,0.3333333333333333,0,1.0,0.5,13,3,0.6666666666666667,0.3333333333333333,0.6666666666666667,0.2857142857142857,1,0
1864653,39,0.30000000000000004,0.22269615587151134,1,0.07142857142857142,0.025,0.62975306163421,0.6666666666666667,1,0.25,0.0,0,0,1.0,0.0,0.3333333333333333,0.4999999999999999,1,1
1810061,33,0.225,0.19341758820431806,0,0.3214285714285714,0.17500000000000002,0.08925918490262999,0.3333333333333333,1,0.25,0.38888888888888884,0,1,0.3333333333333333,0.0,0.3333333333333333,0.2142857142857143,0,0
1857574,47,0.525,0.9105318588730911,0,0.14285714285714285,0.07500000000000001,0.5734189921702469,0.6666666666666667,3,1.0,0.1111111111111111,1,1,1.0,0.3333333333333333,0.6666666666666667,0.0,1,0
1342581,43,0.225,0.22369668246445498,0,0.3214285714285714,0.225,0.16595061232684197,0.3333333333333333,1,0.25,0.38888888888888884,0,0,0.6666666666666667,0.3333333333333333,1.0,0.0,2,0
1863408,27,0.15000000000000002,0.2812006319115324,1,0.0,0.125,0.8035735796024894,0.6666666666666667,1,0.25,0.2222222222222222,1,4,0.6666666666666667,0.3333333333333333,0.6666666666666667,0.1428571428571428,1,0
1028630,54,0.5,0.20326487625065828,0,0.6785714285714285,0.1,0.5938968078699056,0.6666666666666667,0,0.25,0.16666666666666666,0,3,1.0,0.0,0.3333333333333333,0.0714285714285714,0,0
1416430,43,0.25,0.4726698262243286,0,0.2142857142857143,0.025,0.28781369202971285,0.6666666666666667,1,0.5,0.0,0,0,0.6666666666666667,0.3333333333333333,0.3333333333333333,0.3571428571428571,1,0
1139398,45,0.30000000000000004,0.1415481832543444,0,0.25,0.25,0.28845613330656494,0.6666666666666667,0,0.25,0.5,9,8,1.0,0.6666666666666666,0.6666666666666667,0.2142857142857143,1,0
1267133,40,0.15000000000000002,0.3395471300684571,1,0.0,0.1,0.4488656896205582,0.0,1,0.25,0.16666666666666666,0,2,0.3333333333333333,1.0,0.3333333333333333,0.7857142857142857,1,0
1701544,29,0.17500000000000002,0.0584518167456556,1,0.25,0.17500000000000002,0.10700662517566753,0.0,1,0.0,0.38888888888888884,0,7,0.3333333333333333,0.0,0.3333333333333333,0.0,1,1
1574346,29,0.1,0.15660874144286469,0,0.2857142857142857,0.07500000000000001,0.22192330857257578,0.3333333333333333,1,0.0,0.1111111111111111,2,2,0.3333333333333333,0.0,0.6666666666666667,0.4285714285714285,0,0
1446564,30,0.25,0.26903633491311213,0,0.14285714285714285,0.25,0.1339891588034531,0.3333333333333333,1,0.25,0.5,1,2,1.0,1.0,0.6666666666666667,0.1428571428571428,2,0
1646930,27,0.2,0.2740916271721959,0,0.25,0.2,0.05304155792009638,0.6666666666666667,1,0.25,0.38888888888888884,0,7,0.3333333333333333,0.3333333333333333,0.6666666666666667,0.4999999999999999,1,0
1514947,37,0.2,0.28109531332280147,0,0.14285714285714285,0.15000000000000002,0.8465368399919695,0.6666666666666667,2,0.25,0.1111111111111111,0,4,1.0,0.6666666666666666,0.3333333333333333,0.3571428571428571,2,0
1650545,38,0.30000000000000004,0.5529752501316483,1,0.5,0.275,0.545593254366593,0.3333333333333333,3,0.5,0.5555555555555556,2,9,0.6666666666666667,0.3333333333333333,0.6666666666666667,0.2142857142857143,2,0
1549614,31,0.275,0.32301211163770405,1,0.2142857142857143,0.275,0.9483637823730174,0.6666666666666667,2,0.5,0.5,4,10,0.6666666666666667,0.0,0.3333333333333333,0.2142857142857143,0,0
1259109,29,0.17500000000000002,0.3822538177988415,1,0.3214285714285714,0.17500000000000002,0.39237100983738205,0.3333333333333333,1,0.25,0.38888888888888884,1,7,1.0,0.6666666666666666,0.6666666666666667,0.2142857142857143,2,0
1138615,35,0.42500000000000004,0.3731437598736177,0,0.14285714285714285,0.4,0.6492672154185907,0.6666666666666667,2,0.5,0.3333333333333333,0,13,0.6666666666666667,0.0,0.6666666666666667,0.1428571428571428,0,0
1366078,23,0.1,0.0997893628225382,0,0.8928571428571428,0.1,0.5620558120859265,0.6666666666666667,0,0.0,0.1111111111111111,0,2,0.6666666666666667,0.6666666666666666,0.3333333333333333,0.0714285714285714,2,0
1477474,41,0.2,0.264507635597683,1,0.17857142857142855,0.125,0.32186307970287087,0.3333333333333333,2,0.25,0.2222222222222222,1,2,1.0,0.0,0.6666666666666667,0.2857142857142857,0,0
1406287,47,0.125,0.10358083201685098,0,0.10714285714285714,0.0,0.9498895804055411,0.6666666666666667,0,0.25,0.0,0,0,0.3333333333333333,0.0,0.6666666666666667,0.5714285714285713,0,0
1544429,42,0.4,0.7889942074776198,0,0.7857142857142857,0.025,0.5543866693435053,0.6666666666666667,3,0.75,0.0,0,0,0.0,0.0,0.6666666666666667,0.2142857142857143,0,0
1171206,29,0.1,0.19167983149025805,0,0.03571428571428571,0.1,0.5956233688014455,0.6666666666666667,1,0.25,0.16666666666666666,0,2,1.0,0.3333333333333333,0.3333333333333333,0.2142857142857143,1,0
1634652,42,0.1,0.08883622959452345,1,0.03571428571428571,0.07500000000000001,0.8802650070267014,0.6666666666666667,0,0.0,0.1111111111111111,1,0,0.6666666666666667,0.3333333333333333,0.6666666666666667,0.0,2,0
1280175,32,0.2,0.07166929963138494,0,0.03571428571428571,0.2,0.0747641035936559,0.6666666666666667,1,0.0,0.0,0,7,0.6666666666666667,0.3333333333333333,0.6666666666666667,0.1428571428571428,1,0
1464473,48,0.375,0.605318588730911,0,0.9999999999999999,0.0,0.8786990564143746,0.6666666666666667,3,0.5,0.0,0,0,0.0,0.3333333333333333,0.0,0.7142857142857143,1,0
1400436,37,0.325,0.26145339652448657,1,0.17857142857142855,0.17500000000000002,0.5985545071270829,1.0,0,0.25,0.38888888888888884,6,7,0.6666666666666667,0.6666666666666666,0.6666666666666667,0.1428571428571428,2,0
1465814,30,0.1,0.19626119010005266,1,0.8571428571428571,0.05,0.15960650471792812,0.6666666666666667,1,0.25,0.1111111111111111,2,2,1.0,0.3333333333333333,1.0,0.0714285714285714,1,1
1622008,26,0.2,0.22575039494470775,0,0.0,0.2,0.7252358964063441,0.6666666666666667,1,0.25,0.38888888888888884,7,7,0.6666666666666667,0.3333333333333333,0.6666666666666667,0.4285714285714285,1,0
1679401,42,0.35000000000000003,0.3039494470774092,0,0.03571428571428571,0.025,0.6016462557719333,0.3333333333333333,1,0.25,0.0,0,0,0.0,0.0,0.6666666666666667,0.8571428571428571,0,0
1612768,21,0.07500000000000001,0.06134807793575566,1,0.0,0.07500000000000001,0.28331660309174866,0.3333333333333333,0,0.0,0.1111111111111111,1,2,0.0,0.0,0.6666666666666667,0.0,0,1
1680323,36,0.17500000000000002,0.29720905739863085,0,0.0,0.025,0.5292913069664726,0.6666666666666667,1,0.25,0.0,0,0,1.0,0.0,0.6666666666666667,0.2857142857142857,0,0
1340908,36,0.4,0.45760926803580837,0,0.07142857142857142,0.325,0.20686609114635615,0.3333333333333333,1,0.5,0.5,1,12,0.0,0.3333333333333333,0.6666666666666667,0.0,1,0
1407209,57,0.375,0.3025803054239073,0,0.0,0.07500000000000001,0.0350532021682393,0.6666666666666667,1,0.25,0.1111111111111111,1,2,1.0,0.0,0.6666666666666667,0.0,1,0
1196631,40,0.25,0.06340179041600844,1,0.3214285714285714,0.17500000000000002,0.8191527805661514,1.0,1,0.0,0.38888888888888884,1,7,1.0,0.3333333333333333,0.6666666666666667,0.1428571428571428,1,0
1558158,21,0.07500000000000001,0.08430753027909427,0,0.2857142857142857,0.07500000000000001,0.030395502911062036,0.6666666666666667,0,0.0,0.1111111111111111,2,2,0.0,0.0,0.3333333333333333,0.9285714285714285,0,0
1542984,33,0.025,0.09699842022116906,1,0.14285714285714285,0.025,0.28331660309174866,0.6666666666666667,0,0.0,0.0,0,0,1.0,0.0,0.6666666666666667,0.1428571428571428,0,1
1665531,37,0.42500000000000004,0.1286466561348078,0,0.3214285714285714,0.125,0.625135514956836,0.6666666666666667,1,0.0,0.2222222222222222,0,3,0.6666666666666667,0.3333333333333333,0.6666666666666667,0.6428571428571427,1,0
1815564,46,0.17500000000000002,0.22374934175882047,0,0.2142857142857143,0.025,0.5601284882553704,0.6666666666666667,2,0.25,0.0,0,0,0.6666666666666667,0.0,1.0,0.2142857142857143,1,0
1866571,41,0.2,0.43949447077409165,0,0.10714285714285714,0.2,0.2996988556514756,0.6666666666666667,1,0.25,0.38888888888888884,7,7,0.0,0.0,0.6666666666666667,0.4999999999999999,0,0
1589819,50,0.5,0.4995787256450763,0,0.3214285714285714,0.1,0.026540855249949813,0.3333333333333333,1,0.5,0.16666666666666666,1,3,1.0,0.0,0.6666666666666667,0.2857142857142857,0,0
1645744,40,0.2,0.2828330700368615,1,0.75,0.15000000000000002,0.16125276048986148,0.3333333333333333,1,0.25,0.2222222222222222,1,0,0.6666666666666667,0.6666666666666666,0.6666666666666667,0.0714285714285714,1,0
1235953,31,0.07500000000000001,0.08678251711427068,1,0.2857142857142857,0.05,0.2191126279863481,0.3333333333333333,0,0.0,0.1111111111111111,2,2,0.6666666666666667,0.0,0.6666666666666667,0.3571428571428571,0,1
1034442,21,0.025,0.08988941548183255,0,0.39285714285714285,0.025,0.9366793816502711,1.0,0,0.0,0.0,0,0,0.6666666666666667,0.0,0.6666666666666667,0.2857142857142857,0,1
1616596,29,0.15000000000000002,0.06276987888362295,0,0.7857142857142857,0.07500000000000001,0.6454125677574785,0.6666666666666667,0,0.0,0.1111111111111111,1,2,1.0,0.0,0.6666666666666667,0.3571428571428571,0,0
1078791,35,0.25,0.2912585571353344,0,0.2857142857142857,0.025,0.6946396305962658,0.3333333333333333,1,0.25,0.05555555555555555,0,0,0.6666666666666667,0.0,0.6666666666666667,0.5714285714285713,0,0
1513965,27,0.125,0.14781463928383362,0,0.0,0.125,0.633888777353945,0.6666666666666667,1,0.0,0.1111111111111111,0,4,1.0,0.3333333333333333,0.6666666666666667,0.0,2,0
1786169,28,0.17500000000000002,0.22348604528699315,0,0.2857142857142857,0.17500000000000002,0.749086528809476,0.6666666666666667,1,0.25,0.2777777777777778,0,7,0.3333333333333333,0.0,0.6666666666666667,0.3571428571428571,0,0
1377506,49,0.65,0.524275934702475,0,0.2142857142857143,0.125,0.40040152579803245,0.3333333333333333,1,0.5,0.1111111111111111,0,0,0.3333333333333333,0.0,0.6666666666666667,0.9285714285714285,0,0
1653415,51,0.45,0.2067930489731438,0,0.4642857142857143,0.17500000000000002,0.5126681389279262,0.6666666666666667,1,0.25,0.38888888888888884,0,7,0.6666666666666667,0.3333333333333333,0.3333333333333333,0.0,1,0
1125672,36,0.15000000000000002,0.08077935755660876,0,0.03571428571428571,0.05,0.3924513149969885,0.6666666666666667,0,0.0,0.1111111111111111,2,2,1.0,0.3333333333333333,0.6666666666666667,0.1428571428571428,1,0
1629676,34,0.225,0.22617166929963142,1,0.6428571428571428,0.125,0.10271029913671953,1.0,1,0.25,0.1111111111111111,0,4,0.0,0.0,0.3333333333333333,0.1428571428571428,0,1
1121223,55,0.75,0.8241179568193786,1,0.03571428571428571,0.125,0.8497891989560329,0.6666666666666667,0,0.75,0.2222222222222222,1,2,0.6666666666666667,0.0,0.6666666666666667,0.1428571428571428,0,0
1339400,24,0.125,0.17119536598209587,1,0.3214285714285714,0.125,0.15342300742822726,0.6666666666666667,1,0.25,0.1111111111111111,0,3,1.0,0.3333333333333333,1.0,0.0714285714285714,2,0
1382648,30,0.025,0.07725118483412324,0,0.03571428571428571,0.025,0.6159405741818912,0.6666666666666667,0,0.0,0.0,0,0,0.6666666666666667,0.3333333333333333,0.6666666666666667,0.4999999999999999,1,0
1685681,26,0.17500000000000002,0.11021590310689838,0,0.07142857142857142,0.15000000000000002,0.18020477815699656,0.6666666666666667,0,0.0,0.2222222222222222,0,4,0.6666666666666667,0.0,0.6666666666666667,0.7857142857142857,0,0
1700683,22,0.05,0.06503422854133756,0,0.35714285714285715,0.05,0.8972495482834772,0.6666666666666667,0,0.0,0.05555555555555555,1,2,0.0,0.3333333333333333,0.6666666666666667,0.1428571428571428,1,0
1634874,36,0.25,0.3468667719852554,0,0.03571428571428571,0.25,0.06886167436257778,0.3333333333333333,1,0.5,0.5,9,0,0.3333333333333333,0.6666666666666666,0.6666666666666667,0.1428571428571428,1,0
1362644,30,0.07500000000000001,0.06719325961032122,1,0.10714285714285714,0.025,0.05352338887773539,0.6666666666666667,0,0.0,0.0,0,0,0.6666666666666667,0.0,0.6666666666666667,0.8571428571428571,0,1
1286933,37,0.45,0.10663507109004741,0,0.4642857142857143,0.45,0.9965870307167236,0.6666666666666667,1,0.0,0.38888888888888884,12,17,1.0,0.3333333333333333,0.3333333333333333,0.0714285714285714,2,0
1848633,40,0.2,0.2478146392838336,0,0.03571428571428571,0.125,0.82148163019474,0.6666666666666667,1,0.25,0.2222222222222222,1,3,1.0,0.6666666666666666,0.6666666666666667,0.0714285714285714,2,0
1065198,42,0.2,0.0825171142706688,0,0.0,0.125,0.7386468580606304,0.6666666666666667,1,0.0,0.1111111111111111,1,2,0.3333333333333333,0.3333333333333333,0.6666666666666667,0.3571428571428571,2,0
1703984,37,0.45,0.16787783043707216,1,0.3214285714285714,0.025,0.7640634410760891,0.6666666666666667,2,0.25,0.0,0,1,0.6666666666666667,0.0,0.3333333333333333,0.0714285714285714,0,0
1538992,43,0.625,0.7017904160084255,0,0.39285714285714285,0.625,0.09038345713712106,0.3333333333333333,3,0.75,0.5555555555555556,3,9,0.0,0.3333333333333333,0.6666666666666667,0.0,2,0
1488170,40,0.5,0.128436018957346,0,0.03571428571428571,0.025,0.45541056012848824,0.3333333333333333,1,0.25,0.0,0,0,0.3333333333333333,0.3333333333333333,0.6666666666666667,0.7857142857142857,1,0
1530826,54,0.6000000000000001,0.9687730384412848,0,0.14285714285714285,0.1,0.2575787994378639,0.6666666666666667,3,1.0,0.1111111111111111,1,2,0.0,0.3333333333333333,0.3333333333333333,0.0,1,0
1550660,34,0.15000000000000002,0.29115323854660347,0,0.10714285714285714,0.07500000000000001,0.4274643645854246,0.6666666666666667,1,0.25,0.1111111111111111,1,2,0.6666666666666667,0.3333333333333333,0.6666666666666667,0.2857142857142857,1,0
1766543,31,0.325,0.17361769352290682,0,0.2142857142857143,0.325,0.08279461955430636,0.6666666666666667,2,0.25,0.5555555555555556,3,12,0.3333333333333333,0.3333333333333333,0.0,0.0714285714285714,1,0
1241240,43,0.2,0.06577145866245393,0,0.7142857142857143,0.07500000000000001,0.527765508933949,0.6666666666666667,1,0.0,0.1111111111111111,1,2,1.0,0.3333333333333333,0.6666666666666667,0.6428571428571427,1,0
1616188,43,0.2,0.18499210110584519,1,0.25,0.125,0.005340293113832564,0.6666666666666667,1,0.25,0.1111111111111111,0,2,0.6666666666666667,0.0,0.6666666666666667,0.2142857142857143,2,0
1068776,25,0.125,0.18314902580305426,1,0.10714285714285714,0.125,0.40136518771331053,0.3333333333333333,1,0.25,0.2222222222222222,1,3,0.3333333333333333,0.0,0.6666666666666667,0.0,0,0
1514615,37,0.375,0.18114797261716695,1,0.8571428571428571,0.325,0.8742019674764103,0.6666666666666667,0,0.25,0.611111111111111,10,7,0.3333333333333333,0.6666666666666666,0.6666666666666667,0.2857142857142857,1,0
1413436,31,0.1,0.0636650868878357,0,0.0,0.1,0.566111222646055,0.3333333333333333,1,0.0,0.1111111111111111,3,2,1.0,0.3333333333333333,0.6666666666666667,0.0714285714285714,1,0
1660433,39,0.525,0.9577672459189047,1,0.0,0.525,0.24569363581610118,0.6666666666666667,0,1.0,0.4444444444444444,1,6,0.3333333333333333,0.3333333333333333,0.6666666666666667,0.2142857142857143,2,0
1415736,56,0.9,0.6426013691416536,0,0.17857142857142855,0.17500000000000002,0.6489459947801646,1.0,1,0.75,0.38888888888888884,7,7,0.6666666666666667,1.0,0.3333333333333333,0.0,1,0
1356712,30,0.15000000000000002,0.29320695102685623,0,0.39285714285714285,0.125,0.7012246536839992,0.6666666666666667,1,0.25,0.2222222222222222,4,4,0.3333333333333333,0.0,0.6666666666666667,0.0,0,0
1482423,41,0.25,0.388783570300158,0,0.0,0.25,0.7015458743224252,1.0,1,0.5,0.38888888888888884,0,7,0.3333333333333333,0.3333333333333333,0.6666666666666667,0.3571428571428571,1,0
1735186,28,0.25,0.1868878357030016,0,0.5714285714285714,0.25,0.4593856655290103,0.6666666666666667,1,0.25,0.0,1,8,0.6666666666666667,0.3333333333333333,0.6666666666666667,0.0714285714285714,2,0
1303791,25,0.15000000000000002,0.15913638757240653,0,0.07142857142857142,0.05,0.2931941377233487,0.6666666666666667,1,0.0,0.1111111111111111,0,2,0.0,0.3333333333333333,0.6666666666666667,0.1428571428571428,1,1
1595705,52,0.7000000000000001,0.3665086887835703,1,0.07142857142857142,0.125,0.7032724352539651,0.3333333333333333,2,0.5,0.2222222222222222,0,4,1.0,0.0,0.6666666666666667,0.2142857142857143,1,0
1314827,45,0.2,0.0866245392311743,0,0.3214285714285714,0.05,0.30359365589239107,0.6666666666666667,0,0.0,0.1111111111111111,0,2,0.0,0.6666666666666666,0.3333333333333333,0.7142857142857143,1,0
1499671,52,0.775,0.8186413902053713,0,0.10714285714285714,0.125,0.3298935956635214,0.6666666666666667,0,0.75,0.1111111111111111,1,4,1.0,0.0,0.0,0.1428571428571428,1,0
1085614,42,0.47500000000000003,0.18678251711427069,0,0.9999999999999999,0.125,0.4351736599076491,0.6666666666666667,0,0.25,0.2222222222222222,0,2,0.0,0.3333333333333333,0.6666666666666667,0.0,2,0
1635763,30,0.275,0.26761453396524487,0,0.03571428571428571,0.125,0.9114234089540253,0.0,2,0.25,0.2222222222222222,0,2,0.6666666666666667,0.0,0.6666666666666667,0.6428571428571427,0,0
1031735,60,0.8250000000000001,0.9771985255397578,0,0.2142857142857143,0.7250000000000001,0.07066854045372414,0.6666666666666667,0,1.0,0.4444444444444444,11,10,0.0,0.0,0.0,0.0,1,0
1787984,46,0.47500000000000003,0.2001579778830964,0,0.6071428571428571,0.25,0.9724954828347722,0.6666666666666667,2,0.25,0.38888888888888884,0,8,0.6666666666666667,0.3333333333333333,0.3333333333333333,0.2142857142857143,2,0
1867121,42,0.17500000000000002,0.18504476040021064,0,0.9642857142857143,0.15000000000000002,0.0920297129090544,0.3333333333333333,1,0.25,0.2777777777777778,0,4,1.0,1.0,1.0,0.0,1,0
1377208,24,0.15000000000000002,0.11548183254344394,1,0.0,0.125,0.7981529813290503,0.6666666666666667,0,0.0,0.16666666666666666,1,4,0.0,0.0,0.6666666666666667,0.3571428571428571,0,1
1548908,34,0.07500000000000001,0.0706687730384413,0,0.17857142857142855,0.05,0.4079100582212407,0.0,0,0.0,0.1111111111111111,1,0,1.0,0.3333333333333333,0.3333333333333333,0.3571428571428571,2,0
1501749,38,0.025,0.03649289099526066,1,0.03571428571428571,0.025,0.4020076289901626,0.6666666666666667,1,0.0,0.0,0,0,1.0,0.3333333333333333,0.6666666666666667,0.8571428571428571,1,0
1317087,40,0.525,0.8968931016324382,0,0.03571428571428571,0.5,0.4387873920899418,0.6666666666666667,3,1.0,0.8333333333333333,1,12,0.6666666666666667,0.0,0.6666666666666667,0.2142857142857143,1,0
1865341,26,0.07500000000000001,0.09884149552395999,0,0.7857142857142857,0.07500000000000001,0.037663119855450705,0.6666666666666667,0,0.0,0.1111111111111111,0,2,0.0,0.6666666666666666,0.0,0.7857142857142857,2,0
1051420,30,0.225,0.057293312269615586,0,0.07142857142857142,0.125,0.5878337683196145,0.6666666666666667,1,0.0,0.16666666666666666,1,4,0.6666666666666667,0.3333333333333333,0.0,0.2857142857142857,1,0
1589813,29,0.25,0.5753554502369669,0,0.07142857142857142,0.25,0.7802449307367998,0.3333333333333333,3,0.5,0.1111111111111111,0,7,0.3333333333333333,0.0,0.6666666666666667,0.4999999999999999,1,0
1297138,29,0.15000000000000002,0.0809373354397051,0,0.8571428571428571,0.05,0.6507127082915077,0.3333333333333333,0,0.0,0.1111111111111111,1,1,0.6666666666666667,0.0,1.0,0.3571428571428571,1,1
1191505,19,0.025,0.08188520273828331,0,0.03571428571428571,0.025,0.6562136117245533,0.3333333333333333,0,0.0,0.0,0,0,0.0,0.0,1.0,0.0714285714285714,0,1
1708021,30,0.25,0.3898367561874671,0,0.75,0.225,0.031961453523388875,0.6666666666666667,1,0.5,0.4444444444444444,7,8,0.6666666666666667,0.0,0.6666666666666667,0.0,1,0
1353649,57,0.8,0.6903106898367561,0,0.9999999999999999,0.025,0.8033728167034732,0.3333333333333333,3,0.75,0.0,0,0,0.0,0.3333333333333333,0.3333333333333333,0.0714285714285714,2,0
1669573,50,0.7000000000000001,0.8444971037388099,0,0.9999999999999999,0.675,0.289901626179482,0.3333333333333333,0,0.75,0.5555555555555556,15,7,0.3333333333333333,0.3333333333333333,0.6666666666666667,0.2857142857142857,1,0
1613984,30,0.30000000000000004,0.08188520273828331,0,0.03571428571428571,0.275,0.20425617345914474,0.6666666666666667,1,0.0,0.38888888888888884,6,7,0.6666666666666667,0.0,0.3333333333333333,0.2142857142857143,0,0
1269877,60,0.55,0.48746708794102156,0,0.9642857142857143,0.45,0.030154587432242516,0.3333333333333333,1,0.5,0.7222222222222222,13,11,0.6666666666666667,0.0,1.0,0.5714285714285713,1,0
1593662,47,0.5,0.21384939441811482,0,0.03571428571428571,0.125,0.21260791005822124,0.6666666666666667,2,0.25,0.0,0,4,0.0,1.0,0.6666666666666667,0.1428571428571428,2,0
1580340,46,0.65,0.8874144286466562,0,0.03571428571428571,0.07500000000000001,0.007789600481830958,0.6666666666666667,3,0.75,0.1111111111111111,0,1,0.0,0.0,0.0,0.1428571428571428,1,0
1354096,35,0.15000000000000002,0.16961558715113217,0,0.75,0.125,0.6878538446095162,0.0,1,0.0,0.2222222222222222,4,3,1.0,0.0,0.6666666666666667,0.2857142857142857,0,0
1667303,54,0.47500000000000003,0.1459189046866772,0,0.25,0.025,0.8566151375225858,0.6666666666666667,1,0.25,0.0,0,0,0.6666666666666667,0.0,0.6666666666666667,0.0,0,0
1095688,34,0.35000000000000003,0.09262769878883623,0,0.03571428571428571,0.17500000000000002,0.2538446095161614,0.3333333333333333,0,0.0,0.16666666666666666,5,7,1.0,0.3333333333333333,0.6666666666666667,0.0714285714285714,2,0
1725110,31,0.325,0.5075829383886256,0,0.2857142857142857,0.325,0.493876731580004,0.6666666666666667,2,0.5,0.4444444444444444,0,8,0.6666666666666667,0.3333333333333333,1.0,0.9999999999999999,2,0
1563027,33,0.375,0.6635597682991048,1,0.5,0.17500000000000002,0.9044368600682594,0.6666666666666667,0,0.5,0.3333333333333333,7,7,0.3333333333333333,0.0,1.0,0.0714285714285714,1,1
1173414,33,0.2,0.12632964718272777,0,0.3214285714285714,0.1,0.18514354547279663,0.0,1,0.0,0.16666666666666666,1,3,0.0,1.0,0.6666666666666667,0.1428571428571428,2,0
1188476,30,0.1,0.10394944707740916,0,0.2142857142857143,0.07500000000000001,0.6546476611122265,0.6666666666666667,0,0.0,0.1111111111111111,1,2,1.0,0.0,0.6666666666666667,0.2142857142857143,0,0
1204541,35,0.25,0.3487625065824118,1,0.5357142857142857,0.2,0.4899016261794821,0.6666666666666667,1,0.5,0.38888888888888884,0,0,1.0,0.0,0.6666666666666667,0.0714285714285714,1,0
1736866,31,0.30000000000000004,0.46419167983149023,0,0.6785714285714285,0.025,0.8357357960248946,0.6666666666666667,1,0.5,0.0,0,0,0.0,0.0,0.6666666666666667,0.0714285714285714,1,1
1776529,34,0.275,0.4708267509215377,1,0.7857142857142857,0.07500000000000001,0.379000200762899,0.6666666666666667,0,0.5,0.1111111111111111,0,2,0.3333333333333333,1.0,0.6666666666666667,0.2857142857142857,2,1
1489398,42,0.2,0.05708267509215376,0,0.14285714285714285,0.05,0.2877333868701064,0.6666666666666667,1,0.0,0.1111111111111111,2,0,0.3333333333333333,0.3333333333333333,0.6666666666666667,0.4285714285714285,1,0
1673608,36,0.25,0.4724065297525013,0,0.3214285714285714,0.25,0.5309777153182091,0.6666666666666667,1,0.5,0.16666666666666666,9,7,0.3333333333333333,0.0,0.3333333333333333,0.2142857142857143,0,0
1107497,22,0.1,0.15192206424433913,0,0.10714285714285714,0.05,0.2824733989158803,0.3333333333333333,1,0.0,0.1111111111111111,1,2,0.6666666666666667,0.0,0.6666666666666667,0.3571428571428571,0,0
1096432,48,0.35000000000000003,0.16018957345971566,0,0.03571428571428571,0.225,0.7052399116643244,0.6666666666666667,1,0.25,0.38888888888888884,6,7,0.3333333333333333,0.3333333333333333,0.6666666666666667,0.2142857142857143,1,0
1045162,55,0.925,0.8333859926276989,0,0.6071428571428571,0.25,0.3123469182895001,0.6666666666666667,3,0.75,0.5,7,7,0.0,0.0,0.6666666666666667,0.8571428571428571,0,0
1756239,41,0.4,0.27493417588204316,0,0.3214285714285714,0.35000000000000003,0.4551696446496687,0.6666666666666667,1,0.25,0.16666666666666666,1,10,1.0,0.0,0.6666666666666667,0.2142857142857143,0,0
1372229,35,0.375,0.19526066350710902,0,0.0,0.275,0.6651274844408753,0.6666666666666667,1,0.25,0.5,6,9,0.3333333333333333,0.0,0.6666666666666667,0.0,1,0
1413753,40,0.55,0.64391785150079,0,0.17857142857142855,0.5,0.7335876330054206,0.6666666666666667,2,0.75,0.3333333333333333,5,13,0.3333333333333333,0.0,0.6666666666666667,0.2857142857142857,0,0
1394294,39,0.2,0.14460242232754084,0,0.25,0.2,0.6335274041357157,0.6666666666666667,1,0.0,0.16666666666666666,0,7,0.6666666666666667,0.3333333333333333,0.6666666666666667,0.0,1,0
1233772,31,0.25,0.2934702474986835,1,0.03571428571428571,0.15000000000000002,0.2510339289299337,0.6666666666666667,1,0.25,0.2777777777777778,0,5,0.3333333333333333,0.0,1.0,0.1428571428571428,0,0
1882668,42,0.25,0.3368615060558188,1,0.8214285714285714,0.25,0.19498092752459342,0.6666666666666667,2,0.5,0.5,5,8,1.0,0.3333333333333333,0.3333333333333333,0.7142857142857143,1,0
1218847,45,0.225,0.19989468141126912,0,0.03571428571428571,0.2,0.565468781369203,0.6666666666666667,1,0.25,0.38888888888888884,3,7,1.0,0.3333333333333333,1.0,0.5714285714285713,1,0
1636995,26,0.2,0.09120589784096894,1,0.5714285714285714,0.17500000000000002,0.8317205380445694,0.6666666666666667,0,0.0,0.38888888888888884,1,0,0.3333333333333333,0.3333333333333333,0.3333333333333333,0.0,2,1
1780761,29,0.2,0.17130068457082676,0,0.6428571428571428,0.07500000000000001,0.8251756675366392,0.6666666666666667,2,0.25,0.1111111111111111,1,2,1.0,0.6666666666666666,1.0,0.0714285714285714,2,0
1375351,33,0.25,0.7991047919957873,0,0.0,0.15000000000000002,0.8224854446898213,1.0,3,0.75,0.05555555555555555,0,5,0.0,0.3333333333333333,0.6666666666666667,0.5714285714285713,2,0
1670281,31,0.25,0.5554502369668246,0,0.2142857142857143,0.125,0.931419393696045,0.3333333333333333,3,0.5,0.2222222222222222,0,1,0.6666666666666667,0.3333333333333333,0.3333333333333333,0.7142857142857143,2,0
1138891,18,0.0,0.04576092680358083,1,0.14285714285714285,0.0,0.23951013852640032,0.6666666666666667,0,0.0,0.0,0,0,0.3333333333333333,0.0,0.6666666666666667,0.2142857142857143,0,1
1755403,40,0.5,0.522538177988415,0,0.9642857142857143,0.025,0.3725757879943786,0.0,1,0.5,0.0,0,1,0.6666666666666667,0.3333333333333333,0.6666666666666667,0.2857142857142857,2,0
1566630,41,0.25,0.30552922590837284,1,0.03571428571428571,0.2,0.0007227464364585462,0.3333333333333333,1,0.25,0.38888888888888884,0,7,0.0,0.0,0.6666666666666667,0.4285714285714285,0,0
1777635,26,0.2,0.17361769352290682,0,0.9999999999999999,0.0,0.08725155591246736,0.6666666666666667,1,0.25,0.0,0,0,0.0,0.6666666666666666,0.6666666666666667,0.0714285714285714,2,0
1427912,35,0.125,0.2027382833070037,0,0.0,0.125,0.18486247741417386,0.6666666666666667,1,0.25,0.2222222222222222,0,3,0.0,0.0,0.6666666666666667,0.3571428571428571,0,0
1884554,34,0.25,0.22790942601369144,0,0.7142857142857143,0.25,0.7158000401525798,1.0,1,0.25,0.38888888888888884,5,7,1.0,0.0,0.6666666666666667,0.0714285714285714,0,0
1335605,26,0.025,0.07008952080042127,1,0.8214285714285714,0.025,0.8479823328648866,0.0,1,0.0,0.0,0,0,0.6666666666666667,0.0,0.0,0.4999999999999999,0,1
1361476,37,0.30000000000000004,0.34133754607688255,0,0.0,0.15000000000000002,0.8734792210399518,0.6666666666666667,2,0.5,0.2777777777777778,1,2,0.3333333333333333,0.0,1.0,0.4285714285714285,0,0
1057253,46,0.7000000000000001,0.5012111637704055,0,0.6071428571428571,0.05,0.27665127484440877,0.6666666666666667,1,0.5,0.1111111111111111,1,2,0.0,0.0,0.3333333333333333,0.0,1,0
1617735,41,0.55,0.8207477619799894,0,0.03571428571428571,0.45,0.14181891186508733,0.6666666666666667,3,0.75,0.8888888888888888,11,8,0.3333333333333333,0.3333333333333333,0.6666666666666667,0.3571428571428571,1,0
1037353,37,0.225,0.4120589784096893,0,0.2857142857142857,0.225,0.9063240313190122,0.6666666666666667,1,0.5,0.2777777777777778,7,7,0.0,0.3333333333333333,0.6666666666666667,0.1428571428571428,2,0
1455020,52,0.45,0.24054765666140074,1,0.17857142857142855,0.25,0.8027705280064245,0.6666666666666667,0,0.25,0.5,6,9,1.0,0.6666666666666666,0.6666666666666667,0.0714285714285714,2,0
1689256,32,0.15000000000000002,0.19473407056345446,0,0.35714285714285715,0.1,0.8761292913069665,1.0,1,0.25,0.1111111111111111,1,2,1.0,0.0,0.6666666666666667,0.0714285714285714,1,0
1793245,24,0.07500000000000001,0.07324907846234863,0,0.8214285714285714,0.05,0.1379642642039751,0.6666666666666667,0,0.0,0.1111111111111111,2,1,1.0,0.6666666666666666,0.6666666666666667,0.1428571428571428,1,0
1267131,38,0.45,0.46419167983149023,0,0.3214285714285714,0.025,0.8062638024493074,0.6666666666666667,1,0.25,0.0,0,0,0.6666666666666667,0.3333333333333333,0.6666666666666667,0.5714285714285713,1,0
1105684,37,0.2,0.286361242759347,0,0.0,0.15000000000000002,0.5463561533828548,0.6666666666666667,2,0.25,0.2777777777777778,4,3,0.3333333333333333,0.3333333333333333,0.3333333333333333,0.0714285714285714,1,0
1206385,49,0.775,0.9738283307003687,1,0.6071428571428571,0.775,0.001244729973900821,0.3333333333333333,3,1.0,0.5,0,9,1.0,0.3333333333333333,0.6666666666666667,0.4285714285714285,2,0
1487282,24,0.15000000000000002,0.09036334913112165,1,0.7857142857142857,0.15000000000000002,0.7844207990363381,1.0,0,0.0,0.2777777777777778,1,4,0.3333333333333333,0.6666666666666666,0.6666666666666667,0.0,1,0
1295289,26,0.15000000000000002,0.2771458662453923,0,0.9642857142857143,0.125,0.21417386067054808,0.6666666666666667,1,0.25,0.16666666666666666,1,4,0.0,0.6666666666666666,1.0,0.6428571428571427,1,0
1875209,24,0.025,0.05887309110057925,0,0.5714285714285714,0.025,0.28130897410158606,0.3333333333333333,1,0.0,0.0,0,0,1.0,0.3333333333333333,0.6666666666666667,0.7142857142857143,1,0
1079394,50,0.8,0.9052659294365456,0,0.07142857142857142,0.8,0.23710098373820518,0.6666666666666667,3,1.0,0.2777777777777778,10,7,0.0,0.3333333333333333,0.6666666666666667,0.0,1,0
1353559,25,0.17500000000000002,0.05724065297525013,0,0.42857142857142855,0.17500000000000002,0.9749849427825737,0.6666666666666667,0,0.0,0.2222222222222222,0,6,0.3333333333333333,0.0,0.6666666666666667,0.0,1,0
1119549,24,0.15000000000000002,0.09884149552395999,1,0.2142857142857143,0.15000000000000002,0.48480224854446896,0.6666666666666667,1,0.0,0.16666666666666666,1,2,0.0,0.3333333333333333,0.6666666666666667,0.3571428571428571,1,1
1209208,30,0.025,0.05392311743022644,0,0.39285714285714285,0.025,0.49692832764505124,0.3333333333333333,0,0.0,0.0,0,0,0.3333333333333333,0.3333333333333333,1.0,0.4999999999999999,1,1
1228187,34,0.15000000000000002,0.13759873617693524,1,0.0,0.15000000000000002,0.8311584019273238,0.3333333333333333,0,0.0,0.2777777777777778,1,3,0.3333333333333333,0.3333333333333333,0.6666666666666667,0.1428571428571428,1,0
1090528,31,0.225,0.16977356503422855,0,0.42857142857142855,0.07500000000000001,0.3781569965870307,0.6666666666666667,1,0.25,0.05555555555555555,1,2,0.3333333333333333,0.0,0.0,0.4285714285714285,2,0
1665575,35,0.225,0.1407056345444971,0,0.8571428571428571,0.07500000000000001,0.4782172254567356,0.3333333333333333,1,0.25,0.1111111111111111,0,2,0.0,0.0,0.6666666666666667,0.2142857142857143,0,0
1761086,31,0.325,0.23438651922064244,0,0.17857142857142855,0.17500000000000002,0.16562939168841598,1.0,1,0.25,0.38888888888888884,5,7,0.0,0.6666666666666666,1.0,0.7857142857142857,2,0
1591129,27,0.15000000000000002,0.06203264876250659,0,0.17857142857142855,0.125,0.11720538044569362,0.3333333333333333,0,0.0,0.16666666666666666,0,3,0.0,0.6666666666666666,0.3333333333333333,0.0714285714285714,2,0
1518444,37,0.42500000000000004,0.45250131648235914,1,0.03571428571428571,0.07500000000000001,0.036779763099779164,0.6666666666666667,1,0.25,0.0,1,0,1.0,0.3333333333333333,0.3333333333333333,0.0,1,0
1814200,42,0.25,0.16219062664560296,0,0.03571428571428571,0.25,0.14551294920698654,0.6666666666666667,1,0.25,0.1111111111111111,2,2,0.6666666666666667,0.6666666666666666,0.6666666666666667,0.1428571428571428,1,0
1669153,43,0.525,0.822432859399684,1,0.17857142857142855,0.025,0.023168038546476616,0.3333333333333333,3,0.75,0.0,0,0,0.3333333333333333,0.3333333333333333,0.3333333333333333,0.2142857142857143,2,0
1668455,38,0.2,0.08478146392838337,0,0.0,0.0,0.5005822124071472,0.6666666666666667,0,0.0,0.0,0,0,0.6666666666666667,0.0,0.3333333333333333,0.4285714285714285,0,0
1251852,43,0.25,0.24591890468667724,1,0.2857142857142857,0.2,0.7039951816904236,0.6666666666666667,1,0.25,0.38888888888888884,4,7,1.0,0.3333333333333333,0.6666666666666667,0.1428571428571428,2,0
1589946,48,0.525,0.7579252238020011,0,0.0,0.07500000000000001,0.6385464766111223,0.3333333333333333,0,0.75,0.1111111111111111,0,2,1.0,0.3333333333333333,0.0,0.0,1,0
1580530,44,0.25,0.2620326487625066,0,0.0,0.05,0.9957839791206585,0.3333333333333333,0,0.25,0.1111111111111111,0,2,0.0,0.0,1.0,0.0,0,0
1718961,34,0.2,0.08267509215376515,1,0.4642857142857143,0.2,0.03284481027906043,0.6666666666666667,0,0.0,0.1111111111111111,0,6,0.6666666666666667,0.6666666666666666,0.6666666666666667,0.4999999999999999,2,0
1792606,27,0.125,0.1070036861506056,0,0.03571428571428571,0.1,0.5722545673559526,0.6666666666666667,0,0.0,0.16666666666666666,0,2,0.6666666666666667,0.3333333333333333,0.6666666666666667,0.0,2,0
1147261,21,0.07500000000000001,0.12838335966298053,0,0.75,0.07500000000000001,0.8974101586026902,0.6666666666666667,0,0.0,0.1111111111111111,1,2,0.6666666666666667,0.0,0.6666666666666667,0.0,0,0
1434704,44,0.65,0.9744075829383886,1,0.07142857142857142,0.05,0.2916683396908252,0.6666666666666667,0,1.0,0.1111111111111111,0,1,1.0,0.3333333333333333,1.0,0.0714285714285714,1,0
1794793,22,0.07500000000000001,0.09289099526066352,0,0.17857142857142855,0.05,0.4035735796024894,0.6666666666666667,0,0.0,0.1111111111111111,2,2,0.0,0.0,0.6666666666666667,0.6428571428571427,1,0
1034561,33,0.15000000000000002,0.3209583991574513,0,0.25,0.125,0.7362778558522385,0.6666666666666667,1,0.25,0.0,1,2,0.6666666666666667,0.0,0.6666666666666667,0.0714285714285714,2,0
1745732,32,0.15000000000000002,0.27977883096366507,1,0.2857142857142857,0.15000000000000002,0.6422405139530215,0.6666666666666667,0,0.25,0.2222222222222222,0,5,0.0,0.3333333333333333,0.3333333333333333,0.0714285714285714,1,0
1477313,30,0.025,0.056556082148499214,0,0.07142857142857142,0.025,0.8254968881750653,0.6666666666666667,0,0.0,0.0,0,0,0.6666666666666667,0.3333333333333333,0.6666666666666667,0.6428571428571427,2,0
1624205,53,0.45,0.38820431806213795,0,0.0,0.35000000000000003,0.21734591447500504,0.6666666666666667,1,0.25,0.38888888888888884,8,10,1.0,0.0,1.0,0.6428571428571427,0,0
1641585,34,0.25,0.08857293312269618,0,0.0,0.25,0.22348925918490262,0.6666666666666667,0,0.0,0.5,8,8,0.3333333333333333,0.3333333333333333,0.3333333333333333,0.0714285714285714,1,0
1080875,45,0.125,0.1725645076355977,0,0.8928571428571428,0.025,0.14197952218430032,0.6666666666666667,1,0.25,0.05555555555555555,0,0,0.0,0.6666666666666666,0.6666666666666667,0.2142857142857143,1,1
1551597,26,0.07500000000000001,0.0868878357030016,1,0.17857142857142855,0.07500000000000001,0.6289901626179482,0.6666666666666667,1,0.0,0.1111111111111111,0,2,0.6666666666666667,0.3333333333333333,0.6666666666666667,0.1428571428571428,1,0
1498477,37,0.25,0.4436545550289626,0,0.07142857142857142,0.25,0.30162617948203174,0.6666666666666667,2,0.5,0.38888888888888884,7,8,0.6666666666666667,0.3333333333333333,0.6666666666666667,0.2857142857142857,1,0
1507332,29,0.15000000000000002,0.23970510795155345,0,0.07142857142857142,0.15000000000000002,0.055932543665930534,0.6666666666666667,1,0.25,0.0,1,2,0.3333333333333333,0.3333333333333333,0.3333333333333333,0.2142857142857143,1,0
1398672,35,0.42500000000000004,0.29684044233807266,0,0.17857142857142855,0.42500000000000004,0.6935956635213812,0.0,0,0.25,0.611111111111111,11,8,0.3333333333333333,0.0,0.6666666666666667,0.1428571428571428,0,0
1179356,33,0.375,0.35365982095839915,0,0.17857142857142855,0.325,0.1301345111423409,0.6666666666666667,1,0.25,0.611111111111111,4,7,0.6666666666666667,0.3333333333333333,0.0,0.8571428571428571,2,0
1414067,54,0.4,0.5116377040547657,0,0.6428571428571428,0.225,0.18610720738807465,0.6666666666666667,0,0.5,0.38888888888888884,7,1,0.6666666666666667,0.3333333333333333,1.0,0.2857142857142857,1,0
1285109,36,0.325,0.41274354923644024,1,0.2857142857142857,0.07500000000000001,0.47540654487050793,0.3333333333333333,2,0.25,0.1111111111111111,0,2,0.3333333333333333,0.3333333333333333,0.6666666666666667,0.0,2,0
1699009,27,0.125,0.054555028962611905,0,0.07142857142857142,0.1,0.5251957438265409,0.3333333333333333,0,0.0,0.1111111111111111,1,1,0.0,0.0,0.6666666666666667,0.1428571428571428,0,0
1547538,20,0.025,0.0,1,0.3214285714285714,0.025,0.9999999999999999,0.6666666666666667,0,0.0,0.0,1,1,1.0,0.0,0.6666666666666667,0.0,0,1
1712154,33,0.25,0.12317008952080044,1,0.07142857142857142,0.25,0.042963260389480035,0.6666666666666667,0,0.0,0.4444444444444444,9,7,0.0,0.0,0.6666666666666667,0.0,0,1
1715015,35,0.025,0.014323328067403891,0,0.07142857142857142,0.025,0.5944990965669544,0.3333333333333333,1,0.0,0.0,0,0,0.6666666666666667,0.6666666666666666,0.6666666666666667,0.4999999999999999,1,0
1344006,23,0.125,0.09531332280147448,0,0.10714285714285714,0.07500000000000001,0.25898413973097767,1.0,0,0.0,0.1111111111111111,0,2,0.0,0.3333333333333333,1.0,0.3571428571428571,1,0
1136352,25,0.1,0.20231700895208007,0,0.25,0.07500000000000001,0.54543264404738,1.0,1,0.25,0.1111111111111111,1,2,1.0,0.3333333333333333,0.6666666666666667,0.7857142857142857,1,0
1767421,38,0.2,0.15897840968931018,0,0.2142857142857143,0.17500000000000002,0.22874924713912867,0.3333333333333333,1,0.25,0.38888888888888884,0,5,1.0,0.0,0.6666666666666667,0.6428571428571427,0,0
1196090,29,0.25,0.09010005265929438,0,0.0,0.25,0.677173258381851,0.0,0,0.0,0.38888888888888884,2,8,0.3333333333333333,0.3333333333333333,0.6666666666666667,0.4999999999999999,2,0
1202761,48,0.30000000000000004,0.3744602422327541,0,0.03571428571428571,0.05,0.6626380244930736,1.0,1,0.25,0.1111111111111111,2,2,0.3333333333333333,0.0,0.6666666666666667,0.0714285714285714,1,0
1288214,27,0.15000000000000002,0.19157451290152713,1,0.07142857142857142,0.15000000000000002,0.5853844609516161,1.0,1,0.25,0.2777777777777778,0,4,1.0,0.6666666666666666,0.6666666666666667,0.6428571428571427,2,0
1510616,37,0.1,0.19331226961558717,0,0.3214285714285714,0.025,0.5275245934551295,1.0,0,0.0,0.0,0,0,1.0,0.0,0.6666666666666667,0.4285714285714285,0,0
1824855,50,0.5,0.11648235913638758,1,0.9642857142857143,0.5,0.048303553503312585,1.0,1,0.0,0.4444444444444444,3,8,1.0,1.0,0.6666666666666667,0.0,1,0
1700617,34,0.225,0.40084254870984726,0,0.2857142857142857,0.2,0.6247741417386067,0.3333333333333333,1,0.5,0.38888888888888884,7,7,1.0,0.0,1.0,0.2142857142857143,0,0
1589131,24,0.1,0.18788836229594524,0,0.07142857142857142,0.05,0.9111021883155993,0.6666666666666667,1,0.25,0.1111111111111111,2,0,0.0,0.0,0.6666666666666667,0.2142857142857143,0,0
1634766,39,0.5,0.1866245392311743,0,0.03571428571428571,0.5,0.7582413170046175,0.3333333333333333,1,0.25,0.38888888888888884,11,10,1.0,0.0,0.6666666666666667,0.0,0,0
1248364,32,0.25,0.23101632438125333,0,0.3214285714285714,0.25,0.7873519373619755,0.6666666666666667,1,0.25,0.38888888888888884,0,8,1.0,0.0,0.3333333333333333,0.0714285714285714,0,0
1844102,50,0.45,0.304739336492891,1,0.25,0.1,0.8575787994378639,0.6666666666666667,1,0.25,0.16666666666666666,1,3,0.3333333333333333,0.3333333333333333,0.6666666666666667,0.2142857142857143,1,0
1180968,38,0.25,0.3483938915218536,0,0.0,0.225,0.6941979522184301,1.0,1,0.25,0.38888888888888884,1,8,0.3333333333333333,0.0,0.3333333333333333,0.1428571428571428,0,0
1705991,27,0.225,0.3371774618220116,0,0.0,0.225,0.15719734992973297,0.6666666666666667,2,0.5,0.38888888888888884,0,7,0.6666666666666667,0.0,0.6666666666666667,0.0,1,0
1533978,32,0.25,0.5344918378093734,0,0.07142857142857142,0.17500000000000002,0.6937964264203975,0.6666666666666667,3,0.5,0.38888888888888884,7,7,0.6666666666666667,0.0,0.6666666666666667,0.2857142857142857,0,0
1838364,47,0.5,0.2080568720379147,0,0.4642857142857143,0.17500000000000002,0.3907247540654487,0.6666666666666667,1,0.25,0.38888888888888884,1,7,1.0,0.0,0.6666666666666667,0.0714285714285714,0,0
1886378,40,0.5,0.49847288046340177,1,0.14285714285714285,0.45,0.8704276249749047,0.3333333333333333,1,0.5,0.7222222222222222,1,12,1.0,0.3333333333333333,0.6666666666666667,0.7142857142857143,1,0
1217160,53,0.8,0.7269615587151133,0,0.2142857142857143,0.125,0.4585424613531419,1.0,3,0.75,0.05555555555555555,1,3,0.6666666666666667,0.0,0.6666666666666667,0.5714285714285713,1,0
1494989,41,0.5750000000000001,0.9548183254344392,0,0.3214285714285714,0.525,0.27171250752860865,0.3333333333333333,3,1.0,0.3333333333333333,12,6,0.3333333333333333,1.0,0.3333333333333333,0.2857142857142857,2,0
1180556,60,0.25,0.23149025803054243,0,0.5357142857142857,0.05,0.39469985946597064,0.6666666666666667,1,0.25,0.1111111111111111,2,2,0.0,0.0,0.6666666666666667,0.2142857142857143,0,0
1271756,27,0.225,0.4098999473407056,0,0.3214285714285714,0.225,0.10901425416583016,0.6666666666666667,2,0.5,0.38888888888888884,1,7,1.0,0.6666666666666666,0.3333333333333333,0.7142857142857143,2,0
1786662,41,0.55,0.957345971563981,0,0.0,0.55,0.7013852640032122,0.3333333333333333,3,1.0,0.38888888888888884,2,10,1.0,0.3333333333333333,0.6666666666666667,0.0714285714285714,1,0
1713058,50,0.1,0.1509215376513955,0,0.25,0.05,0.31676370206785787,0.6666666666666667,0,0.0,0.1111111111111111,2,2,1.0,0.3333333333333333,0.6666666666666667,0.2857142857142857,1,0
1879624,28,0.25,0.06355976829910479,1,0.0,0.17500000000000002,0.0713912868901827,0.0,0,0.0,0.38888888888888884,3,7,0.0,0.0,0.6666666666666667,0.1428571428571428,0,1
1530315,36,0.25,0.5636650868878357,0,0.25,0.2,0.7324232081911263,1.0,3,0.5,0.38888888888888884,0,5,0.0,0.3333333333333333,0.6666666666666667,0.2142857142857143,1,0
1589247,38,0.25,0.3608214849921011,1,0.0,0.025,0.5341497691226661,0.6666666666666667,2,0.5,0.0,0,0,0.6666666666666667,0.0,1.0,0.2142857142857143,0,0
1347933,44,0.225,0.14212743549236442,0,0.8214285714285714,0.125,0.00040152579803252875,0.0,1,0.0,0.1111111111111111,1,4,0.0,0.0,0.6666666666666667,0.2142857142857143,0,0
1031434,47,0.7000000000000001,0.6719852553975777,1,0.07142857142857142,0.55,0.3264806263802449,0.6666666666666667,1,0.75,0.1111111111111111,11,13,1.0,0.6666666666666666,0.3333333333333333,0.0714285714285714,2,0
1699255,30,0.25,0.22617166929963142,0,0.9285714285714285,0.2,0.930776952419193,0.6666666666666667,1,0.25,0.38888888888888884,7,7,0.6666666666666667,0.3333333333333333,0.3333333333333333,0.8571428571428571,2,0
1670081,29,0.025,0.08599262769878885,0,0.3214285714285714,0.025,0.026540855249949813,0.6666666666666667,0,0.0,0.0,0,0,0.6666666666666667,0.0,0.6666666666666667,0.0,0,0
1542367,42,0.17500000000000002,0.09215376513954715,1,0.6428571428571428,0.05,0.7336679381650271,1.0,0,0.0,0.1111111111111111,2,2,0.6666666666666667,0.0,0.6666666666666667,0.0714285714285714,2,1
1259211,43,0.17500000000000002,0.30516061084781465,0,0.5,0.05,0.8668540453724152,0.3333333333333333,1,0.25,0.1111111111111111,2,2,1.0,0.3333333333333333,0.6666666666666667,0.4999999999999999,1,0
1758544,34,0.25,0.2703001579778831,0,0.25,0.125,0.2114434852439269,0.6666666666666667,1,0.25,0.05555555555555555,4,3,0.3333333333333333,0.0,0.6666666666666667,0.0,0,0
1545288,23,0.125,0.07851500789889415,0,0.2857142857142857,0.1,0.09034330455731782,0.6666666666666667,1,0.0,0.16666666666666666,0,2,0.3333333333333333,0.3333333333333333,1.0,0.2142857142857143,1,0
1121259,39,0.30000000000000004,0.2833070036861506,0,0.07142857142857142,0.2,0.6694639630596266,1.0,0,0.25,0.16666666666666666,3,6,0.6666666666666667,0.3333333333333333,0.0,0.2857142857142857,1,0
1126307,56,0.75,0.5315429173249079,0,0.2857142857142857,0.25,0.7358361774744028,0.6666666666666667,1,0.75,0.38888888888888884,1,1,0.6666666666666667,0.0,0.3333333333333333,0.0,1,0
1400061,40,0.125,0.07019483938915219,1,0.03571428571428571,0.1,0.8365790002007629,0.3333333333333333,0,0.0,0.1111111111111111,2,3,1.0,0.0,0.3333333333333333,0.6428571428571427,0,0
1855799,27,0.225,0.30552922590837284,0,0.2142857142857143,0.17500000000000002,0.8554105601284883,0.3333333333333333,1,0.25,0.3333333333333333,0,7,1.0,0.0,0.0,0.5714285714285713,0,0
1639147,29,0.05,0.0678251711427067,0,0.3214285714285714,0.05,0.6373418992170247,0.6666666666666667,0,0.0,0.1111111111111111,2,2,1.0,0.6666666666666666,0.6666666666666667,0.2142857142857143,2,0
1446990,53,0.47500000000000003,0.07588204318062139,0,0.17857142857142855,0.05,0.3543465167637021,0.6666666666666667,1,0.25,0.1111111111111111,2,2,1.0,0.0,0.6666666666666667,0.4285714285714285,0,0
1446447,35,0.4,0.2150605581885203,0,0.03571428571428571,0.025,0.10708693033527403,0.6666666666666667,1,0.25,0.0,0,0,1.0,0.3333333333333333,1.0,0.0,2,0
1729159,32,0.25,0.2264349657714587,0,0.8214285714285714,0.25,0.764986950411564,0.6666666666666667,1,0.25,0.4444444444444444,4,7,0.0,0.6666666666666666,0.6666666666666667,0.2857142857142857,1,0
1808474,38,0.15000000000000002,0.10784623486045289,1,0.03571428571428571,0.025,0.7378839590443685,0.6666666666666667,0,0.0,0.0,0,1,1.0,0.3333333333333333,0.0,0.1428571428571428,1,0
1254029,34,0.17500000000000002,0.21653501843075304,0,0.25,0.0,0.08403934952820719,0.6666666666666667,2,0.25,0.0,0,0,0.3333333333333333,0.3333333333333333,0.6666666666666667,0.2142857142857143,2,0
1581250,52,0.8500000000000001,0.8344918378093734,0,0.07142857142857142,0.8500000000000001,0.32081911262798635,0.3333333333333333,3,0.75,0.3333333333333333,1,16,0.6666666666666667,0.0,1.0,0.0,1,0
1269152,33,0.25,0.08830963665086888,1,0.0,0.25,0.12499498092752459,0.6666666666666667,0,0.0,0.5,7,8,1.0,0.0,0.3333333333333333,0.1428571428571428,0,1
1615430,25,0.15000000000000002,0.2723012111637704,0,0.8928571428571428,0.15000000000000002,0.8316803854647661,0.6666666666666667,1,0.25,0.2777777777777778,1,4,0.6666666666666667,0.0,0.3333333333333333,0.8571428571428571,0,0
1186983,45,0.225,0.2961032122169563,0,0.03571428571428571,0.2,0.4133306564946798,0.0,0,0.25,0.38888888888888884,3,1,0.3333333333333333,0.0,0.6666666666666667,0.1428571428571428,0,0
1570791,23,0.05,0.13143759873617694,0,0.3214285714285714,0.05,0.7041156394298334,1.0,0,0.0,0.1111111111111111,0,2,0.0,0.0,0.6666666666666667,0.4999999999999999,0,0
1052229,47,0.2,0.28372827804107426,1,0.9285714285714285,0.125,0.33105802047781574,1.0,1,0.25,0.2222222222222222,1,3,0.3333333333333333,0.0,0.6666666666666667,0.0714285714285714,0,1
1551168,34,0.15000000000000002,0.2772511848341232,0,0.03571428571428571,0.15000000000000002,0.6662116040955631,0.6666666666666667,1,0.25,0.2777777777777778,1,4,1.0,0.0,0.6666666666666667,0.7857142857142857,0,0
1699666,55,0.6000000000000001,0.9926276987888362,1,0.03571428571428571,0.125,0.7671150371411363,0.6666666666666667,0,1.0,0.1111111111111111,1,4,1.0,0.3333333333333333,0.6666666666666667,0.1428571428571428,1,1
1521095,36,0.25,0.3463928383359663,0,0.25,0.25,0.4872515559124674,0.3333333333333333,1,0.5,0.38888888888888884,0,9,0.0,0.0,0.6666666666666667,0.2857142857142857,0,0
1224712,52,0.125,0.17109004739336495,0,0.6428571428571428,0.1,0.9835374422806665,0.6666666666666667,0,0.0,0.16666666666666666,1,2,1.0,0.3333333333333333,0.6666666666666667,0.4999999999999999,1,0
1238998,26,0.125,0.17667193259610323,0,0.0,0.05,0.12824733989158804,0.0,1,0.0,0.1111111111111111,2,0,0.0,0.3333333333333333,0.6666666666666667,0.2142857142857143,2,0
1541532,29,0.275,0.17514481305950502,0,0.9285714285714285,0.2,0.9417787592852841,0.6666666666666667,1,0.25,0.38888888888888884,1,1,0.3333333333333333,0.3333333333333333,0.3333333333333333,0.0714285714285714,1,0
1152345,26,0.15000000000000002,0.2273301737756714,0,0.25,0.1,0.03894800240915479,0.3333333333333333,1,0.25,0.16666666666666666,1,2,1.0,0.0,0.3333333333333333,0.4285714285714285,0,1
1830116,34,0.25,0.11958925750394947,0,0.0,0.1,0.46002810680586226,1.0,0,0.0,0.1111111111111111,1,3,0.3333333333333333,0.0,0.6666666666666667,0.3571428571428571,0,0
1755563,54,0.225,0.23570300157977883,1,0.6428571428571428,0.125,0.8261794820317205,0.6666666666666667,2,0.25,0.16666666666666666,1,4,1.0,0.6666666666666666,0.6666666666666667,0.0,2,0
1660820,27,0.125,0.1755134281200632,0,0.25,0.1,0.8799036338084721,0.6666666666666667,1,0.25,0.1111111111111111,1,1,0.6666666666666667,0.3333333333333333,0.6666666666666667,0.5714285714285713,1,0
1150067,37,0.15000000000000002,0.09336492890995263,1,0.3214285714285714,0.125,0.7151575988757277,0.6666666666666667,0,0.0,0.16666666666666666,4,3,1.0,0.6666666666666666,0.3333333333333333,0.1428571428571428,2,0
1862559,38,0.42500000000000004,0.26176935229067927,1,0.03571428571428571,0.375,0.9633005420598274,1.0,2,0.25,0.38888888888888884,4,12,0.0,0.0,0.6666666666666667,0.0714285714285714,0,0
1107380,34,0.15000000000000002,0.17756714060031598,0,0.03571428571428571,0.15000000000000002,0.21826942381047984,0.3333333333333333,0,0.0,0.2777777777777778,1,3,0.6666666666666667,0.0,0.6666666666666667,0.0,0,0
1734641,35,0.07500000000000001,0.08230647709320696,0,0.25,0.07500000000000001,0.7317004617546677,0.6666666666666667,0,0.0,0.1111111111111111,0,2,0.0,0.3333333333333333,0.3333333333333333,0.3571428571428571,1,0
1298935,30,0.17500000000000002,0.14870984728804634,0,0.0,0.05,0.8946396305962658,0.0,1,0.0,0.1111111111111111,0,2,1.0,0.6666666666666666,0.6666666666666667,0.7142857142857143,1,0
1025177,40,0.2,0.17035281727224857,0,0.03571428571428571,0.2,0.3146757679180887,1.0,1,0.25,0.38888888888888884,3,7,0.6666666666666667,0.3333333333333333,0.6666666666666667,0.9285714285714285,1,0
1546242,34,0.15000000000000002,0.2891521853607162,0,0.25,0.07500000000000001,0.45015057217426224,0.6666666666666667,1,0.25,0.1111111111111111,1,2,0.6666666666666667,0.3333333333333333,0.6666666666666667,0.4285714285714285,1,0
1288565,42,0.6000000000000001,0.9173775671406004,0,0.25,0.6000000000000001,0.5673961051997591,0.6666666666666667,0,1.0,0.38888888888888884,14,9,0.3333333333333333,0.3333333333333333,0.3333333333333333,0.1428571428571428,2,0
1572087,23,0.025,0.03117430226434966,1,0.17857142857142855,0.0,0.05424613531419392,1.0,1,0.0,0.0,0,0,0.6666666666666667,0.6666666666666666,0.6666666666666667,0.7142857142857143,1,1
1451315,24,0.025,0.08873091100579253,0,0.2857142857142857,0.025,0.9820116442481429,0.3333333333333333,1,0.0,0.0,0,0,0.6666666666666667,1.0,0.6666666666666667,0.0,2,0
1755899,52,0.225,0.1126908899420748,0,0.35714285714285715,0.125,0.7920899417787592,0.6666666666666667,1,0.25,0.1111111111111111,1,4,1.0,0.3333333333333333,0.6666666666666667,0.6428571428571427,1,0
1330421,50,0.75,0.875724065297525,0,0.03571428571428571,0.1,0.192210399518169,0.6666666666666667,3,0.75,0.16666666666666666,0,3,0.6666666666666667,0.0,0.6666666666666667,0.3571428571428571,1,0
1187355,29,0.025,0.06898367561874671,1,0.0,0.025,0.1845011041959446,0.3333333333333333,1,0.0,0.0,0,0,0.3333333333333333,0.3333333333333333,0.6666666666666667,0.0,1,1
1297416,33,0.35000000000000003,0.5625065824117956,0,0.2142857142857143,0.325,0.9596868098775345,0.6666666666666667,3,0.5,0.5,3,7,0.6666666666666667,0.0,1.0,0.0,1,0
1161558,33,0.15000000000000002,0.2272248551869405,0,0.5357142857142857,0.07500000000000001,0.9802449307367999,0.6666666666666667,1,0.25,0.1111111111111111,0,2,0.0,0.0,0.6666666666666667,0.2857142857142857,0,1
1069822,47,0.65,0.829015271195366,1,0.03571428571428571,0.65,0.4371812888978117,0.6666666666666667,0,0.75,0.7777777777777777,3,0,0.6666666666666667,0.3333333333333333,0.3333333333333333,0.0,1,0
1418243,36,0.25,0.2221695629278568,0,0.0,0.225,0.8539249146757679,0.6666666666666667,2,0.25,0.38888888888888884,0,5,0.6666666666666667,0.3333333333333333,0.6666666666666667,0.2857142857142857,1,0
1312456,29,0.25,0.08904686677198526,0,0.7857142857142857,0.25,0.8707086930335274,1.0,0,0.0,0.38888888888888884,0,7,0.6666666666666667,0.3333333333333333,0.6666666666666667,0.9285714285714285,1,0
1294456,58,1.0,0.960347551342812,1,0.03571428571428571,0.775,0.9502911062035736,0.6666666666666667,3,1.0,0.8333333333333333,13,8,1.0,0.0,0.6666666666666667,0.0714285714285714,0,1
1637745,35,0.17500000000000002,0.0788309636650869,0,0.0,0.05,0.44998996185504925,1.0,0,0.0,0.1111111111111111,2,2,1.0,0.0,0.6666666666666667,0.1428571428571428,0,0
1307498,42,0.2,0.26608741442864664,1,0.0,0.1,0.07857859867496486,0.3333333333333333,2,0.25,0.16666666666666666,0,2,1.0,0.3333333333333333,0.6666666666666667,0.1428571428571428,1,0
1759857,28,0.125,0.17761979989468143,0,0.03571428571428571,0.05,0.5733788395904437,0.6666666666666667,0,0.0,0.1111111111111111,2,1,0.6666666666666667,0.0,0.3333333333333333,0.4285714285714285,0,0
1675215,36,0.2,0.05971563981042654,0,0.42857142857142855,0.125,0.9408954025296125,0.6666666666666667,0,0.0,0.1111111111111111,0,4,0.6666666666666667,0.3333333333333333,0.6666666666666667,0.1428571428571428,1,0
1845955,32,0.35000000000000003,0.2713533438651922,0,0.10714285714285714,0.35000000000000003,0.6837984340493877,0.3333333333333333,2,0.25,0.7222222222222222,6,8,0.6666666666666667,0.3333333333333333,0.6666666666666667,0.0714285714285714,1,0
1178013,40,0.25,0.21511321748288573,0,0.5357142857142857,0.025,0.3970688616743625,0.3333333333333333,1,0.25,0.0,0,0,0.0,0.0,0.6666666666666667,0.2142857142857143,0,0
1266910,30,0.30000000000000004,0.30900473933649286,1,0.03571428571428571,0.0,0.7283677976309978,0.3333333333333333,2,0.25,0.0,0,0,0.6666666666666667,0.0,0.3333333333333333,0.9285714285714285,0,0
1643001,45,0.025,0.06661400737230122,0,0.03571428571428571,0.025,0.1629793214214013,0.3333333333333333,0,0.0,0.0,0,0,0.3333333333333333,0.0,0.6666666666666667,0.2142857142857143,0,0
1804767,42,0.25,0.18035808320168512,0,0.9999999999999999,0.225,0.3899618550491869,0.6666666666666667,2,0.25,0.4444444444444444,7,8,0.3333333333333333,0.3333333333333333,0.3333333333333333,0.1428571428571428,1,0
1686305,38,0.325,0.27798841495523957,0,0.39285714285714285,0.1,0.08793414976912267,0.3333333333333333,1,0.25,0.16666666666666666,1,2,0.0,0.3333333333333333,0.3333333333333333,0.2857142857142857,2,0
1375250,34,0.15000000000000002,0.08130595050026332,0,0.5357142857142857,0.125,0.24942782573780362,0.3333333333333333,0,0.0,0.1111111111111111,1,3,0.6666666666666667,0.0,0.6666666666666667,0.3571428571428571,0,0
1744940,49,0.225,0.3499210110584518,0,0.35714285714285715,0.225,0.15121461553904839,0.6666666666666667,1,0.5,0.4444444444444444,7,7,0.6666666666666667,0.6666666666666666,1.0,0.4999999999999999,1,0
1545377,55,0.30000000000000004,0.2185887309110058,0,0.03571428571428571,0.225,0.7799638626781771,0.6666666666666667,1,0.25,0.38888888888888884,7,3,0.6666666666666667,0.0,0.3333333333333333,0.3571428571428571,0,0
1282527,43,0.55,0.8504476040021064,0,0.4642857142857143,0.1,0.12471391286890182,0.6666666666666667,3,0.75,0.05555555555555555,1,0,0.3333333333333333,0.3333333333333333,0.6666666666666667,0.9285714285714285,1,0
1266242,27,0.225,0.6213270142180095,1,0.14285714285714285,0.225,0.27094960851234695,0.3333333333333333,3,0.5,0.4444444444444444,0,8,0.6666666666666667,0.3333333333333333,0.6666666666666667,0.3571428571428571,2,0
1668361,35,0.42500000000000004,0.4850974196945761,0,0.2142857142857143,0.2,0.6735595261995583,0.6666666666666667,2,0.5,0.2777777777777778,1,6,0.6666666666666667,0.0,1.0,0.7142857142857143,0,0
1574775,28,0.2,0.19852553975776724,1,0.03571428571428571,0.2,0.06440473800441679,0.6666666666666667,1,0.25,0.38888888888888884,7,5,0.3333333333333333,0.0,0.6666666666666667,0.6428571428571427,1,0
1822365,34,0.1,0.14365455502896263,0,0.07142857142857142,0.07500000000000001,0.005982734390684599,0.6666666666666667,0,0.0,0.1111111111111111,0,2,0.6666666666666667,0.3333333333333333,0.0,0.5714285714285713,1,0
1082176,26,0.2,0.07145866245392313,1,0.14285714285714285,0.2,0.7550291106203574,0.3333333333333333,0,0.0,0.38888888888888884,1,7,0.6666666666666667,0.3333333333333333,0.6666666666666667,0.2142857142857143,1,1
1415673,27,0.0,0.03670352817272248,0,0.07142857142857142,0.0,0.5812888978116844,0.6666666666666667,0,0.0,0.0,0,0,1.0,1.0,0.3333333333333333,0.0,1,0
1455518,51,0.7250000000000001,0.8055818852027383,0,0.8928571428571428,0.5,0.14053402931138326,0.6666666666666667,3,0.75,0.3333333333333333,4,17,0.0,0.3333333333333333,0.3333333333333333,0.2142857142857143,1,0
1117532,44,0.25,0.2592943654555029,0,0.10714285714285714,0.125,0.12459345512949208,0.6666666666666667,1,0.25,0.1111111111111111,2,3,1.0,0.0,0.3333333333333333,0.0714285714285714,0,0
1450149,25,0.15000000000000002,0.12717219589257506,0,0.03571428571428571,0.1,0.7845011041959445,1.0,0,0.0,0.16666666666666666,0,1,0.0,0.0,0.3333333333333333,0.1428571428571428,0,0
1826341,33,0.225,0.15945234333859928,0,0.0,0.225,0.791889178879743,1.0,1,0.25,0.4444444444444444,0,8,0.0,0.3333333333333333,0.6666666666666667,0.7857142857142857,2,0
1276016,35,0.15000000000000002,0.08162190626645605,0,0.9285714285714285,0.15000000000000002,0.6327243525396506,0.3333333333333333,0,0.0,0.2777777777777778,1,1,0.6666666666666667,0.0,0.3333333333333333,0.0,0,0
1193450,36,0.45,0.273407056345445,1,0.0,0.45,0.029271230676570975,0.6666666666666667,1,0.25,0.7777777777777777,4,11,0.3333333333333333,0.3333333333333333,0.3333333333333333,0.2142857142857143,1,0
1119237,32,0.2,0.178725645076356,0,0.42857142857142855,0.125,0.28733186107207387,0.6666666666666667,1,0.25,0.1111111111111111,0,3,0.3333333333333333,0.3333333333333333,0.3333333333333333,0.0,2,0
1077496,30,0.25,0.14491837809373356,0,0.14285714285714285,0.125,0.011202569765107404,0.3333333333333333,0,0.0,0.2222222222222222,0,3,0.3333333333333333,0.3333333333333333,0.3333333333333333,0.0714285714285714,2,0
1689022,53,0.875,0.5226434965771458,1,0.2142857142857143,0.125,0.7476811885163621,0.3333333333333333,1,0.5,0.1111111111111111,0,4,0.0,0.3333333333333333,0.6666666666666667,0.4999999999999999,1,0
1580740,45,0.45,0.513533438651922,1,0.2857142857142857,0.125,0.6884159807267617,0.6666666666666667,1,0.5,0.2222222222222222,0,2,1.0,0.3333333333333333,0.6666666666666667,0.0714285714285714,2,0
1214731,32,0.225,0.21937862032648767,0,0.25,0.125,0.8057819714916683,1.0,0,0.25,0.16666666666666666,1,3,0.6666666666666667,0.3333333333333333,0.3333333333333333,0.0714285714285714,1,0
1501967,52,0.775,0.6749341758820432,0,0.8571428571428571,0.225,0.6799437863882755,0.3333333333333333,2,0.75,0.4444444444444444,0,0,0.6666666666666667,0.0,0.6666666666666667,0.7857142857142857,1,0
1659259,37,0.225,0.2804107424960505,0,0.5357142857142857,0.025,0.901987552700261,0.3333333333333333,1,0.25,0.0,0,0,1.0,0.6666666666666666,0.6666666666666667,0.5714285714285713,2,0
1851689,28,0.15000000000000002,0.2067930489731438,0,0.25,0.125,0.8781770728769324,0.3333333333333333,0,0.0,0.05555555555555555,0,4,0.3333333333333333,0.3333333333333333,0.6666666666666667,0.1428571428571428,2,0
1578894,22,0.1,0.19831490258030546,0,0.0,0.05,0.6846817908050592,0.3333333333333333,2,0.25,0.1111111111111111,2,2,1.0,0.6666666666666666,0.0,0.7857142857142857,1,0
1147768,44,0.25,0.09526066350710902,1,0.25,0.07500000000000001,0.11845011041959447,1.0,1,0.0,0.1111111111111111,0,2,0.0,0.3333333333333333,0.3333333333333333,0.9285714285714285,1,0
1341422,42,0.2,0.07930489731437601,1,0.03571428571428571,0.05,0.280024091547882,0.6666666666666667,0,0.0,0.05555555555555555,2,2,0.3333333333333333,0.0,0.6666666666666667,0.2142857142857143,0,0
1524503,36,0.15000000000000002,0.07019483938915219,0,0.25,0.125,0.2626380244930737,0.3333333333333333,0,0.0,0.2222222222222222,0,3,0.0,0.0,0.6666666666666667,0.7142857142857143,1,0
1643524,25,0.125,0.16771985255397578,1,0.07142857142857142,0.125,0.4926320016061032,0.6666666666666667,1,0.25,0.16666666666666666,0,3,0.6666666666666667,0.0,0.6666666666666667,0.4999999999999999,1,0
1330630,35,0.42500000000000004,0.5095313322801475,1,0.2857142857142857,0.42500000000000004,0.8577795623368801,0.3333333333333333,2,0.5,0.7777777777777777,5,15,1.0,0.3333333333333333,0.6666666666666667,0.6428571428571427,1,0
1050771,35,0.25,0.05334386519220643,1,0.8571428571428571,0.25,0.5829351535836177,0.6666666666666667,0,0.0,0.1111111111111111,7,8,1.0,0.3333333333333333,0.3333333333333333,0.5714285714285713,2,1
1864456,32,0.1,0.06872037914691945,0,0.0,0.07500000000000001,0.2832362979321421,0.6666666666666667,1,0.0,0.0,0,2,1.0,0.3333333333333333,0.6666666666666667,0.0714285714285714,2,0
1252375,25,0.125,0.17098472880463403,0,0.10714285714285714,0.125,0.6448504316402329,0.3333333333333333,1,0.25,0.1111111111111111,0,3,0.6666666666666667,0.0,1.0,0.0714285714285714,1,0
1127921,49,0.17500000000000002,0.1353870458135861,0,0.0,0.1,0.33969082513551496,0.6666666666666667,0,0.0,0.1111111111111111,0,2,0.6666666666666667,0.3333333333333333,0.6666666666666667,0.3571428571428571,1,0
1122784,24,0.15000000000000002,0.11337546076882571,0,0.10714285714285714,0.125,0.34868500301144345,0.3333333333333333,1,0.0,0.1111111111111111,3,4,0.0,0.0,0.3333333333333333,0.4285714285714285,1,0
1767740,32,0.25,0.2904160084254871,0,0.14285714285714285,0.25,0.2729170849227063,0.6666666666666667,1,0.25,0.4444444444444444,5,3,0.3333333333333333,0.3333333333333333,0.6666666666666667,0.2142857142857143,1,0
1740909,38,0.07500000000000001,0.0995260663507109,0,0.2857142857142857,0.05,0.40184701867094963,0.3333333333333333,0,0.0,0.1111111111111111,1,2,0.3333333333333333,0.3333333333333333,0.6666666666666667,0.5714285714285713,1,0
1395500,42,0.42500000000000004,0.22232754081095316,1,0.07142857142857142,0.125,0.8685806063039551,1.0,1,0.25,0.16666666666666666,1,3,0.6666666666666667,0.3333333333333333,0.3333333333333333,0.1428571428571428,1,0
1253827,31,0.2,0.07093206951026856,1,0.35714285714285715,0.15000000000000002,0.5130295121461554,0.6666666666666667,0,0.0,0.2222222222222222,0,2,1.0,0.3333333333333333,0.6666666666666667,0.5714285714285713,1,0
1329687,29,0.125,0.09431279620853081,1,0.0,0.07500000000000001,0.8603894800240915,0.3333333333333333,0,0.0,0.1111111111111111,0,2,0.3333333333333333,1.0,0.6666666666666667,0.5714285714285713,2,1
1221211,53,0.7000000000000001,0.5701421800947868,0,0.25,0.05,0.8309576390283075,0.6666666666666667,1,0.75,0.0,2,2,0.0,0.3333333333333333,0.6666666666666667,0.2142857142857143,1,0
1731227,35,0.4,0.5210110584518167,0,0.8571428571428571,0.325,0.2824733989158803,0.3333333333333333,2,0.5,0.5555555555555556,4,8,1.0,0.0,0.6666666666666667,0.3571428571428571,1,0
1716658,37,0.25,0.10342285413375463,0,0.7142857142857143,0.125,0.7680385464766111,0.6666666666666667,0,0.0,0.2222222222222222,0,0,0.6666666666666667,0.3333333333333333,0.6666666666666667,0.2857142857142857,1,0
1856275,53,0.8250000000000001,0.6985781990521327,0,0.7857142857142857,0.30000000000000004,0.7272435253965067,0.6666666666666667,3,0.75,0.5,3,8,1.0,0.0,0.6666666666666667,0.4999999999999999,0,0
1780189,43,0.30000000000000004,0.23975776724591893,0,0.0,0.125,0.7905239911664325,0.6666666666666667,1,0.25,0.1111111111111111,2,2,1.0,0.3333333333333333,0.3333333333333333,0.1428571428571428,1,0
1662886,47,0.2,0.18578199052132702,1,0.03571428571428571,0.17500000000000002,0.6299538245332262,0.6666666666666667,1,0.25,0.3333333333333333,7,7,0.6666666666666667,0.3333333333333333,0.6666666666666667,0.7857142857142857,1,0
1455944,37,0.25,0.34928909952606635,1,0.6428571428571428,0.25,0.1092150170648464,0.6666666666666667,1,0.5,0.0,0,9,0.0,0.0,0.6666666666666667,0.1428571428571428,0,0
1597875,50,0.775,0.8907319641916799,0,0.03571428571428571,0.775,0.09837382051796828,0.6666666666666667,0,0.75,0.3333333333333333,14,7,0.0,0.3333333333333333,0.6666666666666667,0.0,2,0
1514580,39,0.325,0.22090573986308584,0,0.03571428571428571,0.125,0.22870909455932545,0.3333333333333333,0,0.25,0.2222222222222222,0,4,1.0,0.6666666666666666,0.6666666666666667,0.0,1,0
1457833,33,0.17500000000000002,0.06677198525539757,1,0.07142857142857142,0.1,0.8253764304356555,0.6666666666666667,0,0.0,0.16666666666666666,0,3,1.0,0.3333333333333333,1.0,0.0,2,0
1406364,32,0.025,0.09404949973670354,1,0.8571428571428571,0.025,0.6393093756273841,0.6666666666666667,1,0.0,0.0,0,1,0.0,0.0,0.0,0.9285714285714285,0,1
1574807,29,0.2,0.08020010531858873,0,0.2142857142857143,0.1,0.15900421602087933,0.3333333333333333,1,0.0,0.16666666666666666,0,3,0.0,1.0,0.6666666666666667,0.2142857142857143,2,0
1423464,44,0.2,0.08162190626645605,1,0.2857142857142857,0.2,0.21738606705480826,0.6666666666666667,0,0.0,0.38888888888888884,7,1,0.3333333333333333,0.0,0.6666666666666667,0.1428571428571428,1,0
1592499,28,0.1,0.205318588730911,0,0.14285714285714285,0.1,0.8897008632804657,0.6666666666666667,1,0.25,0.1111111111111111,0,2,0.0,0.0,0.6666666666666667,0.2142857142857143,0,0
1870106,58,0.07500000000000001,0.0721958925750395,1,0.03571428571428571,0.025,0.4533226259787191,0.3333333333333333,1,0.0,0.0,0,0,1.0,0.3333333333333333,0.3333333333333333,0.2142857142857143,2,1
1860698,43,0.1,0.19778830963665087,0,0.25,0.025,0.8721140333266412,0.6666666666666667,2,0.25,0.0,0,0,0.0,0.3333333333333333,1.0,0.7142857142857143,2,0
1334434,20,0.05,0.054502369668246446,0,0.03571428571428571,0.05,0.8013651877133106,0.3333333333333333,0,0.0,0.1111111111111111,0,2,0.6666666666666667,0.0,0.3333333333333333,0.1428571428571428,0,1
1657594,21,0.025,0.08867825171142707,0,0.6071428571428571,0.025,0.272073880746838,0.6666666666666667,0,0.0,0.0,0,0,1.0,0.0,0.3333333333333333,0.5714285714285713,0,1
1497902,36,0.42500000000000004,0.29368088467614534,1,0.4642857142857143,0.4,0.10949608512346917,0.6666666666666667,1,0.25,0.4444444444444444,4,11,0.6666666666666667,0.3333333333333333,0.3333333333333333,0.4285714285714285,1,0
1289682,47,0.07500000000000001,0.12032648762506584,1,0.03571428571428571,0.07500000000000001,0.4434049387673158,0.3333333333333333,0,0.0,0.1111111111111111,1,2,1.0,0.0,0.3333333333333333,0.4999999999999999,0,0
1185964,22,0.1,0.1665086887835703,1,0.07142857142857142,0.07500000000000001,0.31832965268018465,0.6666666666666667,2,0.25,0.1111111111111111,0,2,0.3333333333333333,0.3333333333333333,1.0,0.5714285714285713,1,0
1179676,41,0.25,0.09315429173249079,1,0.03571428571428571,0.17500000000000002,0.6276249749046376,0.0,1,0.0,0.38888888888888884,1,0,0.3333333333333333,0.3333333333333333,0.3333333333333333,0.1428571428571428,2,1
1034373,28,0.15000000000000002,0.07203791469194315,0,0.2857142857142857,0.05,0.3107809676771732,0.6666666666666667,0,0.0,0.1111111111111111,2,2,0.6666666666666667,0.3333333333333333,0.6666666666666667,0.4999999999999999,2,0
1126499,39,0.2,0.07345971563981044,1,0.17857142857142855,0.05,0.08869704878538445,0.6666666666666667,1,0.0,0.1111111111111111,2,2,1.0,0.0,0.0,0.7142857142857143,1,1
1334359,27,0.025,0.06893101632438126,0,0.10714285714285714,0.025,0.6309576390283076,0.6666666666666667,0,0.0,0.05555555555555555,0,0,0.3333333333333333,0.0,0.6666666666666667,0.5714285714285713,0,0
1254150,34,0.025,0.05260663507109004,0,0.3214285714285714,0.025,0.19281268821521783,0.6666666666666667,1,0.0,0.0,1,0,0.3333333333333333,0.6666666666666666,0.6666666666666667,0.2142857142857143,2,0
1206644,42,0.25,0.27567140600315954,0,0.4642857142857143,0.125,0.23007428227263602,0.3333333333333333,1,0.25,0.2222222222222222,0,3,0.6666666666666667,0.0,0.6666666666666667,0.4285714285714285,0,0
1766963,33,0.15000000000000002,0.09426013691416535,1,0.0,0.07500000000000001,0.0499899618550492,0.3333333333333333,0,0.0,0.1111111111111111,0,2,0.6666666666666667,0.0,0.6666666666666667,0.0,0,0
1795081,58,0.6000000000000001,0.5025276461295418,1,0.14285714285714285,0.15000000000000002,0.28753262397109014,0.3333333333333333,1,0.5,0.0,0,4,0.6666666666666667,0.3333333333333333,0.6666666666666667,0.1428571428571428,2,0
1213565,31,0.325,0.06951026856240128,0,0.2142857142857143,0.17500000000000002,0.3871913270427625,0.3333333333333333,0,0.0,0.38888888888888884,5,2,0.3333333333333333,0.0,1.0,0.2857142857142857,1,0
1416487,35,0.25,0.1582411795681938,1,0.7142857142857143,0.25,0.6856454527203373,0.6666666666666667,1,0.25,0.3333333333333333,0,7,1.0,0.3333333333333333,0.0,0.9999999999999999,1,0
1314640,49,0.7250000000000001,0.3367035281727225,0,0.25,0.65,0.8184300341296928,0.6666666666666667,1,0.5,0.5,1,7,0.0,0.3333333333333333,0.3333333333333333,0.0,1,0
1186466,48,0.325,0.06582411795681939,0,0.6785714285714285,0.0,0.13848624774141738,0.6666666666666667,0,0.0,0.0,0,0,1.0,0.6666666666666666,0.3333333333333333,0.4285714285714285,1,0
1749032,31,0.225,0.3119010005265929,0,0.6785714285714285,0.225,0.8958843605701666,0.6666666666666667,1,0.25,0.4444444444444444,0,0,1.0,0.3333333333333333,0.3333333333333333,0.1428571428571428,1,0
1674536,36,0.2,0.19320695102685626,0,0.2142857142857143,0.15000000000000002,0.8511945392491468,0.6666666666666667,0,0.0,0.1111111111111111,0,1,0.3333333333333333,0.0,0.6666666666666667,0.4999999999999999,0,0
1327078,38,0.375,0.662085308056872,0,0.0,0.375,0.570086328046577,0.6666666666666667,3,0.5,0.6666666666666666,5,11,1.0,0.3333333333333333,0.6666666666666667,0.1428571428571428,1,0
1738679,32,0.125,0.06966824644549763,0,0.0,0.07500000000000001,0.07548685003011443,0.3333333333333333,1,0.0,0.0,0,2,0.6666666666666667,0.0,0.6666666666666667,0.6428571428571427,1,0
1117151,25,0.025,0.07393364928909954,1,0.6428571428571428,0.025,0.6707086930335274,0.3333333333333333,0,0.0,0.0,0,0,0.6666666666666667,1.0,0.6666666666666667,0.4999999999999999,1,1
1732657,40,0.275,0.45792522380200107,0,0.3214285714285714,0.025,0.7451515759887573,0.3333333333333333,1,0.5,0.0,0,0,0.0,0.3333333333333333,0.3333333333333333,0.0714285714285714,2,0
1840229,26,0.17500000000000002,0.17298578199052134,0,0.0,0.17500000000000002,0.36354145753864686,0.3333333333333333,1,0.25,0.38888888888888884,0,7,0.6666666666666667,0.0,0.6666666666666667,0.0714285714285714,0,0
1179217,41,0.5,0.19547130068457083,1,0.17857142857142855,0.45,0.041156394298333676,0.6666666666666667,1,0.0,0.7222222222222222,2,17,1.0,0.0,0.6666666666666667,0.1428571428571428,0,0
1612583,36,0.4,0.07951553449183782,0,0.03571428571428571,0.275,0.4092752459345512,0.6666666666666667,1,0.0,0.4444444444444444,3,9,0.6666666666666667,0.0,0.6666666666666667,0.7142857142857143,0,0
1115854,19,0.025,0.05855713533438652,1,0.7142857142857143,0.025,0.3153182091949408,0.3333333333333333,0,0.0,0.0,0,0,1.0,0.0,1.0,0.1428571428571428,0,1
1306693,20,0.025,0.10342285413375463,0,0.10714285714285714,0.025,0.43822525597269624,0.6666666666666667,1,0.0,0.0,0,0,0.0,0.0,0.6666666666666667,0.5714285714285713,0,1
1142961,31,0.25,0.25518694049499735,1,0.39285714285714285,0.225,0.6133306564946798,0.6666666666666667,1,0.25,0.38888888888888884,8,5,1.0,0.6666666666666666,0.0,0.0,1,0
1578228,40,0.07500000000000001,0.13733543970510798,1,0.2857142857142857,0.025,0.9222646055009035,0.6666666666666667,0,0.0,0.05555555555555555,0,0,1.0,0.3333333333333333,0.6666666666666667,0.2142857142857143,2,0
1607811,32,0.2,0.30100052659294363,0,0.07142857142857142,0.2,0.4601485645452721,0.6666666666666667,2,0.25,0.38888888888888884,6,3,0.6666666666666667,0.3333333333333333,1.0,0.0714285714285714,1,0
1157826,36,0.4,0.4905739863085835,1,0.07142857142857142,0.4,0.13748243324633608,0.3333333333333333,1,0.5,0.38888888888888884,3,7,0.6666666666666667,0.3333333333333333,0.6666666666666667,0.0,1,0
1863388,33,0.15000000000000002,0.3127962085308057,0,0.0,0.125,0.40943585625376433,0.3333333333333333,1,0.25,0.0,1,4,0.3333333333333333,0.0,0.6666666666666667,0.2142857142857143,0,0
1818424,37,0.42500000000000004,0.5055292259083728,0,0.0,0.35000000000000003,0.5150772937161212,0.3333333333333333,1,0.5,0.05555555555555555,11,7,0.0,0.0,0.0,0.0,1,1
1707397,45,0.225,0.18104265402843603,0,0.10714285714285714,0.225,0.845974703874724,0.6666666666666667,1,0.25,0.38888888888888884,0,8,0.6666666666666667,0.0,0.3333333333333333,0.0714285714285714,1,0
1742953,29,0.07500000000000001,0.060452869931542925,0,0.6785714285714285,0.07500000000000001,0.6468179080505922,0.6666666666666667,0,0.0,0.05555555555555555,0,2,0.6666666666666667,0.3333333333333333,0.6666666666666667,0.2857142857142857,1,0
1416528,35,0.125,0.18915218536071618,0,0.6071428571428571,0.125,0.1640232884962859,0.6666666666666667,1,0.25,0.1111111111111111,1,0,0.6666666666666667,0.0,0.6666666666666667,0.3571428571428571,1,0
1376209,52,0.65,0.8472880463401791,0,0.0,0.225,0.47119052399116645,0.6666666666666667,0,0.75,0.4444444444444444,7,8,1.0,0.3333333333333333,0.3333333333333333,0.2857142857142857,1,0
1238813,58,0.17500000000000002,0.07740916271721959,0,0.03571428571428571,0.025,0.9690022083918891,0.6666666666666667,0,0.0,0.0,0,0,1.0,0.0,0.6666666666666667,0.9285714285714285,0,0
1715239,53,0.55,0.7289626119010005,0,0.03571428571428571,0.42500000000000004,0.4755671551897209,0.6666666666666667,3,0.75,0.7222222222222222,15,2,0.6666666666666667,0.3333333333333333,1.0,0.1428571428571428,2,0
1688979,30,0.25,0.3293838862559242,0,0.25,0.2,0.3165227865890383,0.6666666666666667,1,0.5,0.2222222222222222,7,7,0.6666666666666667,0.3333333333333333,1.0,0.0,2,0
1297623,38,0.15000000000000002,0.2452343338599263,1,0.3214285714285714,0.125,0.7149166833969083,0.6666666666666667,1,0.25,0.16666666666666666,1,3,0.6666666666666667,0.0,0.6666666666666667,0.1428571428571428,0,0
1685947,35,0.30000000000000004,0.3588204318062138,0,0.07142857142857142,0.25,0.1894398715117446,0.6666666666666667,1,0.5,0.5,0,8,1.0,0.3333333333333333,0.6666666666666667,0.1428571428571428,2,0
1785279,39,0.225,0.36182201158504473,0,0.03571428571428571,0.2,0.018711102188315593,1.0,1,0.5,0.38888888888888884,0,7,0.0,0.0,0.6666666666666667,0.4999999999999999,0,0
1378606,40,0.55,0.6416535018430753,1,0.8214285714285714,0.025,0.6013651877133106,1.0,1,0.75,0.0,0,0,0.3333333333333333,0.0,0.3333333333333333,0.3571428571428571,0,1
1118201,47,0.5,0.21369141653501847,1,0.5357142857142857,0.47500000000000003,0.18731178478217222,1.0,2,0.25,0.5555555555555556,2,7,0.6666666666666667,0.0,1.0,0.5714285714285713,2,0
1866341,36,0.30000000000000004,0.21432332806740392,0,0.25,0.17500000000000002,0.9579602489459947,0.6666666666666667,1,0.25,0.38888888888888884,0,7,0.0,0.6666666666666666,0.6666666666666667,0.1428571428571428,2,0
1649317,31,0.1,0.06908899420747763,1,0.2857142857142857,0.07500000000000001,0.3303754266211604,0.3333333333333333,0,0.0,0.1111111111111111,1,2,0.6666666666666667,0.0,0.6666666666666667,0.7857142857142857,0,1
1281310,33,0.25,0.8654555028962612,0,0.5714285714285714,0.25,0.7386067054808272,0.6666666666666667,3,0.75,0.4444444444444444,6,0,1.0,0.0,0.6666666666666667,0.0,0,0
1658398,29,0.07500000000000001,0.07345971563981044,1,0.3214285714285714,0.0,0.3768319614535234,0.3333333333333333,0,0.0,0.0,0,0,1.0,0.0,0.6666666666666667,0.6428571428571427,0,1
1462108,33,0.125,0.1286466561348078,0,0.42857142857142855,0.07500000000000001,0.6081911262798635,0.6666666666666667,0,0.0,0.1111111111111111,0,2,0.3333333333333333,0.0,0.6666666666666667,0.4999999999999999,0,0
1790357,45,0.2,0.06640337019483938,0,0.0,0.125,0.35779963862678177,0.6666666666666667,1,0.0,0.16666666666666666,0,2,1.0,0.6666666666666666,0.6666666666666667,0.2142857142857143,2,0
1752868,50,0.8,0.8630858346498157,0,0.0,0.125,0.1815298132905039,0.6666666666666667,3,0.75,0.2222222222222222,1,3,1.0,0.3333333333333333,0.3333333333333333,0.7857142857142857,2,0
1324348,33,0.15000000000000002,0.23586097946287524,1,0.0,0.15000000000000002,0.7254366593053604,1.0,1,0.25,0.2777777777777778,1,2,0.6666666666666667,0.3333333333333333,0.6666666666666667,0.1428571428571428,1,0
1576599,41,0.525,0.9694576092680359,0,0.2857142857142857,0.45,0.06589038345713713,0.6666666666666667,3,1.0,0.8888888888888888,0,11,0.0,0.3333333333333333,1.0,0.4285714285714285,2,0
1381113,27,0.1,0.09489204844655083,0,0.5357142857142857,0.05,0.40120457739409754,0.6666666666666667,1,0.0,0.1111111111111111,2,2,0.6666666666666667,0.3333333333333333,0.6666666666666667,0.2142857142857143,1,0
1591865,45,0.225,0.13817798841495524,1,0.7857142857142857,0.225,0.4796225657498494,0.6666666666666667,1,0.25,0.4444444444444444,0,8,1.0,0.3333333333333333,0.6666666666666667,0.2857142857142857,1,0
1321447,47,0.225,0.16608741442864666,1,0.10714285714285714,0.225,0.26006825938566547,0.6666666666666667,1,0.25,0.0,0,7,1.0,0.0,0.6666666666666667,0.4285714285714285,0,0
1034220,30,0.17500000000000002,0.05913638757240653,1,0.75,0.125,0.3792411162417185,0.6666666666666667,0,0.0,0.1111111111111111,0,1,0.0,0.0,0.6666666666666667,0.0,1,1
1359967,50,0.55,0.6826750921537651,1,0.8214285714285714,0.30000000000000004,0.08299538245332264,0.6666666666666667,2,0.75,0.611111111111111,1,5,1.0,0.3333333333333333,0.6666666666666667,0.4999999999999999,1,0
1662076,38,0.07500000000000001,0.08820431806213797,0,0.3214285714285714,0.05,0.4028508331660309,0.6666666666666667,0,0.0,0.05555555555555555,0,2,0.6666666666666667,0.3333333333333333,0.3333333333333333,0.4285714285714285,1,0
1555678,46,0.325,0.5179568193786204,0,0.2142857142857143,0.2,0.8879341497691227,0.6666666666666667,2,0.5,0.38888888888888884,0,7,1.0,0.3333333333333333,0.6666666666666667,0.1428571428571428,2,0
1071870,24,0.125,0.17735650342285414,0,0.5714285714285714,0.1,0.8842802650070267,0.3333333333333333,2,0.25,0.1111111111111111,3,2,1.0,0.6666666666666666,0.6666666666666667,0.2857142857142857,2,0
1690577,35,0.125,0.14397051079515535,1,0.4642857142857143,0.1,0.3204175868299538,0.3333333333333333,1,0.0,0.1111111111111111,0,2,0.6666666666666667,0.3333333333333333,0.0,0.9285714285714285,2,1
1109596,31,0.1,0.16529752501316483,0,0.0,0.1,0.36864083517365986,0.6666666666666667,2,0.25,0.16666666666666666,0,3,0.6666666666666667,0.3333333333333333,0.6666666666666667,0.0714285714285714,1,0
1483743,18,0.0,0.002211690363349131,0,0.14285714285714285,0.0,0.45769925717727367,0.6666666666666667,0,0.0,0.0,0,0,0.3333333333333333,0.0,0.6666666666666667,0.2857142857142857,0,0
1100306,54,0.55,0.5123749341758821,0,0.5714285714285714,0.25,0.4757679180887372,0.6666666666666667,2,0.5,0.38888888888888884,0,8,0.6666666666666667,0.3333333333333333,0.6666666666666667,0.0,1,0
1667869,35,0.4,0.4938915218536072,1,0.8571428571428571,0.4,0.19598474201967478,0.6666666666666667,1,0.5,0.5555555555555556,10,1,0.6666666666666667,0.3333333333333333,0.3333333333333333,0.0,2,0
1079832,30,0.225,0.5480252764612954,1,0.25,0.2,0.630716723549488,1.0,3,0.5,0.38888888888888884,1,7,0.3333333333333333,1.0,0.3333333333333333,0.0714285714285714,1,0
1236529,20,0.025,0.0837809373354397,1,0.35714285714285715,0.025,0.6497088937964264,0.3333333333333333,0,0.0,0.0,0,0,1.0,0.0,0.6666666666666667,0.2857142857142857,0,1
1233733,30,0.1,0.07440758293838864,0,0.14285714285714285,0.07500000000000001,0.9488456133306565,0.6666666666666667,1,0.0,0.1111111111111111,1,2,0.3333333333333333,0.0,0.6666666666666667,0.4285714285714285,0,0
1824641,26,0.2,0.23501843075302795,0,0.03571428571428571,0.2,0.049789198956032926,1.0,2,0.25,0.38888888888888884,1,3,1.0,0.0,0.6666666666666667,0.0714285714285714,1,0
1559236,22,0.1,0.07593470247498685,0,0.25,0.1,0.192210399518169,0.0,1,0.0,0.16666666666666666,1,1,0.3333333333333333,0.3333333333333333,0.3333333333333333,0.2857142857142857,1,0
1362920,48,0.47500000000000003,0.17014218009478674,0,0.17857142857142855,0.05,0.44268219233085726,0.3333333333333333,1,0.25,0.1111111111111111,2,2,0.0,0.0,0.6666666666666667,0.1428571428571428,0,0
1374656,48,0.675,0.5260663507109005,0,0.10714285714285714,0.375,0.8091146356153383,0.3333333333333333,1,0.5,0.611111111111111,4,8,0.6666666666666667,0.0,0.6666666666666667,0.2142857142857143,0,0
1541429,41,0.2,0.2103212216956293,0,0.2142857142857143,0.05,0.8543264404738005,0.6666666666666667,2,0.25,0.1111111111111111,2,1,1.0,0.0,0.6666666666666667,0.2142857142857143,0,0
1383639,27,0.1,0.16945760926803582,0,0.03571428571428571,0.07500000000000001,0.10295121461553905,0.6666666666666667,2,0.25,0.1111111111111111,2,2,0.0,0.3333333333333333,0.6666666666666667,0.4999999999999999,1,0
1631280,35,0.07500000000000001,0.1531332280147446,0,0.3214285714285714,0.07500000000000001,0.2990162617948203,0.6666666666666667,1,0.0,0.1111111111111111,1,2,0.3333333333333333,0.3333333333333333,0.3333333333333333,0.6428571428571427,2,0
1212094,42,0.525,0.9106898367561875,0,0.14285714285714285,0.025,0.22790604296326036,0.6666666666666667,3,1.0,0.0,0,0,1.0,0.0,1.0,0.1428571428571428,1,0
1509823,50,0.2,0.0721958925750395,0,0.2857142857142857,0.025,0.7255972696245734,0.6666666666666667,1,0.0,0.0,0,0,0.0,0.0,0.6666666666666667,0.4999999999999999,1,0
1297098,59,0.75,0.6696682464454976,1,0.03571428571428571,0.125,0.7924111624171853,0.3333333333333333,2,0.75,0.16666666666666666,4,3,0.6666666666666667,0.0,0.6666666666666667,0.1428571428571428,0,0
1664278,37,0.375,0.19842022116903638,0,0.35714285714285715,0.025,0.493394900622365,0.0,1,0.25,0.0,0,0,0.0,0.0,0.0,0.2857142857142857,1,1
1316661,55,0.42500000000000004,0.2830963665086888,1,0.6071428571428571,0.2,0.43758281469584426,0.6666666666666667,1,0.25,0.38888888888888884,6,7,0.6666666666666667,0.6666666666666666,0.6666666666666667,0.2142857142857143,1,0
1633200,41,0.525,0.9986308583464981,0,0.2142857142857143,0.525,0.7303754266211604,0.0,3,1.0,0.8888888888888888,5,10,0.3333333333333333,0.6666666666666666,0.6666666666666667,0.7857142857142857,2,0
1480769,38,0.47500000000000003,0.30816219062664557,1,0.07142857142857142,0.025,0.11592049789198955,0.6666666666666667,1,0.25,0.0,0,0,0.3333333333333333,0.0,0.6666666666666667,0.0714285714285714,0,0
1665250,26,0.17500000000000002,0.2085308056872038,0,0.9999999999999999,0.05,0.7917687211403333,0.0,1,0.25,0.1111111111111111,2,2,0.3333333333333333,0.0,0.6666666666666667,0.4999999999999999,0,1
1476575,52,0.8250000000000001,0.9918904686677198,0,0.03571428571428571,0.8,0.9537040754868501,0.0,3,1.0,0.7777777777777777,6,9,0.0,0.3333333333333333,0.6666666666666667,0.2857142857142857,1,0
1580401,44,0.5750000000000001,0.6482885729331227,1,0.9642857142857143,0.30000000000000004,0.3871913270427625,1.0,1,0.75,0.611111111111111,11,11,1.0,0.3333333333333333,0.6666666666666667,0.4999999999999999,1,0
1735028,50,0.47500000000000003,0.28109531332280147,0,0.0,0.45,0.9165227865890383,0.6666666666666667,1,0.25,0.38888888888888884,0,13,1.0,0.3333333333333333,0.6666666666666667,0.0714285714285714,1,0
1330619,36,0.45,0.09131121642969986,0,0.5357142857142857,0.42500000000000004,0.24794218028508333,1.0,1,0.0,0.7222222222222222,15,14,0.6666666666666667,0.0,0.6666666666666667,0.3571428571428571,0,0
1142212,39,0.525,0.5197998946814113,1,0.75,0.525,0.1200160610319213,0.6666666666666667,2,0.5,0.3333333333333333,2,8,1.0,0.0,0.6666666666666667,0.1428571428571428,0,0
1239925,33,0.07500000000000001,0.07019483938915219,0,0.25,0.05,0.7766713511343104,0.3333333333333333,0,0.0,0.1111111111111111,2,2,0.3333333333333333,0.0,0.3333333333333333,0.5714285714285713,0,0
1477537,45,0.65,0.876303317535545,0,0.35714285714285715,0.225,0.1329050391487653,0.6666666666666667,3,0.75,0.16666666666666666,1,1,1.0,0.3333333333333333,1.0,0.1428571428571428,1,0
1404854,32,0.25,0.1588204318062138,0,0.9999999999999999,0.2,0.3630194740012046,0.6666666666666667,1,0.0,0.38888888888888884,7,7,1.0,0.0,0.6666666666666667,0.0714285714285714,0,0
1401928,34,0.4,0.45897840968931014,0,0.0,0.375,0.40891387271632196,1.0,1,0.25,0.05555555555555555,0,9,0.3333333333333333,0.3333333333333333,0.3333333333333333,0.0,2,0
1041678,59,0.35000000000000003,0.5737230121116377,1,0.0,0.15000000000000002,0.3591246737602891,0.6666666666666667,3,0.5,0.2222222222222222,0,4,0.3333333333333333,0.3333333333333333,0.0,0.2142857142857143,1,0
1568634,45,0.15000000000000002,0.061506055818852025,0,0.8214285714285714,0.15000000000000002,0.24990965669544266,0.6666666666666667,0,0.0,0.16666666666666666,0,4,0.3333333333333333,0.0,0.6666666666666667,0.3571428571428571,0,0
1763986,53,0.75,0.34312796208530805,0,0.03571428571428571,0.375,0.8609917687211404,0.3333333333333333,1,0.5,0.38888888888888884,6,12,0.6666666666666667,0.3333333333333333,0.6666666666666667,0.0714285714285714,1,0
1721556,36,0.225,0.2014218009478673,0,0.5,0.025,0.23143946998594658,0.6666666666666667,1,0.25,0.0,0,0,0.0,0.3333333333333333,0.3333333333333333,0.2142857142857143,2,0
1631537,26,0.15000000000000002,0.05439705107951554,1,0.03571428571428571,0.07500000000000001,0.5321019875527002,0.6666666666666667,0,0.0,0.1111111111111111,1,2,0.0,0.3333333333333333,0.6666666666666667,0.2142857142857143,1,1
1277508,34,0.025,0.06377040547656662,1,0.3214285714285714,0.025,0.6551294920698655,0.6666666666666667,0,0.0,0.05555555555555555,0,0,0.6666666666666667,0.3333333333333333,0.6666666666666667,0.5714285714285713,1,0
1873017,28,0.025,0.002264349657714583,0,0.3214285714285714,0.025,0.8548484240112427,0.6666666666666667,0,0.0,0.0,0,0,1.0,0.0,0.6666666666666667,0.7857142857142857,1,0
1776541,38,0.2,0.0954186413902054,0,0.07142857142857142,0.05,0.036257779562336875,0.6666666666666667,0,0.0,0.1111111111111111,2,2,0.6666666666666667,0.3333333333333333,0.6666666666666667,0.3571428571428571,1,0
1545738,50,0.7250000000000001,0.9598736176935229,1,0.03571428571428571,0.2,0.43200160610319216,0.6666666666666667,3,1.0,0.05555555555555555,7,7,0.3333333333333333,0.3333333333333333,0.3333333333333333,0.0,1,0
1775055,37,0.2,0.16313849394418117,0,0.07142857142857142,0.1,0.47195342300742826,0.6666666666666667,1,0.25,0.16666666666666666,0,1,1.0,0.0,0.3333333333333333,0.2857142857142857,0,0
1087619,40,0.2,0.3889942074776198,0,0.8928571428571428,0.17500000000000002,0.8079903633808472,0.6666666666666667,1,0.25,0.38888888888888884,7,5,0.6666666666666667,0.3333333333333333,0.3333333333333333,0.2142857142857143,1,0
1409664,26,0.125,0.0525539757767246,0,0.0,0.125,0.9303754266211605,0.3333333333333333,0,0.0,0.16666666666666666,1,3,0.0,0.6666666666666666,0.6666666666666667,0.1428571428571428,2,0
1206462,46,0.5750000000000001,0.9804107424960505,0,0.0,0.05,0.7769925717727364,0.6666666666666667,3,1.0,0.1111111111111111,2,2,1.0,0.6666666666666666,0.6666666666666667,0.4285714285714285,2,0
1431621,54,0.325,0.509583991574513,0,0.03571428571428571,0.225,0.2528809476008833,0.3333333333333333,1,0.5,0.2222222222222222,7,0,0.6666666666666667,0.3333333333333333,0.6666666666666667,0.0,1,0
1045879,56,0.45,0.1017904160084255,0,0.2857142857142857,0.125,0.4039349528207187,0.6666666666666667,0,0.0,0.2222222222222222,0,3,0.0,0.3333333333333333,0.6666666666666667,0.5714285714285713,1,0
1619652,36,0.375,0.41332280147446027,0,0.39285714285714285,0.35000000000000003,0.5450712708291507,0.3333333333333333,2,0.5,0.4444444444444444,7,8,1.0,0.0,0.3333333333333333,0.0,0,0
1828114,55,0.775,0.8292259083728278,0,0.03571428571428571,0.225,0.6114836378237302,0.3333333333333333,0,0.75,0.38888888888888884,6,2,0.6666666666666667,0.0,1.0,0.2857142857142857,0,0
1128254,43,0.45,0.5154818325434439,0,0.8571428571428571,0.025,0.12744428829552298,0.3333333333333333,1,0.5,0.0,0,0,0.6666666666666667,0.3333333333333333,0.6666666666666667,0.1428571428571428,2,0
1084699,20,0.05,0.06919431279620852,1,0.2857142857142857,0.05,0.6067456334069464,0.6666666666666667,0,0.0,0.1111111111111111,0,2,1.0,0.0,0.6666666666666667,0.2142857142857143,0,1
1343829,21,0.025,0.021432332806740388,0,0.3214285714285714,0.025,0.6088737201365187,0.3333333333333333,1,0.0,0.0,1,0,0.6666666666666667,0.0,0.3333333333333333,0.1428571428571428,0,1
1603378,46,0.47500000000000003,0.18988941548183255,1,0.25,0.4,0.7602890985745834,0.3333333333333333,0,0.25,0.7222222222222222,1,7,1.0,1.0,0.6666666666666667,0.8571428571428571,2,0
1720881,51,0.45,0.07646129541864141,1,0.10714285714285714,0.25,0.3307769524191929,0.6666666666666667,0,0.0,0.0,2,7,0.0,1.0,1.0,0.0714285714285714,1,0
1748251,28,0.25,0.40616113744075827,0,0.8214285714285714,0.25,0.41200562136117247,0.3333333333333333,1,0.5,0.38888888888888884,1,9,0.3333333333333333,0.0,0.3333333333333333,0.0714285714285714,0,0
1740472,26,0.15000000000000002,0.1551342812006319,0,0.0,0.125,0.36326038948002404,0.3333333333333333,1,0.0,0.16666666666666666,1,3,0.0,0.6666666666666666,0.6666666666666667,0.3571428571428571,1,0
1825779,30,0.17500000000000002,0.4711953659820959,0,0.6785714285714285,0.15000000000000002,0.28114836378237296,0.6666666666666667,2,0.25,0.1111111111111111,0,2,0.6666666666666667,0.3333333333333333,0.3333333333333333,0.2857142857142857,1,0
1221286,41,0.25,0.12464454976303319,0,0.2142857142857143,0.25,0.6733186107207388,1.0,0,0.0,0.3333333333333333,0,8,0.3333333333333333,0.0,0.6666666666666667,0.1428571428571428,1,0
1595168,38,0.5,0.4114797261716693,0,0.5714285714285714,0.47500000000000003,0.9039951816904236,0.3333333333333333,1,0.5,0.5,1,9,0.6666666666666667,0.3333333333333333,0.3333333333333333,0.4999999999999999,1,0
1317075,40,0.35000000000000003,0.49041600842548705,0,0.6785714285714285,0.275,0.9816502710299136,0.6666666666666667,1,0.5,0.5555555555555556,11,1,0.0,0.3333333333333333,0.6666666666666667,0.6428571428571427,1,0
1169735,27,0.07500000000000001,0.19020537124802528,0,0.25,0.07500000000000001,0.15157598875727765,0.0,1,0.0,0.1111111111111111,1,2,0.0,1.0,0.6666666666666667,0.5714285714285713,1,0
1818130,55,0.5750000000000001,0.524855186940495,0,0.03571428571428571,0.07500000000000001,0.5508532423208191,0.6666666666666667,2,0.5,0.1111111111111111,1,2,1.0,0.3333333333333333,0.6666666666666667,0.4999999999999999,1,0
1467266,28,0.25,0.13959978936282255,0,0.3214285714285714,0.2,0.23348725155591246,0.6666666666666667,0,0.25,0.38888888888888884,1,7,0.6666666666666667,0.0,1.0,0.1428571428571428,0,0
1242796,44,0.6000000000000001,0.49884149552395995,0,0.0,0.5,0.009315398514354548,0.3333333333333333,0,0.5,0.3333333333333333,3,6,0.3333333333333333,0.3333333333333333,0.6666666666666667,0.2142857142857143,1,0
1116632,33,0.225,0.32174828857293314,0,0.14285714285714285,0.07500000000000001,0.7677173258381851,0.3333333333333333,1,0.5,0.1111111111111111,1,2,1.0,0.3333333333333333,0.6666666666666667,0.2857142857142857,2,0
1338800,35,0.225,0.45144813059505007,1,0.10714285714285714,0.2,0.3308171049989962,0.6666666666666667,1,0.5,0.38888888888888884,4,7,1.0,0.0,0.6666666666666667,0.7857142857142857,0,1
1823713,33,0.35000000000000003,0.1842548709847288,0,0.9999999999999999,0.325,0.04155792009636619,0.3333333333333333,0,0.25,0.38888888888888884,3,8,0.0,0.0,0.6666666666666667,0.7857142857142857,0,0
1461105,28,0.1,0.06308583464981568,0,0.5,0.1,0.8186307970287091,0.6666666666666667,1,0.0,0.1111111111111111,2,2,0.0,0.3333333333333333,0.3333333333333333,0.3571428571428571,2,0
1714672,34,0.17500000000000002,0.35529225908372825,0,0.07142857142857142,0.15000000000000002,0.8099578397912066,0.6666666666666667,1,0.25,0.1111111111111111,0,4,0.0,0.0,0.3333333333333333,0.4285714285714285,0,0
1264321,37,0.2,0.29936808846761453,1,0.3214285714285714,0.025,0.8885364384661715,0.3333333333333333,1,0.25,0.0,0,0,1.0,1.0,0.6666666666666667,0.2142857142857143,2,0
1570590,25,0.17500000000000002,0.14123222748815167,1,0.10714285714285714,0.17500000000000002,0.10082312788596667,0.6666666666666667,1,0.0,0.38888888888888884,5,6,1.0,0.3333333333333333,1.0,0.2857142857142857,1,0
1417598,26,0.025,0.07203791469194315,0,0.7142857142857143,0.025,0.6937964264203975,0.6666666666666667,1,0.0,0.05555555555555555,0,0,0.0,0.3333333333333333,0.3333333333333333,0.6428571428571427,2,1
1875940,33,0.125,0.06866771985255399,1,0.8571428571428571,0.05,0.03609716924312387,0.3333333333333333,0,0.0,0.1111111111111111,2,2,0.0,0.0,0.6666666666666667,0.6428571428571427,0,1
1815487,42,0.5750000000000001,0.8770932069510269,0,0.03571428571428571,0.55,0.4940774944790203,0.6666666666666667,0,0.75,0.3333333333333333,13,7,1.0,0.3333333333333333,0.6666666666666667,0.4285714285714285,1,0
1364682,28,0.025,0.0835703001579779,0,0.0,0.025,0.20341296928327643,0.3333333333333333,1,0.0,0.0,0,0,0.0,0.6666666666666666,0.6666666666666667,0.2857142857142857,2,0
1150498,50,0.125,0.19583991574512902,1,0.0,0.0,0.608592652077896,0.6666666666666667,1,0.25,0.0,0,0,1.0,0.0,0.6666666666666667,0.2142857142857143,0,0
1446684,33,0.1,0.17340705634544498,0,0.2142857142857143,0.07500000000000001,0.45400521983537445,0.6666666666666667,1,0.25,0.1111111111111111,0,2,1.0,0.3333333333333333,0.6666666666666667,0.4285714285714285,1,0
1852842,34,0.15000000000000002,0.10373880989994735,0,0.07142857142857142,0.0,0.8184701867094961,0.3333333333333333,0,0.0,0.0,0,0,0.6666666666666667,1.0,0.6666666666666667,0.4285714285714285,1,0
1554886,48,0.675,0.8360189573459715,0,0.0,0.125,0.5645452720337282,1.0,0,0.75,0.2222222222222222,2,1,0.0,0.0,0.3333333333333333,0.7857142857142857,0,0
1454712,45,0.375,0.24139020537124803,0,0.2857142857142857,0.375,0.6374623569564345,0.3333333333333333,1,0.25,0.5555555555555556,4,12,0.3333333333333333,0.3333333333333333,0.6666666666666667,0.1428571428571428,1,0
1212693,52,0.45,0.49689310163243816,0,0.2142857142857143,0.2,0.5311383256374222,0.6666666666666667,1,0.5,0.3333333333333333,4,0,0.3333333333333333,0.0,0.6666666666666667,0.5714285714285713,0,0
1312769,38,0.225,0.4071090047393365,1,0.3214285714285714,0.2,0.13953021481630193,0.3333333333333333,1,0.5,0.38888888888888884,2,7,0.6666666666666667,0.6666666666666666,0.6666666666666667,0.2142857142857143,2,0
1601148,29,0.275,0.07925223802001055,0,0.9642857142857143,0.17500000000000002,0.9987552700260992,0.6666666666666667,0,0.0,0.2777777777777778,1,7,0.6666666666666667,0.3333333333333333,0.6666666666666667,0.7857142857142857,2,0
1133211,28,0.25,0.3499736703528173,0,0.07142857142857142,0.225,0.23870708693033524,0.6666666666666667,2,0.5,0.38888888888888884,1,7,1.0,1.0,0.3333333333333333,0.4285714285714285,2,0
1856618,46,0.5750000000000001,0.8665613480779357,0,0.07142857142857142,0.30000000000000004,0.5421401325035133,0.6666666666666667,3,0.75,0.5,4,9,0.0,0.3333333333333333,0.6666666666666667,0.0714285714285714,1,0
1042408,38,0.25,0.33396524486571877,0,0.03571428571428571,0.025,0.7438265408552499,0.6666666666666667,1,0.5,0.0,0,0,1.0,0.0,0.6666666666666667,0.3571428571428571,0,0
1789769,43,0.45,0.516640337019484,0,0.9285714285714285,0.2,0.37908050592250553,0.6666666666666667,2,0.5,0.38888888888888884,0,1,0.6666666666666667,0.3333333333333333,0.6666666666666667,0.0,1,0
1440393,39,0.525,0.5876777251184834,0,0.03571428571428571,0.45,0.45986749648664926,0.6666666666666667,1,0.75,0.38888888888888884,11,5,0.0,1.0,0.6666666666666667,0.0,2,0
1091520,40,0.525,0.980358083201685,0,0.4642857142857143,0.5,0.6203573579602489,0.3333333333333333,3,1.0,0.38888888888888884,4,9,0.6666666666666667,0.0,1.0,0.2142857142857143,0,0
1818532,21,0.05,0.055871511321748286,1,0.0,0.05,0.9328247339891588,0.3333333333333333,0,0.0,0.1111111111111111,2,2,1.0,0.0,1.0,0.0,0,1
1292995,39,0.225,0.3040021063717746,0,0.2857142857142857,0.125,0.2680586227665127,0.6666666666666667,1,0.25,0.2222222222222222,0,3,0.6666666666666667,0.0,0.3333333333333333,0.2857142857142857,0,0
1522372,36,0.45,0.3565034228541337,0,0.6071428571428571,0.275,0.8489861473599679,0.6666666666666667,2,0.25,0.5,0,9,0.0,0.0,0.6666666666666667,0.6428571428571427,0,0
1308397,31,0.07500000000000001,0.0938388625592417,0,0.6785714285714285,0.05,0.7985143545472797,1.0,0,0.0,0.1111111111111111,2,2,0.6666666666666667,0.3333333333333333,0.6666666666666667,0.0714285714285714,1,0
1138410,28,0.15000000000000002,0.11542917324907848,0,0.03571428571428571,0.125,0.7153985143545473,0.3333333333333333,0,0.0,0.16666666666666666,0,4,0.0,0.0,0.0,0.4285714285714285,1,0
1752889,35,0.125,0.20847814639283838,0,0.35714285714285715,0.125,0.6587432242521581,0.6666666666666667,1,0.25,0.1111111111111111,0,2,1.0,0.3333333333333333,0.6666666666666667,0.0,2,0
1425897,49,0.55,0.6377567140600316,0,0.25,0.225,0.3928929933748243,0.3333333333333333,1,0.75,0.4444444444444444,2,3,1.0,0.3333333333333333,0.6666666666666667,0.4285714285714285,1,0
1719792,34,0.125,0.15924170616113745,0,0.03571428571428571,0.07500000000000001,0.5516964464966874,0.6666666666666667,2,0.25,0.1111111111111111,0,2,1.0,0.0,0.3333333333333333,0.0,0,0
1377897,29,0.2,0.12016850974196946,0,0.3214285714285714,0.17500000000000002,0.6362577795623369,0.6666666666666667,0,0.0,0.2777777777777778,1,1,1.0,0.6666666666666666,0.3333333333333333,0.2142857142857143,2,0
1692477,42,0.4,0.17182727751448132,0,0.9999999999999999,0.025,0.2996988556514756,0.0,1,0.25,0.0,0,0,0.3333333333333333,0.0,0.6666666666666667,0.5714285714285713,0,0
1618530,29,0.25,0.21311216429699845,1,0.25,0.25,0.6261794820317206,0.3333333333333333,2,0.25,0.38888888888888884,1,2,0.3333333333333333,0.3333333333333333,0.3333333333333333,0.2857142857142857,1,0
1619491,38,0.17500000000000002,0.09662980516061087,0,0.0,0.17500000000000002,0.15699658703071673,1.0,0,0.0,0.3333333333333333,5,0,0.6666666666666667,0.3333333333333333,1.0,0.1428571428571428,1,0
1321732,28,0.07500000000000001,0.08920484465508163,1,0.17857142857142855,0.07500000000000001,0.8028106805862276,0.3333333333333333,0,0.0,0.05555555555555555,0,2,0.6666666666666667,0.3333333333333333,0.6666666666666667,0.2142857142857143,2,0
1313694,18,0.0,0.04713006845708268,0,0.25,0.0,0.46022886970487853,0.6666666666666667,1,0.0,0.0,0,0,0.6666666666666667,0.0,0.6666666666666667,0.0714285714285714,0,1
1140608,33,0.15000000000000002,0.37993680884676145,1,0.2857142857142857,0.125,0.6541256775747841,0.6666666666666667,1,0.25,0.1111111111111111,0,3,0.0,0.0,0.6666666666666667,0.4285714285714285,0,1
1190899,41,0.15000000000000002,0.19784096893101635,1,0.39285714285714285,0.025,0.2793414976912266,0.6666666666666667,1,0.0,0.0,0,0,0.3333333333333333,0.3333333333333333,0.6666666666666667,0.0,1,0
1131723,31,0.05,0.08430753027909427,0,0.5,0.05,0.16619152780566152,0.6666666666666667,1,0.0,0.1111111111111111,2,2,0.6666666666666667,0.3333333333333333,0.3333333333333333,0.0714285714285714,1,0
1066655,37,0.225,0.2486571879936809,0,0.8571428571428571,0.15000000000000002,0.6053804456936358,0.3333333333333333,1,0.25,0.1111111111111111,1,3,0.6666666666666667,0.6666666666666666,0.6666666666666667,0.1428571428571428,2,0
1061785,27,0.1,0.08056872037914692,0,0.17857142857142855,0.1,0.2351335073278458,0.3333333333333333,0,0.0,0.1111111111111111,2,2,1.0,0.3333333333333333,0.6666666666666667,0.1428571428571428,1,0
1745568,34,0.15000000000000002,0.24776197998946817,0,0.2857142857142857,0.15000000000000002,0.14996988556514756,0.6666666666666667,1,0.25,0.2777777777777778,1,3,0.3333333333333333,0.0,0.3333333333333333,0.6428571428571427,1,0
1034814,35,0.15000000000000002,0.17451290152711954,0,0.25,0.125,0.20132503513350733,0.6666666666666667,0,0.0,0.2222222222222222,1,4,0.6666666666666667,0.0,0.0,0.4285714285714285,0,0
1778989,29,0.275,0.33317535545023697,0,0.7857142857142857,0.275,0.3641035936558924,0.3333333333333333,1,0.5,0.4444444444444444,3,10,1.0,0.3333333333333333,0.0,0.1428571428571428,1,1
1452385,40,0.5,0.6577145866245392,0,0.2857142857142857,0.45,0.46930335274041357,0.6666666666666667,3,0.5,0.38888888888888884,2,13,0.3333333333333333,0.0,0.3333333333333333,0.4285714285714285,0,0
1513386,42,0.55,0.6713533438651922,1,0.39285714285714285,0.525,0.014173860670548086,0.6666666666666667,1,0.75,0.5,13,14,0.6666666666666667,0.0,0.3333333333333333,0.0714285714285714,0,0
1812528,42,0.225,0.21832543443917854,0,0.10714285714285714,0.15000000000000002,0.006384260188717128,0.6666666666666667,1,0.25,0.2222222222222222,1,5,0.3333333333333333,0.0,1.0,0.1428571428571428,0,0
1479961,35,0.25,0.06577145866245393,0,0.0,0.2,0.5720136518771332,0.3333333333333333,1,0.0,0.0,1,7,1.0,0.3333333333333333,0.6666666666666667,0.0714285714285714,1,0
1446497,24,0.15000000000000002,0.13628225381779885,0,0.8214285714285714,0.1,0.1732583818510339,0.6666666666666667,1,0.0,0.16666666666666666,1,2,1.0,0.0,0.6666666666666667,0.7857142857142857,0,0
1340549,28,0.025,0.07930489731437601,1,0.39285714285714285,0.025,0.8376229672756474,0.6666666666666667,1,0.0,0.05555555555555555,0,0,0.6666666666666667,0.0,0.3333333333333333,0.0,1,1
1588632,26,0.2,0.17962085308056874,0,0.07142857142857142,0.2,0.4548082714314394,1.0,1,0.0,0.38888888888888884,0,7,0.0,0.3333333333333333,0.6666666666666667,0.7857142857142857,1,0
1499676,30,0.25,0.29325961032122166,0,0.3214285714285714,0.25,0.024573378839590446,0.3333333333333333,1,0.25,0.16666666666666666,1,4,0.6666666666666667,0.3333333333333333,0.6666666666666667,0.4999999999999999,1,0
1849677,40,0.4,0.17972617166929963,1,0.8928571428571428,0.025,0.7672756474603493,0.3333333333333333,0,0.25,0.05555555555555555,0,0,0.6666666666666667,0.3333333333333333,0.0,0.1428571428571428,1,0
1209446,35,0.375,0.48788836229594523,0,0.03571428571428571,0.17500000000000002,0.7024292310780967,0.3333333333333333,2,0.5,0.38888888888888884,6,4,0.6666666666666667,0.3333333333333333,1.0,0.4999999999999999,2,0
1098841,34,0.35000000000000003,0.2282253817798842,0,0.0,0.325,0.9500501907247539,0.3333333333333333,1,0.25,0.5,4,9,1.0,0.0,0.6666666666666667,0.6428571428571427,0,0
1871555,35,0.05,0.07198525539757769,0,0.10714285714285714,0.05,0.9814495081308975,0.3333333333333333,1,0.0,0.1111111111111111,2,2,1.0,0.3333333333333333,1.0,0.1428571428571428,1,0
1405213,43,0.17500000000000002,0.22838335966298054,0,0.2857142857142857,0.1,0.29692832764505117,0.0,1,0.25,0.16666666666666666,1,3,0.0,0.0,0.3333333333333333,0.1428571428571428,0,1
1089994,32,0.025,0.09573459715639812,0,0.03571428571428571,0.025,0.5160811082112026,0.6666666666666667,0,0.0,0.0,0,0,0.6666666666666667,1.0,0.6666666666666667,0.0714285714285714,2,0
1710657,56,0.7000000000000001,0.9970510795155346,0,0.10714285714285714,0.125,0.6617546677374021,0.6666666666666667,0,1.0,0.1111111111111111,4,2,1.0,0.3333333333333333,0.6666666666666667,0.1428571428571428,2,0
1511393,29,0.25,0.11174302264349659,0,0.17857142857142855,0.25,0.9736197550692632,0.6666666666666667,1,0.0,0.4444444444444444,0,8,0.3333333333333333,0.3333333333333333,0.6666666666666667,0.1428571428571428,1,0
1542698,19,0.025,0.08125329120589786,0,0.2857142857142857,0.025,0.20389480024091547,0.6666666666666667,0,0.0,0.05555555555555555,0,0,0.6666666666666667,0.0,0.6666666666666667,0.9999999999999999,0,0
1764148,45,0.17500000000000002,0.1826224328593997,1,0.2142857142857143,0.07500000000000001,0.722987351937362,0.6666666666666667,0,0.0,0.1111111111111111,0,2,0.0,0.3333333333333333,0.3333333333333333,0.5714285714285713,1,0
1334983,37,0.35000000000000003,0.2877830437072143,0,0.0,0.35000000000000003,0.31588034531218634,0.3333333333333333,2,0.25,0.4444444444444444,3,11,1.0,0.3333333333333333,0.3333333333333333,0.1428571428571428,1,0
1713700,20,0.05,0.10658241179568195,0,0.07142857142857142,0.05,0.4309977916081108,0.3333333333333333,1,0.0,0.1111111111111111,1,2,0.0,0.0,0.3333333333333333,0.0714285714285714,0,1
1476340,44,0.15000000000000002,0.10147446024223278,1,0.3214285714285714,0.15000000000000002,0.3506123268419996,0.6666666666666667,0,0.0,0.2222222222222222,0,2,0.6666666666666667,0.0,0.6666666666666667,0.0,0,1
1795477,53,0.65,0.9266456029489205,0,0.2142857142857143,0.17500000000000002,0.6643645854246135,0.6666666666666667,0,1.0,0.38888888888888884,4,7,1.0,0.3333333333333333,0.6666666666666667,0.4999999999999999,2,0
1500784,29,0.15000000000000002,0.061032122169562934,1,0.5,0.125,0.9973499297329854,0.0,0,0.0,0.2222222222222222,1,3,0.3333333333333333,0.3333333333333333,0.3333333333333333,0.4999999999999999,1,1
1455048,22,0.025,0.09710373880989995,1,0.07142857142857142,0.0,0.08548484240112428,0.3333333333333333,0,0.0,0.0,0,0,0.6666666666666667,0.3333333333333333,0.6666666666666667,0.0,1,1
1123335,46,0.7000000000000001,0.8446024223275408,0,0.03571428571428571,0.65,0.8834772134109616,0.6666666666666667,3,0.75,0.8333333333333333,15,9,0.6666666666666667,0.0,0.6666666666666667,0.8571428571428571,1,0
1285566,44,0.15000000000000002,0.06745655608214851,0,0.5714285714285714,0.0,0.0877333868701064,0.0,0,0.0,0.0,0,0,1.0,0.0,0.6666666666666667,0.1428571428571428,0,0
1279649,33,0.125,0.13644023170089523,0,0.03571428571428571,0.125,0.25436659305360365,0.6666666666666667,0,0.0,0.2222222222222222,1,4,0.3333333333333333,0.3333333333333333,0.6666666666666667,0.1428571428571428,1,0
1754610,41,0.125,0.05781990521327015,0,0.14285714285714285,0.025,0.7307367998393897,0.3333333333333333,0,0.0,0.0,0,0,0.0,0.3333333333333333,0.0,0.4285714285714285,2,1
1260276,30,0.2,0.16355976829910482,0,0.9999999999999999,0.1,0.44561333065649467,0.6666666666666667,1,0.25,0.16666666666666666,0,3,0.6666666666666667,1.0,0.6666666666666667,0.5714285714285713,2,0
1313206,40,0.125,0.17472353870458138,0,0.03571428571428571,0.0,0.9374021280867296,0.6666666666666667,1,0.25,0.0,0,0,0.3333333333333333,1.0,0.6666666666666667,0.0714285714285714,1,0
1562759,50,0.8,0.8871511321748289,0,0.03571428571428571,0.05,0.29696848022485445,0.6666666666666667,0,0.75,0.1111111111111111,2,2,1.0,0.3333333333333333,0.6666666666666667,0.7857142857142857,1,0
1818579,28,0.15000000000000002,0.11516587677725121,0,0.6428571428571428,0.15000000000000002,0.4157799638626781,0.3333333333333333,1,0.0,0.2777777777777778,3,3,1.0,1.0,0.6666666666666667,0.0714285714285714,1,0
1221210,46,0.625,0.9516587677725118,0,0.5,0.1,0.3515358361774744,0.6666666666666667,3,1.0,0.1111111111111111,0,3,1.0,0.3333333333333333,0.6666666666666667,0.0,1,0
1285937,35,0.375,0.4190100052659294,1,0.5714285714285714,0.17500000000000002,0.7601686408351737,0.6666666666666667,1,0.25,0.38888888888888884,1,7,0.6666666666666667,1.0,0.6666666666666667,0.2857142857142857,1,0
1063216,24,0.025,0.06324381253291206,0,0.5714285714285714,0.025,0.051314996988556516,0.6666666666666667,1,0.0,0.0,0,0,1.0,0.3333333333333333,0.0,0.1428571428571428,1,1
1551282,33,0.25,0.18588730911005794,0,0.8571428571428571,0.25,0.11286890182694237,0.6666666666666667,1,0.25,0.38888888888888884,0,1,0.3333333333333333,0.3333333333333333,0.3333333333333333,0.0714285714285714,1,0
1310719,36,0.17500000000000002,0.09120589784096894,0,0.17857142857142855,0.17500000000000002,0.19156795824131698,0.0,1,0.0,0.38888888888888884,1,7,0.6666666666666667,0.3333333333333333,0.6666666666666667,0.2142857142857143,2,0
1544205,30,0.25,0.13070036861506057,0,0.2142857142857143,0.25,0.3700060228869705,0.6666666666666667,1,0.25,0.38888888888888884,8,9,0.6666666666666667,1.0,0.3333333333333333,0.1428571428571428,2,0
1503934,44,0.5,0.18599262769878885,0,0.9999999999999999,0.5,0.22686207588837584,0.6666666666666667,0,0.25,0.611111111111111,13,17,1.0,0.0,0.6666666666666667,0.9999999999999999,0,0
1531205,20,0.05,0.08788836229594524,0,0.7142857142857143,0.05,0.11869102589841396,1.0,0,0.0,0.05555555555555555,2,2,0.6666666666666667,0.0,0.6666666666666667,0.4285714285714285,0,0
1126413,46,0.30000000000000004,0.33543970510795157,0,0.03571428571428571,0.15000000000000002,0.6159004216020879,0.6666666666666667,2,0.25,0.16666666666666666,1,4,1.0,0.3333333333333333,0.3333333333333333,0.0,2,0
1170535,42,0.25,0.2771458662453923,0,0.03571428571428571,0.1,0.43220236900220843,1.0,0,0.25,0.16666666666666666,0,3,1.0,0.3333333333333333,1.0,0.3571428571428571,1,0
1520995,60,0.30000000000000004,0.22174828857293313,1,0.2142857142857143,0.275,0.35330254968881747,1.0,1,0.25,0.38888888888888884,1,9,0.3333333333333333,0.3333333333333333,0.6666666666666667,0.4999999999999999,2,0
1229290,32,0.05,0.09131121642969986,0,0.42857142857142855,0.05,0.2102790604296326,0.3333333333333333,1,0.0,0.1111111111111111,2,2,0.6666666666666667,0.3333333333333333,0.6666666666666667,0.6428571428571427,1,0
1034448,32,0.25,0.21005792522380204,1,0.03571428571428571,0.2,0.009797229471993574,0.6666666666666667,0,0.25,0.38888888888888884,0,7,1.0,0.0,0.6666666666666667,0.2142857142857143,0,0
1516924,36,0.42500000000000004,0.4867298578199052,1,0.0,0.17500000000000002,0.08596667335876329,0.0,2,0.5,0.38888888888888884,7,7,0.6666666666666667,0.3333333333333333,0.6666666666666667,0.7142857142857143,2,0
1487583,33,0.375,0.09331226961558717,0,0.2857142857142857,0.35000000000000003,0.1693234290303152,0.6666666666666667,0,0.0,0.5555555555555556,4,10,0.0,0.3333333333333333,0.6666666666666667,0.1428571428571428,1,0
1516360,40,0.17500000000000002,0.3076882569773565,0,0.3214285714285714,0.125,0.3813290503914877,0.3333333333333333,1,0.25,0.05555555555555555,1,3,0.3333333333333333,0.3333333333333333,1.0,0.0714285714285714,2,0
1384279,25,0.125,0.20753027909426017,0,0.3214285714285714,0.1,0.7439871511744629,0.6666666666666667,1,0.25,0.16666666666666666,1,1,0.6666666666666667,0.0,0.6666666666666667,0.2142857142857143,0,0
1658193,30,0.30000000000000004,0.13533438651922067,1,0.0,0.275,0.2921100180686609,0.6666666666666667,0,0.0,0.5,5,7,1.0,0.3333333333333333,0.6666666666666667,0.7142857142857143,1,0
1645050,42,0.5,0.641495523959979,1,0.8928571428571428,0.025,0.8507127082915077,0.6666666666666667,3,0.5,0.0,0,0,0.0,0.0,0.6666666666666667,0.4285714285714285,1,0
1695470,35,0.4,0.49331226961558716,1,0.25,0.325,0.4682192330857258,0.3333333333333333,1,0.5,0.1111111111111111,4,12,0.6666666666666667,0.3333333333333333,0.3333333333333333,0.0,1,0
1362336,27,0.225,0.06456029489204845,1,0.4642857142857143,0.225,0.49319413772334875,0.6666666666666667,0,0.0,0.38888888888888884,6,8,0.0,0.6666666666666666,0.3333333333333333,0.2142857142857143,1,0
1442702,54,0.8250000000000001,0.49989468141126914,0,0.0,0.125,0.30375426621160406,0.6666666666666667,2,0.5,0.2222222222222222,1,4,1.0,0.3333333333333333,0.0,0.4285714285714285,2,0
1226564,44,0.25,0.05276461295418642,0,0.03571428571428571,0.25,0.7182493475205782,1.0,0,0.0,0.2777777777777778,7,7,0.0,0.3333333333333333,0.6666666666666667,0.1428571428571428,1,0
1245033,19,0.025,0.04476040021063717,1,0.3214285714285714,0.025,0.16277855852238507,0.3333333333333333,0,0.0,0.05555555555555555,0,0,0.0,0.0,1.0,0.9999999999999999,0,1
1856613,29,0.07500000000000001,0.1448657187993681,0,0.0,0.07500000000000001,0.14069463963059625,0.6666666666666667,0,0.0,0.1111111111111111,1,2,0.0,1.0,0.6666666666666667,0.2857142857142857,2,0
1559788,54,0.9,0.8830963665086888,0,0.07142857142857142,0.25,0.8584621561935354,0.6666666666666667,3,0.75,0.5,0,9,1.0,0.0,0.6666666666666667,0.2142857142857143,1,0
1845153,31,0.15000000000000002,0.3066877303844128,1,0.35714285714285715,0.15000000000000002,0.6020879341497691,0.6666666666666667,1,0.25,0.2777777777777778,0,1,0.6666666666666667,0.0,0.3333333333333333,0.0714285714285714,1,0
1216132,31,0.25,0.30558188520273827,0,0.8214285714285714,0.25,0.6064645653483236,0.3333333333333333,1,0.25,0.5,1,8,0.6666666666666667,0.0,0.6666666666666667,0.5714285714285713,0,0
1718896,59,0.325,0.21916798314902583,0,0.07142857142857142,0.15000000000000002,0.578036538847621,0.3333333333333333,1,0.25,0.05555555555555555,0,5,0.6666666666666667,0.0,0.6666666666666667,0.4285714285714285,0,0
1659741,43,0.625,0.986361242759347,0,0.07142857142857142,0.2,0.6637622967275647,0.0,3,1.0,0.38888888888888884,0,7,0.6666666666666667,0.3333333333333333,0.6666666666666667,0.2142857142857143,1,0
1460231,49,0.5750000000000001,0.9321748288572933,0,0.10714285714285714,0.025,0.40273037542662116,0.3333333333333333,0,1.0,0.0,0,0,0.0,0.3333333333333333,1.0,0.1428571428571428,1,0
1276743,36,0.30000000000000004,0.14128488678251713,0,0.07142857142857142,0.275,0.2875727765508934,0.6666666666666667,0,0.0,0.5555555555555556,0,7,0.6666666666666667,0.0,0.3333333333333333,0.0714285714285714,1,0
1551418,48,0.17500000000000002,0.08162190626645605,0,0.03571428571428571,0.025,0.5832563742220438,1.0,1,0.0,0.0,0,0,1.0,0.0,0.3333333333333333,0.0,0,0
1409781,27,0.125,0.0794102159031069,0,0.10714285714285714,0.125,0.04472997390082312,0.6666666666666667,0,0.0,0.16666666666666666,0,3,0.0,1.0,0.6666666666666667,0.0,2,0
1429070,29,0.15000000000000002,0.2956292785676672,1,0.2142857142857143,0.15000000000000002,0.08472194338486247,0.6666666666666667,1,0.25,0.0,1,0,0.6666666666666667,0.6666666666666666,0.6666666666666667,0.0,2,0
1149718,48,0.625,0.9086887835703001,0,0.0,0.025,0.26657297731379237,0.3333333333333333,3,1.0,0.0,0,0,1.0,0.0,1.0,0.0714285714285714,0,0
1593907,29,0.225,0.7959452343338599,0,0.0,0.17500000000000002,0.053362778558522395,0.3333333333333333,3,0.75,0.38888888888888884,1,7,1.0,0.6666666666666666,0.3333333333333333,0.2142857142857143,2,0
1346366,34,0.05,0.08299104791995787,0,0.6785714285714285,0.025,0.7849427825737804,1.0,0,0.0,0.0,0,0,0.6666666666666667,0.0,0.3333333333333333,0.4285714285714285,1,0
1471840,44,0.65,0.9059505002632965,0,0.14285714285714285,0.55,0.2672957237502509,0.6666666666666667,3,1.0,0.5,3,10,0.3333333333333333,0.3333333333333333,0.6666666666666667,0.0,1,0
1081187,33,0.25,0.3881516587677725,1,0.3214285714285714,0.225,0.7875527002609918,1.0,1,0.5,0.4444444444444444,0,8,1.0,0.6666666666666666,0.6666666666666667,0.2142857142857143,2,0
1237363,19,0.025,0.10452869931542919,1,0.8571428571428571,0.025,0.7679983938968079,1.0,0,0.0,0.0,0,1,0.3333333333333333,0.0,0.6666666666666667,0.0714285714285714,0,0
1473069,23,0.025,0.011269088994207484,0,0.0,0.025,0.5945392491467577,0.6666666666666667,0,0.0,0.0,0,1,1.0,0.3333333333333333,0.6666666666666667,0.7857142857142857,1,0
1322371,25,0.025,0.00573986308583465,1,0.8214285714285714,0.025,0.23874723951013851,0.0,0,0.0,0.0,1,0,0.6666666666666667,0.0,0.6666666666666667,0.2142857142857143,0,1
1574047,26,0.2,0.09826224328593997,1,0.10714285714285714,0.2,0.3163621762698253,0.6666666666666667,0,0.0,0.2777777777777778,2,2,0.6666666666666667,0.0,0.3333333333333333,0.6428571428571427,0,0
1588094,45,0.65,0.9381253291205898,1,0.03571428571428571,0.6000000000000001,0.016020879341497693,0.0,3,1.0,0.5555555555555556,1,11,0.0,0.0,0.6666666666666667,0.3571428571428571,0,0
1364438,55,0.8500000000000001,0.6618220115850447,1,0.25,0.8250000000000001,0.9435053202168239,0.3333333333333333,1,0.75,0.5,15,0,1.0,0.3333333333333333,0.6666666666666667,0.2857142857142857,2,0
1724855,21,0.05,0.0850974196945761,0,0.3214285714285714,0.05,0.9321019875527002,0.3333333333333333,1,0.0,0.1111111111111111,2,2,0.0,0.0,0.0,0.6428571428571427,0,1
1032289,46,0.65,0.9362822538177988,0,0.10714285714285714,0.275,0.3152780566151375,0.3333333333333333,3,1.0,0.2222222222222222,0,8,1.0,0.3333333333333333,0.6666666666666667,0.2142857142857143,1,0
1826524,34,0.1,0.18583464981569248,1,0.03571428571428571,0.07500000000000001,0.15840192732383054,0.6666666666666667,1,0.25,0.1111111111111111,0,2,0.6666666666666667,0.0,0.6666666666666667,0.0714285714285714,0,0
1426682,51,0.775,0.9919957872564508,1,0.2857142857142857,0.7250000000000001,0.6866894197952218,0.6666666666666667,3,1.0,0.5555555555555556,11,10,1.0,0.3333333333333333,0.3333333333333333,0.9285714285714285,2,0
1826449,59,0.625,0.5004212743549237,0,0.6071428571428571,0.225,0.7190523991166432,0.6666666666666667,2,0.5,0.38888888888888884,5,4,1.0,0.0,0.3333333333333333,0.0714285714285714,0,0
1319702,34,0.375,0.18088467614533968,0,0.6428571428571428,0.275,0.8207187311784782,0.6666666666666667,1,0.25,0.4444444444444444,5,10,0.6666666666666667,0.6666666666666666,1.0,0.1428571428571428,2,0
1668404,28,0.125,0.06029489204844655,1,0.0,0.1,0.19064444890584217,0.6666666666666667,1,0.0,0.1111111111111111,0,2,1.0,0.0,0.3333333333333333,0.0,0,1
1459186,44,0.65,0.9573986308583465,0,0.10714285714285714,0.625,0.6176671351134311,1.0,0,1.0,0.5,14,13,0.6666666666666667,0.6666666666666666,0.3333333333333333,0.2142857142857143,2,0
1488640,34,0.35000000000000003,0.18330700368615063,0,0.35714285714285715,0.25,0.7925717727363983,0.3333333333333333,0,0.25,0.5,1,8,0.6666666666666667,0.6666666666666666,1.0,0.0,1,0
1711208,35,0.1,0.1314902580305424,1,0.17857142857142855,0.07500000000000001,0.15763902830756876,0.6666666666666667,0,0.0,0.1111111111111111,2,2,0.6666666666666667,0.0,0.6666666666666667,0.2142857142857143,1,0
1619962,42,0.45,0.07177461822011585,1,0.2142857142857143,0.025,0.14189921702469382,1.0,0,0.25,0.0,0,0,0.3333333333333333,0.0,0.6666666666666667,0.3571428571428571,1,0
1411176,43,0.5750000000000001,0.48562401263823063,0,0.10714285714285714,0.525,0.7335876330054206,0.3333333333333333,1,0.5,0.38888888888888884,15,17,1.0,0.0,1.0,0.2142857142857143,0,0
1702814,36,0.45,0.2317535545023697,1,0.03571428571428571,0.4,0.009194940774944788,0.6666666666666667,2,0.25,0.7777777777777777,5,12,0.6666666666666667,0.0,0.6666666666666667,0.0,0,0
1059499,44,0.25,0.3669826224328594,0,0.5,0.25,0.48106805862276647,0.6666666666666667,1,0.5,0.38888888888888884,0,5,0.0,0.3333333333333333,0.6666666666666667,0.0,1,0
1612685,28,0.05,0.15050026329647184,1,0.03571428571428571,0.05,0.48697048785384467,0.3333333333333333,1,0.0,0.1111111111111111,2,2,1.0,0.3333333333333333,0.6666666666666667,0.0714285714285714,1,0
1744003,51,0.2,0.09631384939441812,0,0.17857142857142855,0.17500000000000002,0.08685003011443485,0.3333333333333333,1,0.0,0.0,7,7,0.3333333333333333,0.0,0.3333333333333333,0.2142857142857143,0,0
1825727,30,0.25,0.194102159031069,1,0.2857142857142857,0.2,0.43220236900220843,0.6666666666666667,2,0.25,0.2222222222222222,1,7,0.6666666666666667,0.0,0.6666666666666667,0.4999999999999999,0,0
1100849,29,0.25,0.12269615587151134,1,0.2142857142857143,0.17500000000000002,0.6099578397912065,0.6666666666666667,1,0.0,0.38888888888888884,7,7,0.3333333333333333,0.6666666666666666,0.6666666666666667,0.1428571428571428,2,1
1165880,28,0.125,0.05639810426540285,0,0.0,0.07500000000000001,0.10592250552097973,0.6666666666666667,0,0.0,0.1111111111111111,1,2,1.0,0.0,0.3333333333333333,0.0,0,0
1386101,25,0.05,0.05724065297525013,0,0.0,0.05,0.6719935755872315,0.6666666666666667,0,0.0,0.1111111111111111,2,1,1.0,0.0,0.3333333333333333,0.4999999999999999,0,0
1053739,32,0.25,0.2738283307003686,0,0.25,0.25,0.3854246135314193,1.0,1,0.25,0.38888888888888884,0,8,0.6666666666666667,0.6666666666666666,1.0,0.2857142857142857,1,0
1259785,45,0.55,0.8979462875197473,0,0.8571428571428571,0.0,0.43930937562738404,0.6666666666666667,0,1.0,0.0,0,0,0.3333333333333333,0.0,0.6666666666666667,0.7857142857142857,0,0
1772045,39,0.525,0.84855186940495,1,0.42857142857142855,0.47500000000000003,0.611925316201566,0.3333333333333333,0,0.75,0.5,15,2,0.6666666666666667,0.6666666666666666,0.6666666666666667,0.1428571428571428,2,0
1153402,58,0.05,0.07177461822011585,0,0.7857142857142857,0.05,0.9629391688415981,0.6666666666666667,0,0.0,0.1111111111111111,2,2,0.0,0.6666666666666666,0.6666666666666667,0.0714285714285714,2,0
1111156,32,0.25,0.20400210637177466,0,0.2142857142857143,0.25,0.8332061834972897,0.6666666666666667,1,0.25,0.2222222222222222,1,1,1.0,0.3333333333333333,0.6666666666666667,0.4999999999999999,1,0
1191511,39,0.15000000000000002,0.1524486571879937,0,0.7857142857142857,0.125,0.8054607508532423,0.6666666666666667,0,0.0,0.1111111111111111,0,3,0.6666666666666667,0.0,0.6666666666666667,0.1428571428571428,0,1
1391589,30,0.25,0.19052132701421803,0,0.17857142857142855,0.225,0.864766111222646,0.3333333333333333,1,0.25,0.1111111111111111,6,7,0.0,0.3333333333333333,0.6666666666666667,0.0714285714285714,1,0
1474475,36,0.25,0.32043180621379674,0,0.3214285714285714,0.17500000000000002,0.14667737402128087,0.6666666666666667,1,0.5,0.38888888888888884,1,7,1.0,0.0,0.6666666666666667,0.0714285714285714,1,0
1211290,46,0.25,0.1271195365982096,0,0.0,0.17500000000000002,0.837703272435254,0.6666666666666667,0,0.0,0.3333333333333333,5,7,1.0,0.0,1.0,0.0714285714285714,0,0
1193428,28,0.25,0.2983149025803054,0,0.0,0.225,0.5741015860269022,0.0,1,0.25,0.4444444444444444,7,5,0.6666666666666667,1.0,0.6666666666666667,0.0,1,0
1545703,50,0.625,0.8357556608741443,1,0.9642857142857143,0.07500000000000001,0.816221642240514,0.6666666666666667,3,0.75,0.1111111111111111,1,2,1.0,0.0,0.6666666666666667,0.0,1,0
1202936,40,0.225,0.42575039494470773,1,0.8571428571428571,0.125,0.6079502108010439,0.3333333333333333,1,0.5,0.2222222222222222,1,0,1.0,0.0,0.6666666666666667,0.0714285714285714,0,1
1171299,52,0.25,0.39162717219589255,1,0.14285714285714285,0.2,0.7805661513752259,0.6666666666666667,1,0.5,0.38888888888888884,7,7,0.3333333333333333,0.0,0.3333333333333333,0.5714285714285713,0,1
1277861,30,0.225,0.5743549236440232,1,0.5714285714285714,0.225,0.9569564344509135,0.6666666666666667,0,0.5,0.05555555555555555,0,8,0.3333333333333333,0.6666666666666666,0.6666666666666667,0.8571428571428571,1,0
1622014,39,0.225,0.18562401263823067,0,0.6071428571428571,0.2,0.452037743425015,0.6666666666666667,2,0.25,0.38888888888888884,1,7,0.0,0.0,0.6666666666666667,0.0,0,0
1379068,31,0.25,0.465666140073723,1,0.03571428571428571,0.25,0.27468379843404933,0.6666666666666667,1,0.5,0.4444444444444444,9,6,1.0,0.3333333333333333,0.3333333333333333,0.5714285714285713,2,0
1546275,41,0.47500000000000003,0.2707740916271722,0,0.3214285714285714,0.47500000000000003,0.8022485444689821,0.0,1,0.25,0.1111111111111111,11,9,0.6666666666666667,0.0,0.6666666666666667,0.1428571428571428,0,0
1288105,31,0.07500000000000001,0.06808846761453397,1,0.0,0.07500000000000001,0.24994980927524593,0.6666666666666667,0,0.0,0.1111111111111111,2,2,1.0,0.0,1.0,0.0,0,1
1518688,44,0.25,0.07124802527646129,0,0.07142857142857142,0.07500000000000001,0.5049186910258984,0.6666666666666667,1,0.0,0.1111111111111111,1,2,0.0,0.0,1.0,0.0714285714285714,1,0
1071499,42,0.525,0.8874144286466562,1,0.03571428571428571,0.5,0.9832563742220438,0.6666666666666667,0,0.75,0.4444444444444444,2,10,0.6666666666666667,0.0,0.3333333333333333,0.1428571428571428,1,0
1704652,55,0.5750000000000001,0.9572406529752501,0,0.03571428571428571,0.47500000000000003,0.19666733587633003,0.0,0,1.0,0.5,9,11,1.0,0.3333333333333333,0.6666666666666667,0.2142857142857143,1,0
1074172,56,0.9,0.9851500789889415,0,0.25,0.17500000000000002,0.07741417386067054,0.6666666666666667,3,1.0,0.16666666666666666,7,7,1.0,0.0,0.6666666666666667,0.2142857142857143,0,0
1415953,40,0.15000000000000002,0.1334913112164297,0,0.5357142857142857,0.1,0.2585023087733387,0.6666666666666667,0,0.0,0.1111111111111111,0,0,0.6666666666666667,0.3333333333333333,0.6666666666666667,0.3571428571428571,2,0
1492244,34,0.25,0.3944707740916272,0,0.2857142857142857,0.225,0.13651877133105803,0.6666666666666667,1,0.5,0.38888888888888884,1,6,1.0,0.3333333333333333,0.3333333333333333,0.0,2,0
1510065,40,0.225,0.1923117430226435,0,0.03571428571428571,0.225,0.8175466773740213,0.6666666666666667,0,0.25,0.4444444444444444,8,8,0.6666666666666667,0.0,0.6666666666666667,0.1428571428571428,0,0
1338493,41,0.25,0.16292785676671934,0,0.0,0.225,0.08845613330656493,0.6666666666666667,1,0.25,0.16666666666666666,1,7,0.6666666666666667,0.3333333333333333,0.6666666666666667,0.4285714285714285,2,0
1451242,35,0.225,0.17061611374407584,1,0.10714285714285714,0.225,0.02393093756273841,0.6666666666666667,0,0.25,0.3333333333333333,1,1,0.6666666666666667,0.0,0.6666666666666667,0.0,0,0
1265137,51,0.8250000000000001,0.6854660347551342,1,0.14285714285714285,0.8250000000000001,0.6221240714715921,0.6666666666666667,3,0.75,0.5,0,10,0.6666666666666667,0.3333333333333333,0.6666666666666667,0.0,2,0
1465164,38,0.275,0.30984728804634015,0,0.03571428571428571,0.17500000000000002,0.6973298534430837,0.6666666666666667,1,0.25,0.38888888888888884,1,7,0.3333333333333333,0.3333333333333333,0.6666666666666667,0.2857142857142857,2,0
1420569,34,0.25,0.2694049499736703,0,0.5,0.25,0.8616342099979923,0.6666666666666667,1,0.25,0.4444444444444444,9,6,0.6666666666666667,0.0,1.0,0.0714285714285714,0,0
1796375,25,0.17500000000000002,0.14007372301211166,0,0.6428571428571428,0.07500000000000001,0.2803051596065047,0.6666666666666667,1,0.0,0.1111111111111111,1,2,1.0,1.0,0.3333333333333333,0.0,1,0
1536328,58,0.775,0.47388098999473405,1,0.2142857142857143,0.25,0.3986749648664927,0.3333333333333333,2,0.5,0.5,5,9,0.6666666666666667,0.0,0.3333333333333333,0.2142857142857143,1,1
1346672,40,0.17500000000000002,0.07256450763559769,0,0.0,0.1,0.187432242521582,0.6666666666666667,1,0.0,0.1111111111111111,0,3,0.3333333333333333,0.3333333333333333,0.6666666666666667,0.7857142857142857,1,0
1408258,36,0.42500000000000004,0.1911532385466035,0,0.2142857142857143,0.375,0.006705480827143145,1.0,1,0.25,0.38888888888888884,6,13,0.0,0.3333333333333333,0.3333333333333333,0.3571428571428571,1,0
1172129,48,0.275,0.36276987888362294,0,0.10714285714285714,0.25,0.6670146556916282,0.6666666666666667,2,0.5,0.5,0,8,1.0,0.0,0.6666666666666667,0.0,0,0
1525335,27,0.125,0.08030542390731965,0,0.35714285714285715,0.025,0.1779963862678177,1.0,0,0.0,0.0,0,0,0.6666666666666667,0.3333333333333333,0.6666666666666667,0.2142857142857143,1,0
1138505,51,0.7250000000000001,0.6389152185360716,0,0.35714285714285715,0.125,0.897209395703674,0.3333333333333333,2,0.75,0.1111111111111111,0,3,1.0,0.0,0.3333333333333333,0.3571428571428571,0,0
1792003,18,0.0,0.03170089520800421,0,0.0,0.0,0.6910660509937764,0.6666666666666667,1,0.0,0.0,0,0,1.0,0.0,1.0,0.2857142857142857,0,0
1584366,35,0.25,0.22927856766719326,0,0.0,0.225,0.3514153784380646,0.3333333333333333,1,0.25,0.38888888888888884,0,0,1.0,0.3333333333333333,0.6666666666666667,0.0714285714285714,1,0
1224247,27,0.2,0.21390205371248025,0,0.03571428571428571,0.15000000000000002,0.7347119052399117,0.0,1,0.25,0.1111111111111111,0,0,1.0,0.0,0.6666666666666667,0.6428571428571427,0,0
1081600,55,0.6000000000000001,0.6680358083201685,1,0.42857142857142855,0.47500000000000003,0.28841598072676167,1.0,1,0.75,0.38888888888888884,3,8,0.0,0.0,0.3333333333333333,0.4285714285714285,0,1
1665397,56,0.8250000000000001,0.6526066350710901,1,0.7857142857142857,0.47500000000000003,0.6481027906042963,0.6666666666666667,2,0.75,0.8888888888888888,15,9,1.0,0.3333333333333333,0.6666666666666667,0.0714285714285714,1,0
1073438,34,0.125,0.053712480252764615,0,0.8928571428571428,0.125,0.5539851435454728,0.3333333333333333,0,0.0,0.2222222222222222,0,0,0.0,1.0,0.6666666666666667,0.6428571428571427,2,0
1858522,40,0.375,0.28267509215376513,0,0.03571428571428571,0.30000000000000004,0.4735595261995583,1.0,1,0.25,0.611111111111111,11,8,0.3333333333333333,1.0,0.6666666666666667,0.6428571428571427,2,0
1528867,34,0.25,0.23275408109531334,0,0.9999999999999999,0.2,0.6182292712306766,0.6666666666666667,1,0.25,0.38888888888888884,7,7,0.3333333333333333,0.6666666666666666,0.6666666666666667,0.1428571428571428,1,0
1648657,31,0.07500000000000001,0.09352290679304898,0,0.03571428571428571,0.025,0.393013451114234,0.3333333333333333,0,0.0,0.0,0,0,0.6666666666666667,0.0,1.0,0.2142857142857143,0,1
1805986,35,0.125,0.1898367561874671,1,0.6071428571428571,0.1,0.8509937763501305,0.6666666666666667,1,0.25,0.1111111111111111,3,2,1.0,0.3333333333333333,0.3333333333333333,0.4999999999999999,1,1
1272720,38,0.1,0.08430753027909427,0,0.2142857142857143,0.1,0.5482433246336077,1.0,0,0.0,0.1111111111111111,0,3,1.0,1.0,0.6666666666666667,0.0,2,0
1415194,34,0.35000000000000003,0.29899947340705635,0,0.03571428571428571,0.35000000000000003,0.16338084721943383,0.6666666666666667,1,0.25,0.611111111111111,4,11,0.6666666666666667,0.0,1.0,0.0,0,0
1176516,28,0.125,0.1956292785676672,0,0.8928571428571428,0.125,0.8888978116844007,0.3333333333333333,1,0.25,0.16666666666666666,0,4,0.6666666666666667,0.3333333333333333,0.6666666666666667,0.0,1,0
1542102,31,0.25,0.27224855186940494,1,0.75,0.25,0.7614133708090745,0.6666666666666667,2,0.25,0.1111111111111111,6,7,1.0,0.6666666666666666,0.3333333333333333,0.2857142857142857,1,1
1872881,39,0.2,0.26914165350184305,1,0.7142857142857143,0.125,0.059144750050190736,0.3333333333333333,1,0.25,0.2222222222222222,1,4,0.0,0.6666666666666666,1.0,0.0714285714285714,1,0
1588882,51,0.35000000000000003,0.5048446550816219,0,0.03571428571428571,0.1,0.5340694639630597,0.6666666666666667,1,0.5,0.1111111111111111,3,2,0.3333333333333333,0.0,0.6666666666666667,0.0,1,0
1278061,41,0.30000000000000004,0.23475513428120062,1,0.75,0.15000000000000002,0.47616944388676974,0.6666666666666667,0,0.25,0.1111111111111111,3,3,1.0,0.6666666666666666,0.3333333333333333,0.2142857142857143,2,0
1220976,37,0.2,0.1046340179041601,1,0.10714285714285714,0.15000000000000002,0.12399116643244329,0.6666666666666667,0,0.0,0.2222222222222222,1,3,0.6666666666666667,0.0,0.6666666666666667,0.2857142857142857,1,0
1068192,33,0.2,0.4733543970510795,0,0.14285714285714285,0.125,0.6905842200361373,0.6666666666666667,1,0.25,0.2222222222222222,1,2,0.3333333333333333,0.0,1.0,0.1428571428571428,1,0
1633178,32,0.1,0.16161137440758294,1,0.03571428571428571,0.07500000000000001,0.7389279261192532,0.6666666666666667,1,0.25,0.1111111111111111,1,2,0.6666666666666667,1.0,0.3333333333333333,0.1428571428571428,1,0
1432591,39,0.325,0.5219062664560294,0,0.8571428571428571,0.15000000000000002,0.054406745633406944,0.6666666666666667,1,0.5,0.2222222222222222,0,5,0.6666666666666667,0.3333333333333333,0.6666666666666667,0.7142857142857143,1,0
1844995,25,0.15000000000000002,0.2750394944707741,0,0.6071428571428571,0.07500000000000001,0.4169042360971692,1.0,1,0.25,0.1111111111111111,1,2,0.0,0.0,0.3333333333333333,0.0,1,0
1162157,52,0.6000000000000001,0.6444444444444445,1,0.9642857142857143,0.125,0.3066452519574383,1.0,2,0.75,0.16666666666666666,0,2,1.0,0.3333333333333333,0.3333333333333333,0.0,1,0
1084924,43,0.5,0.16176935229067932,1,0.17857142857142855,0.5,0.7190925516964465,0.3333333333333333,0,0.25,0.38888888888888884,1,8,0.0,0.0,0.0,0.2142857142857143,0,0
1229066,27,0.15000000000000002,0.2506582411795682,1,0.3214285714285714,0.15000000000000002,0.20100381449508128,0.3333333333333333,1,0.25,0.1111111111111111,4,4,1.0,0.0,0.6666666666666667,0.0,1,0
1526314,27,0.2,0.07293312269615587,1,0.5714285714285714,0.2,0.9470788998193135,0.6666666666666667,0,0.0,0.1111111111111111,7,7,1.0,0.0,0.6666666666666667,0.1428571428571428,0,1
1339537,26,0.125,0.1524486571879937,0,0.03571428571428571,0.1,0.07853844609516161,0.3333333333333333,0,0.0,0.16666666666666666,1,1,0.0,0.0,0.6666666666666667,0.0714285714285714,0,0
1112703,42,0.525,0.8314902580305424,0,0.3214285714285714,0.5,0.5830957639028308,0.6666666666666667,3,0.75,0.38888888888888884,0,9,0.6666666666666667,0.3333333333333333,0.6666666666666667,0.2142857142857143,1,0
1768835,52,0.30000000000000004,0.10221169036334915,0,0.25,0.125,0.6130897410158602,0.6666666666666667,1,0.0,0.2222222222222222,0,4,0.6666666666666667,0.0,0.0,0.1428571428571428,1,0
1742081,37,0.2,0.13796735123749343,0,0.35714285714285715,0.07500000000000001,0.6830756876129291,0.6666666666666667,1,0.0,0.1111111111111111,0,2,0.0,0.0,0.6666666666666667,0.4999999999999999,0,0
1729034,35,0.25,0.43986308583464984,0,0.6071428571428571,0.05,0.7167235494880546,0.6666666666666667,2,0.5,0.1111111111111111,2,2,0.6666666666666667,0.0,0.6666666666666667,0.0,0,0
1141939,25,0.17500000000000002,0.11690363349131122,0,0.0,0.07500000000000001,0.11306966472595864,0.6666666666666667,1,0.0,0.1111111111111111,0,2,0.0,0.3333333333333333,0.3333333333333333,0.0,1,0
1115350,26,0.2,0.1352817272248552,0,0.2142857142857143,0.17500000000000002,0.8625978719132704,1.0,1,0.0,0.38888888888888884,0,7,0.6666666666666667,0.0,0.6666666666666667,0.0714285714285714,0,0
1218088,29,0.25,0.36750921537651393,0,0.5714285714285714,0.25,0.3081710499899618,0.3333333333333333,0,0.5,0.5,0,9,0.3333333333333333,0.0,0.3333333333333333,0.1428571428571428,0,0
1246982,49,0.5,0.17245918904686677,0,0.9642857142857143,0.1,0.8277855852238506,0.3333333333333333,1,0.25,0.16666666666666666,1,3,0.0,0.0,0.6666666666666667,0.6428571428571427,0,0
1458822,29,0.225,0.3446024223275408,1,0.4642857142857143,0.2,0.8366191527805661,0.6666666666666667,1,0.5,0.38888888888888884,7,7,0.6666666666666667,0.0,0.6666666666666667,0.0714285714285714,0,1
1699413,54,0.7250000000000001,0.8593470247498683,0,0.0,0.5,0.14286287893997188,0.6666666666666667,3,0.75,0.38888888888888884,12,7,1.0,0.0,0.3333333333333333,0.5714285714285713,0,0
1620973,58,0.8,0.9843075302790943,1,0.0,0.225,0.8175868299538245,0.6666666666666667,3,1.0,0.4444444444444444,1,5,1.0,0.3333333333333333,0.6666666666666667,0.7142857142857143,1,0
1793695,55,0.775,0.7226434965771459,0,0.0,0.17500000000000002,0.41437462356956434,1.0,3,0.75,0.38888888888888884,0,0,0.3333333333333333,0.6666666666666666,1.0,0.1428571428571428,2,0
1583611,36,0.375,0.43543970510795155,1,0.07142857142857142,0.125,0.7496085123469183,0.6666666666666667,1,0.25,0.2222222222222222,0,1,0.0,0.0,0.6666666666666667,0.3571428571428571,0,0
1792620,31,0.025,0.018430753027909426,0,0.0,0.025,0.5645452720337282,0.0,0,0.0,0.0,0,0,0.3333333333333333,0.0,0.6666666666666667,0.0714285714285714,0,1
1225271,30,0.2,0.19852553975776724,0,0.2142857142857143,0.07500000000000001,0.42830756876129294,0.6666666666666667,1,0.25,0.1111111111111111,0,2,1.0,0.6666666666666666,0.6666666666666667,0.2142857142857143,2,0
1703058,31,0.225,0.8116377040547657,0,0.25,0.07500000000000001,0.2711503714113632,0.6666666666666667,3,0.75,0.1111111111111111,1,0,0.0,0.0,1.0,0.0,0,0
1613258,34,0.25,0.1046340179041601,0,0.0,0.1,0.7303754266211604,0.6666666666666667,0,0.0,0.16666666666666666,1,3,1.0,0.6666666666666666,0.6666666666666667,0.2142857142857143,2,0
1611839,31,0.025,0.013270142180094792,0,0.25,0.025,0.8097972294719936,0.3333333333333333,0,0.0,0.0,0,0,0.0,0.0,1.0,0.0714285714285714,0,1
1434118,27,0.15000000000000002,0.057398630858346504,0,0.35714285714285715,0.125,0.22425215820116443,0.6666666666666667,1,0.0,0.0,1,4,0.3333333333333333,0.0,1.0,0.2142857142857143,1,0
1577542,36,0.25,0.2528172722485519,0,0.10714285714285714,0.25,0.8235294117647058,0.3333333333333333,1,0.25,0.2222222222222222,1,8,0.0,0.0,0.3333333333333333,0.3571428571428571,0,0
1537620,36,0.275,0.24423380726698266,0,0.5357142857142857,0.07500000000000001,0.45773940975707694,0.3333333333333333,1,0.25,0.1111111111111111,0,2,0.6666666666666667,0.6666666666666666,0.3333333333333333,0.1428571428571428,1,0
1827650,47,0.42500000000000004,0.12696155871511322,0,0.0,0.15000000000000002,0.3256775747841799,0.6666666666666667,0,0.0,0.2777777777777778,1,2,0.0,0.3333333333333333,0.3333333333333333,0.0714285714285714,1,0
1533398,25,0.15000000000000002,0.17856766719325962,0,0.2857142857142857,0.07500000000000001,0.5255169644649669,0.3333333333333333,0,0.0,0.1111111111111111,2,2,0.0,0.0,0.6666666666666667,0.0714285714285714,1,1
1469983,37,0.17500000000000002,0.13117430226434967,0,0.14285714285714285,0.15000000000000002,0.938606705480827,1.0,1,0.0,0.2777777777777778,1,3,0.6666666666666667,0.0,0.0,0.2142857142857143,0,0
1272818,56,0.125,0.055660874144286464,0,0.0,0.07500000000000001,0.3372816703473198,0.6666666666666667,0,0.0,0.1111111111111111,1,0,0.0,0.3333333333333333,1.0,0.7857142857142857,1,0
1174986,47,0.65,0.8509741969457609,0,0.03571428571428571,0.5,0.9881148363782374,0.6666666666666667,3,0.75,0.9444444444444444,5,6,0.0,0.6666666666666666,1.0,0.5714285714285713,1,0
1259120,24,0.125,0.1660347551342812,1,0.10714285714285714,0.125,0.5266813892792612,0.6666666666666667,1,0.25,0.2222222222222222,0,3,1.0,0.6666666666666666,0.6666666666666667,0.0714285714285714,1,0
1236111,32,0.17500000000000002,0.43154291732490785,0,0.2142857142857143,0.1,0.8532021682393094,0.6666666666666667,1,0.25,0.16666666666666666,0,3,1.0,0.3333333333333333,0.3333333333333333,0.0714285714285714,1,0
1625621,34,0.17500000000000002,0.12032648762506584,0,0.0,0.125,0.0648062638024493,0.3333333333333333,1,0.0,0.2222222222222222,0,2,1.0,0.3333333333333333,0.3333333333333333,0.4285714285714285,1,0
1743607,41,0.17500000000000002,0.05887309110057925,1,0.14285714285714285,0.1,0.1392089941778759,1.0,0,0.0,0.1111111111111111,0,3,0.3333333333333333,0.0,0.3333333333333333,0.0714285714285714,1,0
1115072,40,0.275,0.15618746708794104,0,0.2857142857142857,0.2,0.8434049387673158,0.6666666666666667,1,0.25,0.38888888888888884,0,7,0.6666666666666667,0.6666666666666666,1.0,0.0,2,0
1497203,31,0.325,0.5152185360716166,0,0.25,0.325,0.2526400321220639,0.6666666666666667,1,0.5,0.38888888888888884,9,9,0.0,0.3333333333333333,0.6666666666666667,0.4999999999999999,2,0
1821156,46,0.7000000000000001,0.4785150078988941,0,0.2857142857142857,0.17500000000000002,0.5577996386267817,0.6666666666666667,1,0.5,0.38888888888888884,4,3,0.0,0.3333333333333333,1.0,0.0,2,0
1853035,39,0.275,0.13886255924170618,1,0.03571428571428571,0.025,0.6057819714916683,0.3333333333333333,1,0.0,0.0,0,0,0.0,0.0,1.0,0.8571428571428571,0,1
1549232,31,0.25,0.3389678778304371,0,0.0,0.25,0.27452318811483634,1.0,2,0.5,0.4444444444444444,4,7,0.6666666666666667,0.0,0.6666666666666667,0.0,0,0
1211666,45,0.6000000000000001,0.5182727751448131,1,0.6785714285714285,0.17500000000000002,0.7134711905239911,0.0,1,0.5,0.38888888888888884,0,7,0.3333333333333333,0.3333333333333333,0.6666666666666667,0.4999999999999999,2,0
1214806,31,0.2,0.057925223802001054,0,0.25,0.07500000000000001,0.9040353342702269,1.0,0,0.0,0.1111111111111111,0,2,1.0,0.0,0.6666666666666667,0.4999999999999999,0,0
1355585,31,0.17500000000000002,0.1428646656134808,1,0.03571428571428571,0.05,0.7623770327243525,0.6666666666666667,1,0.0,0.1111111111111111,2,2,0.3333333333333333,0.3333333333333333,0.0,0.1428571428571428,1,1
1341233,45,0.25,0.440810953133228,1,0.9999999999999999,0.07500000000000001,0.5069664725958642,0.6666666666666667,2,0.5,0.05555555555555555,1,2,0.3333333333333333,0.6666666666666666,1.0,0.4999999999999999,1,0
1203781,48,0.375,0.23575566087414432,0,0.2142857142857143,0.05,0.9115037141136317,0.6666666666666667,1,0.25,0.1111111111111111,2,2,0.6666666666666667,1.0,0.6666666666666667,0.0,2,0
1234542,34,0.05,0.0912585571353344,0,0.2857142857142857,0.05,0.039269223047580806,0.6666666666666667,0,0.0,0.1111111111111111,2,2,0.0,0.0,0.6666666666666667,0.2857142857142857,1,0
1282478,40,0.4,0.6713006845708268,0,0.25,0.225,0.9268821521782774,0.3333333333333333,3,0.5,0.4444444444444444,4,8,1.0,0.3333333333333333,0.6666666666666667,0.0,2,0
1488687,28,0.15000000000000002,0.3925223802001053,0,0.14285714285714285,0.125,0.8591045974703875,0.6666666666666667,1,0.25,0.2222222222222222,1,3,1.0,0.0,0.6666666666666667,0.4999999999999999,0,0
1520049,44,0.17500000000000002,0.11337546076882571,0,0.14285714285714285,0.125,0.2360570166633206,0.3333333333333333,1,0.0,0.1111111111111111,0,3,0.6666666666666667,0.0,0.6666666666666667,0.2142857142857143,0,0
1811254,53,0.875,0.8209057398630859,0,0.03571428571428571,0.225,0.7094960851234692,1.0,3,0.75,0.4444444444444444,8,8,1.0,0.0,0.3333333333333333,0.0714285714285714,0,0
1028391,49,0.5,0.29710373880989993,0,0.14285714285714285,0.07500000000000001,0.7805661513752259,0.6666666666666667,1,0.25,0.1111111111111111,1,2,0.0,0.3333333333333333,0.3333333333333333,0.2142857142857143,1,0
1759045,40,0.2,0.07035281727224854,0,0.03571428571428571,0.07500000000000001,0.23894800240915479,0.6666666666666667,0,0.0,0.05555555555555555,1,2,0.6666666666666667,0.3333333333333333,1.0,0.2142857142857143,2,0
1613858,44,0.15000000000000002,0.12696155871511322,0,0.6785714285714285,0.125,0.7654687813692029,0.6666666666666667,0,0.0,0.1111111111111111,1,3,1.0,0.0,0.3333333333333333,0.1428571428571428,0,0
1317016,33,0.125,0.17714586624539233,0,0.2142857142857143,0.1,0.6168239309375627,0.6666666666666667,1,0.25,0.16666666666666666,0,3,1.0,0.6666666666666666,0.6666666666666667,0.2142857142857143,1,0
1364493,34,0.375,0.19747235387045817,0,0.07142857142857142,0.325,0.5539851435454728,0.0,1,0.25,0.5,3,12,1.0,0.0,0.6666666666666667,0.4999999999999999,0,0
1477875,30,0.1,0.22601369141653502,0,0.5357142857142857,0.05,0.03392892993374824,0.6666666666666667,1,0.25,0.05555555555555555,2,2,1.0,0.6666666666666666,0.3333333333333333,0.2857142857142857,1,0
1439547,42,0.30000000000000004,0.14028436018957346,0,0.2857142857142857,0.30000000000000004,0.5767516562939169,0.6666666666666667,1,0.0,0.5,5,8,0.0,0.0,0.6666666666666667,0.1428571428571428,0,0
1869891,44,0.275,0.19794628751974727,0,0.0,0.025,0.28861674362577794,0.6666666666666667,1,0.25,0.0,0,0,0.0,0.3333333333333333,0.3333333333333333,0.0714285714285714,1,0
1800991,30,0.025,0.013954713006845705,0,0.2142857142857143,0.025,0.20309174864485044,0.6666666666666667,0,0.0,0.0,0,0,0.6666666666666667,0.6666666666666666,0.3333333333333333,0.1428571428571428,2,0
1081412,57,0.325,0.20489731437598738,0,0.0,0.30000000000000004,0.025175667536639232,1.0,0,0.25,0.5,2,8,0.3333333333333333,0.3333333333333333,0.3333333333333333,0.9285714285714285,1,0
1705514,49,0.7250000000000001,0.4979989468141127,0,0.2142857142857143,0.2,0.75703673961052,0.6666666666666667,1,0.5,0.38888888888888884,0,7,0.6666666666666667,0.6666666666666666,0.6666666666666667,0.2142857142857143,2,0
1769488,34,0.4,0.8424433912585572,0,0.5,0.35000000000000003,0.3949006223649869,0.6666666666666667,3,0.75,0.4444444444444444,6,9,0.3333333333333333,0.6666666666666666,0.3333333333333333,0.2142857142857143,2,0
1678672,28,0.125,0.10005265929436546,0,0.0,0.07500000000000001,0.5482031720538044,0.6666666666666667,0,0.0,0.1111111111111111,1,2,0.0,0.3333333333333333,1.0,0.2857142857142857,1,0
1472943,29,0.17500000000000002,0.25044760400210636,0,0.42857142857142855,0.125,0.6179883557518571,0.6666666666666667,1,0.25,0.16666666666666666,0,0,0.0,0.0,0.0,0.0,0,1
1817745,34,0.4,0.18904686677198526,1,0.8214285714285714,0.375,0.22971290905440675,0.3333333333333333,1,0.25,0.5,10,10,0.0,0.0,1.0,0.8571428571428571,0,1
1218204,35,0.025,0.07345971563981044,0,0.2142857142857143,0.025,0.5660710700662518,0.6666666666666667,0,0.0,0.0,0,0,1.0,0.3333333333333333,0.6666666666666667,0.1428571428571428,1,0
1812838,24,0.1,0.11390205371248027,1,0.2857142857142857,0.0,0.5984340493876732,0.6666666666666667,1,0.0,0.0,0,0,0.3333333333333333,0.0,0.3333333333333333,0.0,0,1
1384737,24,0.025,0.05392311743022644,0,0.42857142857142855,0.025,0.20112427223449106,0.6666666666666667,0,0.0,0.0,0,0,1.0,0.3333333333333333,0.6666666666666667,0.1428571428571428,1,0
1456798,44,0.4,0.4844655081621906,1,0.03571428571428571,0.05,0.7076892190323228,0.6666666666666667,2,0.5,0.1111111111111111,2,2,0.3333333333333333,0.0,0.3333333333333333,0.4999999999999999,0,0
1075494,29,0.25,0.4007898894154818,0,0.6428571428571428,0.25,0.8698253362778559,0.3333333333333333,1,0.25,0.38888888888888884,0,4,0.6666666666666667,0.6666666666666666,0.6666666666666667,0.2142857142857143,2,0
1557335,30,0.15000000000000002,0.05555555555555556,0,0.0,0.125,0.535394499096567,0.6666666666666667,0,0.0,0.16666666666666666,1,3,0.6666666666666667,0.3333333333333333,1.0,0.7142857142857143,2,0
1498617,55,0.1,0.15934702474986837,1,0.10714285714285714,0.07500000000000001,0.5641035936558924,0.6666666666666667,1,0.25,0.1111111111111111,1,2,1.0,0.0,0.6666666666666667,0.3571428571428571,1,0
1732917,33,0.2,0.14897314375987364,0,0.10714285714285714,0.125,0.24485043164023287,0.3333333333333333,1,0.0,0.2222222222222222,0,2,0.0,0.0,0.6666666666666667,0.0,1,0
1235079,47,0.275,0.18862559241706162,1,0.4642857142857143,0.125,0.8876129291306967,0.6666666666666667,1,0.25,0.2222222222222222,1,2,0.6666666666666667,0.3333333333333333,0.3333333333333333,0.4285714285714285,1,0
1473545,28,0.2,0.08172722485518694,0,0.03571428571428571,0.0,0.13093756273840593,0.3333333333333333,1,0.0,0.0,0,0,0.6666666666666667,0.0,0.3333333333333333,0.0,0,1
1608433,28,0.025,0.029173249078462353,0,0.0,0.025,0.41903232282674163,0.3333333333333333,0,0.0,0.0,0,0,0.0,0.3333333333333333,0.0,0.2142857142857143,2,0
1768732,28,0.125,0.20479199578725646,0,0.2142857142857143,0.1,0.39080505922505515,0.6666666666666667,1,0.25,0.1111111111111111,1,3,0.6666666666666667,0.0,0.6666666666666667,0.2142857142857143,0,0
1255286,49,0.25,0.19905213270142183,0,0.07142857142857142,0.07500000000000001,0.8422405139530215,0.3333333333333333,1,0.25,0.1111111111111111,1,2,0.6666666666666667,0.3333333333333333,0.6666666666666667,0.9999999999999999,1,0
1476766,29,0.1,0.11432332806740392,0,0.03571428571428571,0.07500000000000001,0.10335274041357156,0.6666666666666667,1,0.0,0.1111111111111111,0,2,1.0,1.0,0.6666666666666667,0.1428571428571428,1,0
1503842,28,0.2,0.2917324907846235,0,0.9999999999999999,0.2,0.0433246336077093,0.0,2,0.25,0.3333333333333333,1,7,0.6666666666666667,0.6666666666666666,0.3333333333333333,0.2142857142857143,1,0
1285005,33,0.35000000000000003,0.28325434439178515,1,0.25,0.0,0.8012447299739008,0.6666666666666667,1,0.25,0.0,0,0,1.0,0.0,0.6666666666666667,0.4285714285714285,0,0
1700420,32,0.25,0.5389678778304371,0,0.3214285714285714,0.125,0.7620156595061233,0.6666666666666667,0,0.5,0.1111111111111111,0,0,0.6666666666666667,0.0,1.0,0.9999999999999999,0,0
1787068,54,0.65,0.791100579252238,0,0.35714285714285715,0.35000000000000003,0.8978919895603292,0.6666666666666667,0,0.75,0.5,1,12,0.3333333333333333,0.3333333333333333,0.6666666666666667,0.6428571428571427,2,0
1512296,29,0.275,0.07124802527646129,0,0.0,0.225,0.2197952218430034,0.3333333333333333,0,0.0,0.38888888888888884,0,7,0.0,0.0,0.0,0.1428571428571428,0,1
1225168,44,0.6000000000000001,0.8066877303844129,0,0.9642857142857143,0.5,0.8022485444689821,0.6666666666666667,3,0.75,0.3333333333333333,14,17,1.0,0.3333333333333333,1.0,0.1428571428571428,1,0
1185178,39,0.225,0.3879410215903107,0,0.17857142857142855,0.05,0.28331660309174866,0.6666666666666667,2,0.5,0.0,2,2,0.3333333333333333,0.0,0.6666666666666667,0.4999999999999999,0,0
1791733,46,0.5750000000000001,0.8213270142180095,0,0.07142857142857142,0.325,0.37285685605300134,0.6666666666666667,3,0.75,0.6666666666666666,5,1,0.6666666666666667,0.3333333333333333,1.0,0.0714285714285714,1,0
1445455,35,0.275,0.40005265929436545,0,0.5357142857142857,0.275,0.7669544268219233,0.3333333333333333,1,0.5,0.4444444444444444,3,3,1.0,0.0,0.0,0.5714285714285713,0,0
1225098,23,0.125,0.0665086887835703,0,0.6785714285714285,0.1,0.9121863079702871,0.6666666666666667,1,0.25,0.16666666666666666,1,2,0.0,0.0,0.6666666666666667,0.2142857142857143,0,0
1161882,40,0.375,0.053133228014744606,0,0.2857142857142857,0.125,0.7924914675767918,0.6666666666666667,1,0.0,0.2222222222222222,1,0,1.0,0.0,0.0,0.2142857142857143,0,1
1130650,34,0.25,0.3198525539757767,1,0.0,0.25,0.4093153985143545,0.3333333333333333,1,0.5,0.5,8,6,1.0,0.0,0.6666666666666667,0.2142857142857143,1,0
1827679,31,0.17500000000000002,0.1619273301737757,0,0.07142857142857142,0.17500000000000002,0.08279461955430636,0.6666666666666667,0,0.0,0.1111111111111111,7,7,1.0,0.0,0.0,0.0714285714285714,0,1
1385384,50,0.8,0.7057398630858347,1,0.75,0.8,0.8976510740815097,0.0,3,0.75,0.3333333333333333,13,9,0.6666666666666667,0.0,0.6666666666666667,0.1428571428571428,0,0
1489531,34,0.30000000000000004,0.06840442338072669,1,0.2142857142857143,0.275,0.11443485243926921,0.6666666666666667,0,0.0,0.5555555555555556,5,7,0.3333333333333333,0.3333333333333333,0.6666666666666667,0.9999999999999999,1,0
1879823,42,0.1,0.20179041600842548,0,0.03571428571428571,0.025,0.8816703473198153,0.3333333333333333,1,0.0,0.0,0,0,0.6666666666666667,0.3333333333333333,0.6666666666666667,0.2142857142857143,1,0
1072437,37,0.25,0.17251184834123223,0,0.42857142857142855,0.25,0.037622967275647456,0.6666666666666667,0,0.25,0.4444444444444444,3,7,0.0,0.0,0.6666666666666667,0.4285714285714285,1,0
1685917,29,0.225,0.4584518167456556,0,0.25,0.17500000000000002,0.20855249949809276,0.0,1,0.25,0.38888888888888884,0,7,0.6666666666666667,0.3333333333333333,0.6666666666666667,0.1428571428571428,1,0
1144941,33,0.125,0.1743549236440232,0,0.8571428571428571,0.125,0.8856856053001405,0.3333333333333333,2,0.25,0.16666666666666666,0,2,1.0,0.0,0.6666666666666667,0.1428571428571428,0,0
1520707,45,0.2,0.05913638757240653,0,0.9642857142857143,0.125,0.10002007628990162,0.6666666666666667,0,0.0,0.2222222222222222,0,3,1.0,0.3333333333333333,0.6666666666666667,0.6428571428571427,1,0
1655596,42,0.6000000000000001,0.47998946814112686,1,0.03571428571428571,0.5,0.6632001606103192,0.6666666666666667,1,0.5,0.4444444444444444,13,9,1.0,0.3333333333333333,0.0,0.2142857142857143,1,0
1582511,40,0.225,0.23507109004739338,0,0.2857142857142857,0.2,0.6926721541859064,0.6666666666666667,1,0.25,0.2222222222222222,7,1,0.0,0.0,1.0,0.0714285714285714,1,0
1040101,33,0.375,0.2210637177461822,1,0.9642857142857143,0.375,0.8373820517968279,0.6666666666666667,1,0.25,0.7777777777777777,5,7,0.3333333333333333,0.3333333333333333,0.6666666666666667,0.0714285714285714,1,0
1795482,40,0.525,0.8124275934702475,1,0.17857142857142855,0.525,0.6138124874523188,0.6666666666666667,3,0.75,0.38888888888888884,7,7,0.6666666666666667,0.0,0.6666666666666667,0.7142857142857143,0,0
1487869,24,0.05,0.06777251184834124,0,0.7142857142857143,0.025,0.3188917887974302,0.3333333333333333,1,0.0,0.05555555555555555,0,0,0.6666666666666667,1.0,0.6666666666666667,0.2142857142857143,2,0
1757748,40,0.2,0.16113744075829387,1,0.25,0.05,0.2709094559325437,0.6666666666666667,1,0.25,0.1111111111111111,2,2,1.0,0.0,0.6666666666666667,0.4999999999999999,2,0
1044155,45,0.25,0.3387045813586098,0,0.0,0.25,0.7564344509134712,0.6666666666666667,1,0.5,0.4444444444444444,7,7,0.0,1.0,0.6666666666666667,0.0714285714285714,2,0
1751058,35,0.15000000000000002,0.07482885729331229,0,0.9642857142857143,0.125,0.9680786990564144,0.3333333333333333,0,0.0,0.16666666666666666,4,2,0.3333333333333333,0.6666666666666666,0.6666666666666667,0.8571428571428571,1,0
1800789,32,0.30000000000000004,0.2563981042654028,0,0.14285714285714285,0.17500000000000002,0.5432644047380044,0.3333333333333333,0,0.25,0.05555555555555555,2,5,1.0,0.3333333333333333,0.6666666666666667,0.0714285714285714,1,0
1258148,36,0.17500000000000002,0.08609794628751977,1,0.03571428571428571,0.07500000000000001,0.5985545071270829,0.6666666666666667,0,0.0,0.1111111111111111,1,2,0.6666666666666667,0.0,0.3333333333333333,0.7142857142857143,0,0
1120429,48,0.45,0.2859399684044234,0,0.5357142857142857,0.2,0.4657297731379241,0.6666666666666667,1,0.25,0.38888888888888884,7,7,0.6666666666666667,0.3333333333333333,0.6666666666666667,0.2142857142857143,2,0
1604996,29,0.125,0.07593470247498685,0,0.2857142857142857,0.025,0.8143746235695644,1.0,0,0.0,0.0,0,0,0.6666666666666667,0.6666666666666666,0.3333333333333333,0.4999999999999999,1,0
1152504,33,0.2,0.283464981569247,0,0.25,0.05,0.34109616542862875,0.6666666666666667,1,0.25,0.1111111111111111,2,2,0.0,0.3333333333333333,0.0,0.1428571428571428,1,0
1093589,30,0.25,0.4583991574512901,0,0.0,0.25,0.12965268018470186,0.3333333333333333,1,0.25,0.4444444444444444,6,7,0.3333333333333333,0.3333333333333333,0.6666666666666667,0.0,1,0
1152723,38,0.25,0.2668773038441285,0,0.3214285714285714,0.15000000000000002,0.51074081509737,0.6666666666666667,0,0.25,0.16666666666666666,1,2,0.6666666666666667,0.0,0.6666666666666667,0.0,1,0
1561423,35,0.07500000000000001,0.07588204318062139,0,0.0,0.07500000000000001,0.7884762095964666,0.3333333333333333,1,0.0,0.0,1,2,1.0,0.0,0.6666666666666667,0.5714285714285713,0,0
1603233,30,0.225,0.4339652448657188,0,0.9999999999999999,0.1,0.6305962658100783,0.6666666666666667,1,0.5,0.1111111111111111,1,3,0.6666666666666667,0.3333333333333333,0.6666666666666667,0.0714285714285714,1,0
1286513,35,0.025,0.05608214849921011,1,0.03571428571428571,0.025,0.9847420196747642,0.6666666666666667,1,0.0,0.0,0,0,0.0,0.3333333333333333,0.6666666666666667,0.0714285714285714,2,1
1313838,53,0.8500000000000001,0.48235913638757244,0,0.03571428571428571,0.8250000000000001,0.5028709094559326,0.3333333333333333,2,0.5,0.38888888888888884,1,9,0.6666666666666667,0.3333333333333333,0.6666666666666667,0.3571428571428571,1,0
1819647,38,0.17500000000000002,0.20252764612954186,0,0.03571428571428571,0.125,0.22320819112627985,0.6666666666666667,2,0.25,0.1111111111111111,1,4,0.6666666666666667,0.6666666666666666,0.6666666666666667,0.0,1,0
1316836,32,0.225,0.16208530805687205,0,0.0,0.15000000000000002,0.9267215418590645,0.6666666666666667,0,0.25,0.2777777777777778,1,2,1.0,0.3333333333333333,0.3333333333333333,0.2142857142857143,1,0
1595159,48,0.25,0.07151132174828859,0,0.5,0.2,0.579642642039751,0.6666666666666667,0,0.0,0.1111111111111111,7,6,0.6666666666666667,0.3333333333333333,0.3333333333333333,0.0714285714285714,1,0
1679356,34,0.025,0.10337019483938917,0,0.2142857142857143,0.025,0.8017265609315398,0.6666666666666667,0,0.0,0.0,0,0,0.0,0.0,0.0,0.1428571428571428,0,0
1729981,55,0.9,0.9782517114270669,0,0.8928571428571428,0.9,0.8409154788195141,0.3333333333333333,3,1.0,0.3333333333333333,2,13,0.6666666666666667,0.3333333333333333,0.6666666666666667,0.7142857142857143,1,0
1597323,34,0.225,0.2356503422854134,0,0.0,0.05,0.43822525597269624,0.6666666666666667,0,0.25,0.1111111111111111,2,1,0.3333333333333333,0.3333333333333333,0.3333333333333333,0.4285714285714285,1,0
1765716,26,0.025,0.055397577672459196,0,0.07142857142857142,0.025,0.36293916884159805,0.6666666666666667,0,0.0,0.0,0,0,0.0,0.0,0.6666666666666667,0.7142857142857143,1,0
1573518,38,0.25,0.4694576092680358,0,0.4642857142857143,0.225,0.41200562136117247,0.6666666666666667,1,0.25,0.4444444444444444,7,7,0.6666666666666667,0.3333333333333333,0.6666666666666667,0.0,1,0
1755222,38,0.2,0.16793048973143762,0,0.5357142857142857,0.07500000000000001,0.5735796024894599,0.6666666666666667,1,0.25,0.1111111111111111,1,2,0.3333333333333333,0.0,1.0,0.0714285714285714,0,0
1689960,36,0.375,0.3057398630858346,0,0.0,0.025,0.777072876932343,0.6666666666666667,1,0.25,0.0,0,0,0.3333333333333333,0.0,0.6666666666666667,0.1428571428571428,0,0
1321308,29,0.25,0.19557661927330175,1,0.07142857142857142,0.25,0.56691427424212,0.6666666666666667,1,0.0,0.5,1,5,0.3333333333333333,0.0,0.6666666666666667,0.4999999999999999,0,0
1261502,35,0.25,0.2703001579778831,1,0.3214285714285714,0.125,0.08548484240112428,0.6666666666666667,1,0.25,0.1111111111111111,0,4,0.0,0.0,0.6666666666666667,0.3571428571428571,0,0
1041532,39,0.275,0.3806213796735124,0,0.17857142857142855,0.17500000000000002,0.10295121461553905,1.0,1,0.5,0.3333333333333333,7,6,1.0,0.3333333333333333,0.6666666666666667,0.0,1,0
1828789,29,0.15000000000000002,0.41305950500263294,0,0.03571428571428571,0.15000000000000002,0.898976109215017,0.6666666666666667,1,0.25,0.2222222222222222,1,3,0.0,0.3333333333333333,1.0,0.5714285714285713,2,0
1638427,50,0.675,0.9648235913638757,1,0.2857142857142857,0.025,0.6996587030716723,0.6666666666666667,3,1.0,0.0,0,0,0.6666666666666667,0.3333333333333333,0.6666666666666667,0.3571428571428571,1,0
1788553,23,0.1,0.05602948920484465,0,0.3214285714285714,0.05,0.43091748644850436,1.0,0,0.0,0.1111111111111111,2,2,1.0,0.3333333333333333,0.6666666666666667,0.3571428571428571,1,0
1599847,36,0.225,0.23975776724591893,1,0.17857142857142855,0.07500000000000001,0.7073679983938967,1.0,1,0.25,0.1111111111111111,0,2,0.0,0.3333333333333333,0.6666666666666667,0.1428571428571428,1,0
1856176,42,0.6000000000000001,0.9796735123749342,0,0.2857142857142857,0.025,0.9744228066653283,0.3333333333333333,0,1.0,0.0,0,1,1.0,0.0,0.6666666666666667,0.7857142857142857,0,0
1106946,35,0.25,0.1262769878883623,0,0.9642857142857143,0.25,0.9337080907448304,1.0,1,0.25,0.5,6,8,0.3333333333333333,0.6666666666666666,0.3333333333333333,0.4285714285714285,1,0
1866800,34,0.2,0.21348077935755663,0,0.3214285714285714,0.2,0.5315398514354547,0.3333333333333333,1,0.25,0.1111111111111111,7,7,1.0,0.3333333333333333,0.3333333333333333,0.2142857142857143,1,0
1492385,40,0.125,0.1911532385466035,0,0.4642857142857143,0.125,0.3681188516362176,0.6666666666666667,1,0.25,0.2222222222222222,1,2,1.0,0.3333333333333333,0.6666666666666667,0.2857142857142857,1,0
1463621,43,0.2,0.20363349131121647,0,0.9285714285714285,0.15000000000000002,0.15101385264003211,1.0,1,0.0,0.2222222222222222,0,2,1.0,0.3333333333333333,0.6666666666666667,0.0714285714285714,2,0
1562191,35,0.025,0.08852027382833072,0,0.2142857142857143,0.025,0.225617345914475,0.3333333333333333,1,0.0,0.0,0,1,0.6666666666666667,0.3333333333333333,0.3333333333333333,0.4999999999999999,1,0
1801915,46,0.675,0.8719325961032123,0,0.0,0.65,0.04264203975105402,1.0,3,0.75,0.0,0,12,1.0,0.0,0.0,0.2857142857142857,0,0
1064286,28,0.025,0.07367035281727224,1,0.8214285714285714,0.025,0.20999799237100983,0.6666666666666667,1,0.0,0.05555555555555555,0,0,0.6666666666666667,1.0,0.6666666666666667,0.4285714285714285,1,1
1494533,22,0.1,0.09505002632964718,1,0.8928571428571428,0.1,0.329211001806866,0.3333333333333333,0,0.0,0.1111111111111111,1,3,0.3333333333333333,0.0,0.3333333333333333,0.2142857142857143,1,1
1618456,50,0.8,0.5390205371248026,1,0.6785714285714285,0.75,0.7466372214414776,0.6666666666666667,1,0.75,0.4444444444444444,12,13,0.3333333333333333,0.3333333333333333,0.6666666666666667,0.2857142857142857,1,0
1072876,32,0.15000000000000002,0.12127435492364402,0,0.14285714285714285,0.07500000000000001,0.6701064043364786,1.0,0,0.0,0.1111111111111111,0,2,0.3333333333333333,0.6666666666666666,0.6666666666666667,0.4285714285714285,1,0
1393835,44,0.5750000000000001,0.9499736703528173,1,0.2142857142857143,0.55,0.058422003613732176,0.6666666666666667,3,1.0,0.38888888888888884,1,10,0.3333333333333333,0.3333333333333333,0.3333333333333333,0.2142857142857143,2,0
1466602,30,0.15000000000000002,0.059610321221695635,0,0.2142857142857143,0.15000000000000002,0.13065649467978316,0.3333333333333333,0,0.0,0.2222222222222222,1,1,0.3333333333333333,0.3333333333333333,0.3333333333333333,0.0714285714285714,1,0
1135463,45,0.25,0.2506582411795682,1,0.14285714285714285,0.25,0.8573780365388476,0.0,1,0.25,0.38888888888888884,1,4,0.6666666666666667,0.0,0.6666666666666667,0.2142857142857143,0,0
1792202,45,0.25,0.17777777777777778,0,0.8928571428571428,0.25,0.886087131098173,0.3333333333333333,1,0.25,0.38888888888888884,4,5,0.0,0.3333333333333333,0.6666666666666667,0.2857142857142857,1,0
1428612,31,0.25,0.22764612954186417,0,0.03571428571428571,0.125,0.783296526801847,0.6666666666666667,1,0.25,0.1111111111111111,0,3,1.0,0.0,0.6666666666666667,0.1428571428571428,0,0
1831818,36,0.17500000000000002,0.19241706161137442,1,0.39285714285714285,0.07500000000000001,0.41465569162818705,0.6666666666666667,2,0.25,0.1111111111111111,1,1,0.6666666666666667,0.6666666666666666,0.6666666666666667,0.0714285714285714,1,0
1624104,34,0.225,0.1956292785676672,0,0.3214285714285714,0.225,0.5985143545472796,1.0,2,0.25,0.38888888888888884,7,2,0.6666666666666667,0.3333333333333333,0.6666666666666667,0.1428571428571428,2,0
1594457,49,0.25,0.11595576619273304,0,0.8571428571428571,0.225,0.8033728167034732,0.6666666666666667,1,0.0,0.3333333333333333,1,4,0.6666666666666667,0.3333333333333333,0.3333333333333333,0.2142857142857143,1,0
1871083,39,0.25,0.23001579778830963,0,0.3214285714285714,0.17500000000000002,0.06990564143746236,0.6666666666666667,2,0.25,0.38888888888888884,7,7,0.3333333333333333,1.0,0.6666666666666667,0.1428571428571428,1,0
1448152,27,0.17500000000000002,0.1609794628751975,0,0.6428571428571428,0.17500000000000002,0.5700060228869704,0.3333333333333333,1,0.0,0.38888888888888884,0,7,1.0,0.6666666666666666,0.6666666666666667,0.0,2,0
1577752,35,0.4,0.22111637704054768,0,0.6071428571428571,0.4,0.9724151776751656,1.0,0,0.25,0.8333333333333333,1,10,0.3333333333333333,0.0,0.6666666666666667,0.0,1,0
1475967,28,0.15000000000000002,0.2036861506055819,0,0.9285714285714285,0.125,0.7374422806665328,0.0,2,0.25,0.16666666666666666,0,0,0.3333333333333333,0.3333333333333333,0.3333333333333333,0.7142857142857143,2,0
1797790,21,0.07500000000000001,0.11100579252238021,0,0.14285714285714285,0.05,0.9602489459947802,0.6666666666666667,0,0.0,0.1111111111111111,2,2,0.6666666666666667,0.0,0.6666666666666667,0.4999999999999999,0,0
1741354,18,0.0,0.02948920484465508,1,0.07142857142857142,0.0,0.655531017867898,0.6666666666666667,0,0.0,0.0,0,0,0.3333333333333333,0.0,1.0,0.0714285714285714,0,1
1665873,47,0.675,0.9820431806213797,0,0.8928571428571428,0.125,0.12551696446496688,0.6666666666666667,3,1.0,0.1111111111111111,1,0,1.0,0.3333333333333333,0.6666666666666667,0.0,1,0
1604086,39,0.275,0.10847814639283834,0,0.07142857142857142,0.25,0.3295723750250954,0.3333333333333333,1,0.25,0.4444444444444444,0,7,0.6666666666666667,0.3333333333333333,0.6666666666666667,0.2857142857142857,2,0
1687357,40,0.45,0.4963665086887836,0,0.5,0.45,0.9518570568159005,0.3333333333333333,2,0.5,0.8333333333333333,14,12,0.0,0.6666666666666666,0.6666666666666667,0.1428571428571428,1,0
1645854,35,0.375,0.16529752501316483,0,0.25,0.35000000000000003,0.407789600481831,0.6666666666666667,1,0.25,0.611111111111111,2,9,0.6666666666666667,0.3333333333333333,0.6666666666666667,0.0714285714285714,1,0
1693873,37,0.225,0.2506055818852027,0,0.6428571428571428,0.1,0.9796827946195542,0.6666666666666667,2,0.25,0.16666666666666666,0,2,0.6666666666666667,1.0,0.3333333333333333,0.4285714285714285,1,0
1032199,39,0.25,0.21237493417588207,0,0.10714285714285714,0.225,0.041999598474201955,0.6666666666666667,2,0.25,0.1111111111111111,3,8,0.0,0.0,0.0,0.1428571428571428,0,0
1646893,45,0.25,0.25071090047393363,0,0.03571428571428571,0.25,0.13226259787191327,0.3333333333333333,2,0.25,0.38888888888888884,3,9,1.0,0.6666666666666666,0.6666666666666667,0.5714285714285713,2,0
1641732,38,0.25,0.35529225908372825,1,0.03571428571428571,0.125,0.48604697851836987,0.3333333333333333,2,0.5,0.2222222222222222,0,2,1.0,0.3333333333333333,1.0,0.5714285714285713,1,0
1626748,35,0.375,0.4895734597156398,0,0.3214285714285714,0.325,0.7804055410560128,0.3333333333333333,1,0.5,0.6666666666666666,6,0,1.0,0.0,0.6666666666666667,0.4285714285714285,1,0
1552731,37,0.2,0.15413375460768827,0,0.3214285714285714,0.2,0.31555912467376024,0.6666666666666667,0,0.0,0.2222222222222222,7,7,0.3333333333333333,0.3333333333333333,0.0,0.0,1,0
1294986,40,0.45,0.3652448657187994,1,0.5357142857142857,0.1,0.7168841598072676,0.6666666666666667,2,0.5,0.1111111111111111,3,3,0.6666666666666667,0.0,0.3333333333333333,0.2857142857142857,0,0
1219188,44,0.35000000000000003,0.24928909952606634,1,0.0,0.25,0.3376430435655491,0.6666666666666667,0,0.25,0.38888888888888884,0,2,0.0,0.0,0.6666666666666667,0.0,1,0
1533221,48,0.5750000000000001,0.74739336492891,0,0.10714285714285714,0.05,0.14085524994980927,0.3333333333333333,0,0.75,0.1111111111111111,2,2,0.6666666666666667,0.3333333333333333,0.6666666666666667,0.9999999999999999,1,0
1107055,35,0.17500000000000002,0.23333333333333336,1,0.5,0.05,0.8032122063842602,0.0,1,0.25,0.1111111111111111,2,2,0.0,0.6666666666666666,0.3333333333333333,0.2142857142857143,2,1
1644021,24,0.15000000000000002,0.1448657187993681,1,0.03571428571428571,0.15000000000000002,0.6072676169443887,0.6666666666666667,0,0.0,0.16666666666666666,1,3,0.0,0.0,0.6666666666666667,0.1428571428571428,0,1
1236753,27,0.125,0.13206951026856242,0,0.25,0.07500000000000001,0.8189520176671351,1.0,0,0.0,0.1111111111111111,0,2,0.3333333333333333,0.0,0.6666666666666667,0.4285714285714285,1,0
1731640,27,0.15000000000000002,0.0827277514481306,0,0.03571428571428571,0.1,0.16876129291306965,0.6666666666666667,0,0.0,0.1111111111111111,1,2,1.0,0.0,0.3333333333333333,0.1428571428571428,0,0
1883424,40,0.25,0.060926803580832016,1,0.2142857142857143,0.1,0.0499899618550492,0.6666666666666667,1,0.0,0.1111111111111111,0,3,0.0,0.0,0.0,0.2142857142857143,0,1
1202416,29,0.2,0.2559241706161137,0,0.3214285714285714,0.125,0.8560128488255371,0.3333333333333333,1,0.25,0.1111111111111111,1,4,0.6666666666666667,0.0,0.6666666666666667,0.0,0,0
1088912,36,0.225,0.36856240126382306,0,0.14285714285714285,0.07500000000000001,0.8310780967677173,0.6666666666666667,1,0.5,0.1111111111111111,0,2,0.3333333333333333,0.6666666666666666,0.6666666666666667,0.0714285714285714,1,0
1605956,25,0.17500000000000002,0.22101105845181676,0,0.03571428571428571,0.17500000000000002,0.11559927725356353,1.0,2,0.25,0.38888888888888884,0,7,1.0,0.6666666666666666,0.6666666666666667,0.4285714285714285,2,0
1505937,39,0.17500000000000002,0.22569773565034232,0,0.39285714285714285,0.125,0.22481429431840996,0.6666666666666667,2,0.25,0.2222222222222222,1,0,1.0,0.0,0.6666666666666667,0.7142857142857143,1,0
1399370,49,0.675,0.8111637704054766,0,0.75,0.1,0.0563742220437663,0.6666666666666667,3,0.75,0.1111111111111111,1,2,0.0,0.6666666666666666,0.6666666666666667,0.3571428571428571,1,0
1761884,50,0.47500000000000003,0.6456029489204844,0,0.5714285714285714,0.35000000000000003,0.7985143545472797,0.3333333333333333,3,0.5,0.611111111111111,1,11,1.0,1.0,0.6666666666666667,0.2857142857142857,2,0
1769167,20,0.05,0.09341758820431806,0,0.03571428571428571,0.05,0.44798233286488653,0.6666666666666667,0,0.0,0.1111111111111111,2,2,0.6666666666666667,0.0,0.6666666666666667,0.5714285714285713,0,0
1547090,34,0.275,0.23296471827277518,0,0.07142857142857142,0.275,0.6921501706484642,0.6666666666666667,0,0.25,0.4444444444444444,7,9,1.0,0.3333333333333333,0.6666666666666667,0.0714285714285714,2,0
1246015,36,0.375,0.052869931542917324,0,0.2142857142857143,0.1,0.3555912467376029,0.6666666666666667,1,0.0,0.16666666666666666,1,3,0.0,0.0,0.6666666666666667,0.0,0,0
1254079,49,0.75,0.6823064770932069,1,0.17857142857142855,0.375,0.383778357759486,0.3333333333333333,1,0.75,0.611111111111111,2,12,0.6666666666666667,0.3333333333333333,0.6666666666666667,0.5714285714285713,1,0
1860095,36,0.1,0.1771985255397578,0,0.0,0.07500000000000001,0.5347119052399116,0.3333333333333333,2,0.25,0.1111111111111111,1,2,1.0,0.0,0.6666666666666667,0.2857142857142857,1,0
1602610,36,0.325,0.30716166403370193,0,0.07142857142857142,0.125,0.9722545673559525,1.0,1,0.25,0.2222222222222222,0,4,1.0,0.3333333333333333,0.6666666666666667,0.6428571428571427,2,0
1364047,54,0.9,0.864507635597683,0,0.75,0.25,0.6661714515157598,0.6666666666666667,0,0.75,0.4444444444444444,4,7,0.3333333333333333,0.3333333333333333,0.6666666666666667,0.9999999999999999,1,0
1872403,43,0.35000000000000003,0.8738283307003686,0,0.5,0.35000000000000003,0.057458341698454124,0.3333333333333333,3,0.75,0.5555555555555556,6,11,0.6666666666666667,0.3333333333333333,0.6666666666666667,0.9285714285714285,1,0
1705436,35,0.325,0.18809899947340708,1,0.39285714285714285,0.275,0.3340694639630596,0.6666666666666667,1,0.25,0.5,6,7,1.0,0.0,1.0,0.9285714285714285,0,0
1607161,38,0.47500000000000003,0.19620853080568723,0,0.0,0.325,0.31210600281068057,0.6666666666666667,0,0.25,0.611111111111111,2,9,1.0,0.6666666666666666,1.0,0.2857142857142857,1,0
1706059,29,0.25,0.1673512374934176,1,0.14285714285714285,0.25,0.05067255571170448,0.3333333333333333,1,0.25,0.0,0,9,0.0,0.3333333333333333,0.3333333333333333,0.1428571428571428,2,0
1574111,33,0.15000000000000002,0.23675618746708796,0,0.03571428571428571,0.15000000000000002,0.07335876330054206,0.6666666666666667,1,0.25,0.1111111111111111,0,4,1.0,0.6666666666666666,0.6666666666666667,0.2142857142857143,2,0
1200755,32,0.25,0.23491311216429703,0,0.03571428571428571,0.225,0.9405340293113832,0.6666666666666667,0,0.25,0.2777777777777778,1,6,1.0,0.6666666666666666,0.3333333333333333,0.1428571428571428,2,0
1068460,31,0.25,0.23522906793048973,0,0.14285714285714285,0.25,0.8229271230676571,0.6666666666666667,1,0.25,0.0,0,2,0.0,0.6666666666666666,0.6666666666666667,0.0,1,0
1796122,49,0.42500000000000004,0.08309636650868879,1,0.5357142857142857,0.05,0.9173659907649067,0.6666666666666667,1,0.0,0.1111111111111111,2,2,1.0,0.3333333333333333,0.3333333333333333,0.3571428571428571,2,0
1728347,38,0.1,0.07535545023696683,0,0.03571428571428571,0.1,0.8725958642842803,0.3333333333333333,1,0.0,0.16666666666666666,3,3,1.0,0.0,0.6666666666666667,0.7857142857142857,0,0
1817017,47,0.7250000000000001,0.7879410215903107,0,0.03571428571428571,0.07500000000000001,0.7625777956233688,1.0,3,0.75,0.1111111111111111,1,2,0.3333333333333333,1.0,0.6666666666666667,0.2142857142857143,2,0
1400072,49,0.5750000000000001,0.7567140600315956,0,0.0,0.2,0.8146958442079903,0.6666666666666667,0,0.75,0.38888888888888884,0,0,0.6666666666666667,0.0,0.6666666666666667,0.2142857142857143,0,0
1349913,41,0.525,0.31979989468141123,1,0.7857142857142857,0.05,0.3813290503914877,0.6666666666666667,1,0.5,0.0,0,2,1.0,0.0,0.6666666666666667,0.3571428571428571,0,0
1119867,20,0.05,0.09052132701421803,0,0.2857142857142857,0.05,0.7624171853041558,0.6666666666666667,0,0.0,0.1111111111111111,0,2,1.0,0.0,0.6666666666666667,0.0,0,0
1060815,33,0.17500000000000002,0.22954186413902053,1,0.5357142857142857,0.15000000000000002,0.5635816101184501,0.6666666666666667,1,0.25,0.2777777777777778,1,2,0.6666666666666667,0.3333333333333333,0.6666666666666667,0.9999999999999999,2,0
1097742,36,0.25,0.22843601895734597,0,0.8928571428571428,0.07500000000000001,0.21381248745231882,0.6666666666666667,1,0.25,0.1111111111111111,0,2,0.0,0.6666666666666666,0.3333333333333333,0.2142857142857143,1,0
1711206,44,0.2,0.11511321748288575,1,0.0,0.05,0.08323629793214213,0.6666666666666667,0,0.0,0.1111111111111111,2,2,0.6666666666666667,1.0,0.6666666666666667,0.4999999999999999,2,0
1082389,23,0.125,0.1569246972090574,1,0.25,0.125,0.7425015057217426,0.3333333333333333,1,0.0,0.2222222222222222,1,2,1.0,0.0,0.6666666666666667,0.0,0,1
1588527,38,0.17500000000000002,0.1209583991574513,0,0.10714285714285714,0.0,0.9669544268219233,0.6666666666666667,1,0.0,0.0,0,0,1.0,0.3333333333333333,0.3333333333333333,0.5714285714285713,1,0
1590426,53,0.275,0.3157451290152712,0,0.8214285714285714,0.1,0.05476811885163621,1.0,1,0.5,0.16666666666666666,1,2,0.3333333333333333,0.0,0.6666666666666667,0.2857142857142857,1,0
1425001,48,0.47500000000000003,0.08667719852553976,1,0.2142857142857143,0.225,0.3873117847821722,0.6666666666666667,0,0.0,0.38888888888888884,7,7,1.0,0.6666666666666666,0.6666666666666667,0.0,1,0
1609527,32,0.025,0.02022116903633491,0,0.03571428571428571,0.025,0.9137924111624172,0.6666666666666667,1,0.0,0.0,0,0,1.0,0.0,0.6666666666666667,0.0714285714285714,0,0
1366639,26,0.17500000000000002,0.08220115850447604,0,0.2142857142857143,0.17500000000000002,0.3947400120457739,0.6666666666666667,1,0.0,0.38888888888888884,5,7,1.0,0.0,0.6666666666666667,0.6428571428571427,0,0
1270535,55,0.2,0.13312269615587152,0,0.75,0.1,0.8690222846817908,0.3333333333333333,0,0.0,0.1111111111111111,1,2,0.0,0.3333333333333333,0.6666666666666667,0.0714285714285714,2,0
1826482,34,0.375,0.15676671932596103,0,0.14285714285714285,0.375,0.39421802850833165,0.3333333333333333,1,0.25,0.5555555555555556,4,13,0.3333333333333333,0.3333333333333333,1.0,0.2142857142857143,1,0
1718662,60,0.47500000000000003,0.5199578725645077,0,0.0,0.025,0.7377233487251555,0.0,1,0.5,0.0,0,0,0.6666666666666667,0.3333333333333333,1.0,0.6428571428571427,2,0
1248055,33,0.35000000000000003,0.053659820958399156,0,0.7142857142857143,0.35000000000000003,0.46348122866894204,1.0,1,0.0,0.611111111111111,2,13,0.3333333333333333,1.0,0.6666666666666667,0.4999999999999999,1,0
1430170,37,0.15000000000000002,0.4484465508162191,0,0.0,0.15000000000000002,0.22417185304155793,0.0,1,0.25,0.16666666666666666,1,3,0.6666666666666667,0.6666666666666666,0.3333333333333333,0.2142857142857143,2,0
1830378,34,0.25,0.10110584518167456,0,0.6428571428571428,0.25,0.732543665930536,0.3333333333333333,0,0.0,0.5,8,7,0.3333333333333333,0.0,0.6666666666666667,0.0714285714285714,1,0
1810874,23,0.07500000000000001,0.06666666666666668,1,0.2142857142857143,0.07500000000000001,0.9238707086930334,0.6666666666666667,0,0.0,0.1111111111111111,0,2,0.6666666666666667,0.3333333333333333,0.6666666666666667,0.7142857142857143,2,0
1287552,44,0.225,0.3617693522906793,1,0.03571428571428571,0.2,0.510580204778157,1.0,1,0.5,0.38888888888888884,6,7,0.6666666666666667,0.3333333333333333,0.6666666666666667,0.5714285714285713,1,0
1432173,35,0.15000000000000002,0.20647709320695104,1,0.03571428571428571,0.125,0.476852037743425,0.3333333333333333,0,0.0,0.2222222222222222,1,4,0.0,0.0,1.0,0.2142857142857143,0,0
1499458,43,0.25,0.3600842548709847,1,0.03571428571428571,0.25,0.15960650471792812,0.6666666666666667,1,0.25,0.5,8,8,1.0,0.3333333333333333,0.6666666666666667,0.4285714285714285,1,0
1622897,24,0.125,0.17862032648762508,0,0.2857142857142857,0.125,0.6232483437060831,1.0,0,0.0,0.16666666666666666,0,4,0.6666666666666667,0.3333333333333333,0.6666666666666667,0.3571428571428571,1,0
1374267,41,0.25,0.4334913112164297,0,0.17857142857142855,0.25,0.5531017867898013,0.6666666666666667,1,0.5,0.4444444444444444,8,7,1.0,0.0,0.6666666666666667,0.0714285714285714,0,0
1125172,29,0.225,0.10347551342812009,0,0.2857142857142857,0.125,0.9362778558522385,0.6666666666666667,1,0.0,0.16666666666666666,1,2,1.0,0.3333333333333333,0.6666666666666667,0.4285714285714285,1,0
1569964,36,0.42500000000000004,0.1839389152185361,0,0.03571428571428571,0.325,0.21461553904838385,0.6666666666666667,0,0.25,0.38888888888888884,6,7,0.6666666666666667,0.0,0.3333333333333333,0.2857142857142857,0,0
1689576,45,0.625,0.5128488678251711,0,0.0,0.5750000000000001,0.05223850632403132,0.3333333333333333,1,0.5,0.8333333333333333,14,4,0.6666666666666667,0.3333333333333333,0.3333333333333333,0.8571428571428571,1,0
1297488,24,0.025,0.028751974723538708,0,0.75,0.025,0.38108813491266813,0.0,0,0.0,0.0,0,0,1.0,0.3333333333333333,0.6666666666666667,0.0,1,1
1675357,47,0.625,0.6280674038967878,0,0.2857142857142857,0.5750000000000001,0.8861674362577795,0.0,1,0.75,0.2777777777777778,14,10,0.6666666666666667,0.0,0.0,0.0,1,1
1704363,26,0.07500000000000001,0.06824644549763034,0,0.5714285714285714,0.07500000000000001,0.16554908652880948,0.0,1,0.0,0.1111111111111111,0,2,1.0,1.0,1.0,0.2857142857142857,1,0
1554897,45,0.525,0.8264876250658242,0,0.9642857142857143,0.525,0.6032925115438666,0.3333333333333333,3,0.75,0.3333333333333333,8,6,1.0,0.0,0.6666666666666667,0.0,0,0
1430466,32,0.25,0.12764612954186416,0,0.3214285714285714,0.125,0.6129692832764505,0.6666666666666667,0,0.0,0.1111111111111111,1,3,0.0,0.3333333333333333,0.3333333333333333,0.1428571428571428,1,0
1205920,31,0.15000000000000002,0.1299631384939442,0,0.03571428571428571,0.125,0.642802650070267,0.6666666666666667,1,0.0,0.1111111111111111,0,3,0.3333333333333333,0.3333333333333333,1.0,0.2142857142857143,1,0
1702718,41,0.25,0.28546603475513427,0,0.10714285714285714,0.07500000000000001,0.7508532423208191,0.0,0,0.25,0.1111111111111111,1,2,0.6666666666666667,0.3333333333333333,0.6666666666666667,0.5714285714285713,1,0
1417199,40,0.45,0.2899947340705634,1,0.25,0.025,0.1183296526801847,0.6666666666666667,2,0.25,0.0,0,0,0.3333333333333333,0.3333333333333333,0.6666666666666667,0.3571428571428571,1,0
1078051,24,0.15000000000000002,0.15260663507109007,0,0.9999999999999999,0.15000000000000002,0.06135314193936961,0.6666666666666667,1,0.0,0.1111111111111111,1,2,0.3333333333333333,1.0,1.0,0.1428571428571428,2,0
1146326,46,0.47500000000000003,0.23975776724591893,0,0.42857142857142855,0.25,0.3052800642441277,0.6666666666666667,1,0.25,0.38888888888888884,0,9,0.6666666666666667,0.0,0.6666666666666667,0.2142857142857143,0,0
1044017,35,0.42500000000000004,0.3093206951026856,0,0.9285714285714285,0.17500000000000002,0.12274643645854247,0.6666666666666667,2,0.25,0.38888888888888884,0,7,1.0,0.3333333333333333,0.6666666666666667,0.3571428571428571,1,0
1294406,30,0.25,0.09757767245918905,0,0.5357142857142857,0.25,0.06894197952218431,0.6666666666666667,0,0.0,0.0,0,8,0.3333333333333333,0.3333333333333333,0.3333333333333333,0.0714285714285714,1,0
1280706,47,0.1,0.2090047393364929,0,0.03571428571428571,0.025,0.05790002007628989,0.6666666666666667,1,0.25,0.0,0,0,0.6666666666666667,0.3333333333333333,0.0,0.0,1,0
1488805,46,0.325,0.492838335966298,1,0.03571428571428571,0.25,0.14061433447098975,0.6666666666666667,1,0.5,0.3333333333333333,0,3,0.6666666666666667,0.3333333333333333,0.3333333333333333,0.0714285714285714,2,0
1315940,36,0.4,0.2698788836229594,1,0.42857142857142855,0.05,0.2635615338285485,0.3333333333333333,1,0.25,0.1111111111111111,2,2,0.3333333333333333,1.0,0.6666666666666667,0.1428571428571428,2,0
1878824,32,0.25,0.3015271195365982,0,0.0,0.0,0.40365388476209596,0.0,1,0.25,0.0,0,0,0.0,0.0,0.6666666666666667,0.2857142857142857,0,1
1658260,23,0.07500000000000001,0.1203791469194313,0,0.10714285714285714,0.07500000000000001,0.4323629793214214,0.6666666666666667,1,0.0,0.1111111111111111,1,2,0.6666666666666667,0.0,0.0,0.1428571428571428,0,0
1246363,31,0.225,0.22269615587151134,0,0.8214285714285714,0.125,0.18373820517968278,0.6666666666666667,2,0.25,0.2222222222222222,1,4,1.0,0.0,0.3333333333333333,0.6428571428571427,0,0
1360469,39,0.225,0.2876777251184834,1,0.0,0.225,0.27685203774342504,0.6666666666666667,1,0.25,0.4444444444444444,5,8,1.0,0.3333333333333333,0.6666666666666667,0.2857142857142857,1,0
1412303,32,0.25,0.4529225908372828,0,0.6428571428571428,0.1,0.0701064043364786,0.0,1,0.5,0.16666666666666666,0,2,1.0,0.3333333333333333,0.0,0.1428571428571428,1,0
1360714,40,0.525,0.9912585571353344,0,0.2142857142857143,0.525,0.09054406745633406,0.6666666666666667,3,1.0,0.4444444444444444,12,8,0.3333333333333333,0.0,0.3333333333333333,0.2142857142857143,0,0
1383815,45,0.225,0.46061084781463923,0,0.10714285714285714,0.125,0.18072676169443888,0.0,0,0.5,0.0,0,3,0.6666666666666667,0.6666666666666666,1.0,0.7142857142857143,1,0
1620383,30,0.25,0.20847814639283838,0,0.03571428571428571,0.225,0.9770327243525397,0.3333333333333333,0,0.0,0.38888888888888884,0,7,1.0,0.0,0.6666666666666667,0.3571428571428571,0,0
1377529,24,0.07500000000000001,0.05982095839915746,0,0.3214285714285714,0.05,0.00012045773940976001,0.6666666666666667,0,0.0,0.1111111111111111,2,1,0.0,0.3333333333333333,0.6666666666666667,0.2142857142857143,1,0
1828538,30,0.15000000000000002,0.0616640337019484,0,0.25,0.1,0.30668540453724147,0.3333333333333333,0,0.0,0.1111111111111111,1,2,0.6666666666666667,0.3333333333333333,0.3333333333333333,0.0,2,1
1692811,31,0.15000000000000002,0.386361242759347,0,0.14285714285714285,0.125,0.7568359767115037,0.6666666666666667,1,0.25,0.1111111111111111,0,2,0.0,0.3333333333333333,0.6666666666666667,0.5714285714285713,1,0
1030937,27,0.15000000000000002,0.12827804107424962,0,0.25,0.15000000000000002,0.16293916884159806,0.6666666666666667,0,0.0,0.1111111111111111,1,4,0.6666666666666667,0.0,0.3333333333333333,0.0,0,0
1838448,29,0.05,0.09220642443391261,0,0.2857142857142857,0.05,0.5033527404135716,0.0,0,0.0,0.1111111111111111,2,2,0.3333333333333333,0.0,0.6666666666666667,0.1428571428571428,0,1
1176037,29,0.25,0.2783043707214323,1,0.0,0.07500000000000001,0.8418389881549889,1.0,1,0.25,0.1111111111111111,0,2,1.0,0.0,1.0,0.0714285714285714,0,0
1764157,30,0.30000000000000004,0.3228541337546077,0,0.5,0.17500000000000002,0.03991166432443284,0.3333333333333333,1,0.5,0.38888888888888884,1,7,0.6666666666666667,0.3333333333333333,0.6666666666666667,0.0,2,0
1483732,34,0.15000000000000002,0.10126382306477094,1,0.03571428571428571,0.125,0.14021280867295724,1.0,0,0.0,0.0,1,2,1.0,1.0,0.6666666666666667,0.2142857142857143,1,0
1059340,33,0.325,0.21790416008425487,0,0.03571428571428571,0.275,0.34543264404738006,0.6666666666666667,1,0.25,0.38888888888888884,1,7,1.0,0.0,0.3333333333333333,0.2857142857142857,0,0
1260966,49,0.2,0.18420221169036335,0,0.35714285714285715,0.125,0.2448102790604296,0.6666666666666667,1,0.25,0.05555555555555555,0,4,1.0,0.0,1.0,0.0714285714285714,0,0
1196870,33,0.275,0.39784096893101634,1,0.5357142857142857,0.0,0.32114033326641234,0.6666666666666667,1,0.5,0.0,0,0,0.0,0.0,0.3333333333333333,0.6428571428571427,0,1
1434954,38,0.225,0.0768299104791996,0,0.03571428571428571,0.15000000000000002,0.5568761292913069,0.3333333333333333,1,0.0,0.05555555555555555,0,5,0.6666666666666667,0.3333333333333333,0.3333333333333333,0.2142857142857143,1,0
1872248,31,0.25,0.3766192733017378,0,0.5357142857142857,0.025,0.6788998193133908,0.6666666666666667,1,0.5,0.0,0,0,0.0,1.0,0.6666666666666667,0.1428571428571428,1,1
1498457,29,0.025,0.057925223802001054,0,0.10714285714285714,0.025,0.31772736398313595,0.3333333333333333,0,0.0,0.0,0,0,1.0,0.3333333333333333,0.6666666666666667,0.1428571428571428,2,0
1322097,30,0.25,0.22564507635597683,0,0.5357142857142857,0.17500000000000002,0.282433246336077,1.0,1,0.25,0.0,1,7,0.6666666666666667,0.3333333333333333,0.6666666666666667,0.3571428571428571,1,0
1400783,32,0.30000000000000004,0.08999473407056346,0,0.14285714285714285,0.17500000000000002,0.6255771933346718,0.6666666666666667,0,0.0,0.38888888888888884,0,7,0.3333333333333333,0.0,0.6666666666666667,0.2142857142857143,0,0
1511863,38,0.375,0.2528699315429173,1,0.6071428571428571,0.025,0.9012246536839992,0.0,1,0.25,0.0,1,0,0.3333333333333333,0.3333333333333333,0.6666666666666667,0.3571428571428571,1,0
1581569,43,0.15000000000000002,0.07519747235387048,1,0.5714285714285714,0.025,0.5417787592852841,0.3333333333333333,0,0.0,0.0,0,0,0.6666666666666667,0.3333333333333333,0.6666666666666667,0.3571428571428571,1,1
1628396,42,0.17500000000000002,0.09252238020010534,0,0.39285714285714285,0.125,0.2753663922907047,0.6666666666666667,1,0.0,0.16666666666666666,0,4,0.3333333333333333,1.0,0.3333333333333333,0.7857142857142857,2,0
1715321,55,0.8500000000000001,0.9493944181147972,0,0.03571428571428571,0.025,0.7111423408954025,0.3333333333333333,3,1.0,0.0,0,0,0.6666666666666667,1.0,0.6666666666666667,0.0714285714285714,1,0
1541808,33,0.275,0.10774091627172197,0,0.10714285714285714,0.225,0.16462557719333468,0.6666666666666667,0,0.25,0.4444444444444444,1,7,1.0,0.6666666666666666,0.3333333333333333,0.2857142857142857,2,0
1479918,41,0.125,0.06740389678778305,0,0.2857142857142857,0.125,0.739851435454728,0.6666666666666667,1,0.0,0.16666666666666666,0,4,0.6666666666666667,0.6666666666666666,0.6666666666666667,0.6428571428571427,2,0
1404955,34,0.375,0.15755660874144287,1,0.3214285714285714,0.375,0.41031921300943586,0.6666666666666667,1,0.25,0.7777777777777777,0,7,1.0,0.3333333333333333,0.6666666666666667,0.2142857142857143,2,0
1473417,53,0.675,0.629594523433386,1,0.0,0.07500000000000001,0.8116442481429432,0.3333333333333333,2,0.75,0.1111111111111111,0,2,0.0,1.0,0.3333333333333333,0.6428571428571427,1,0
1778124,43,0.25,0.13322801474460244,0,0.03571428571428571,0.225,0.11800843204175868,0.6666666666666667,0,0.0,0.38888888888888884,1,8,0.3333333333333333,0.0,0.6666666666666667,0.1428571428571428,0,0
1143717,34,0.15000000000000002,0.2643496577145866,0,0.07142857142857142,0.05,0.9339088536438466,0.0,1,0.25,0.1111111111111111,2,2,1.0,0.0,0.6666666666666667,0.0714285714285714,0,0
1193818,21,0.025,0.0879410215903107,0,0.2142857142857143,0.025,0.09929732985344308,0.6666666666666667,0,0.0,0.0,1,0,0.3333333333333333,0.0,0.6666666666666667,0.1428571428571428,0,1
1795187,38,0.125,0.14181147972617167,0,0.17857142857142855,0.125,0.5734591447500502,0.3333333333333333,1,0.0,0.2222222222222222,0,4,1.0,0.3333333333333333,0.6666666666666667,0.0,1,0
1241701,22,0.025,0.07314375987361771,1,0.25,0.025,0.5583216221642241,0.6666666666666667,1,0.0,0.0,0,0,0.6666666666666667,0.0,0.6666666666666667,0.4285714285714285,1,1
1729178,31,0.325,0.2348077935755661,0,0.9999999999999999,0.30000000000000004,0.45404537241517773,0.3333333333333333,1,0.25,0.38888888888888884,5,7,0.0,0.6666666666666666,0.6666666666666667,0.2142857142857143,1,0
1612699,51,0.375,0.6375460768825698,0,0.07142857142857142,0.05,0.8387873920899418,0.6666666666666667,0,0.5,0.1111111111111111,2,2,0.0,0.0,0.6666666666666667,0.0,1,0
1880660,37,0.125,0.16745655608214852,0,0.2857142857142857,0.125,0.26926320016061034,0.3333333333333333,1,0.25,0.1111111111111111,0,3,0.3333333333333333,0.6666666666666666,0.6666666666666667,0.2142857142857143,1,0
1275366,46,0.6000000000000001,0.9646656134807793,1,0.03571428571428571,0.05,0.48680987753463156,0.6666666666666667,3,1.0,0.05555555555555555,2,2,0.6666666666666667,0.3333333333333333,0.6666666666666667,0.4285714285714285,2,0
1377582,36,0.375,0.38504476040021063,1,0.3214285714285714,0.30000000000000004,0.9578397912065849,0.6666666666666667,1,0.5,0.4444444444444444,5,7,1.0,0.3333333333333333,0.6666666666666667,0.1428571428571428,1,0
1590795,44,0.15000000000000002,0.07019483938915219,1,0.0,0.125,0.3612929130696647,0.6666666666666667,0,0.0,0.16666666666666666,2,3,0.6666666666666667,1.0,0.3333333333333333,0.0714285714285714,2,0
1554560,37,0.47500000000000003,0.16124275934702476,0,0.25,0.25,0.4311584019273238,0.6666666666666667,0,0.25,0.0,4,7,0.6666666666666667,0.0,0.3333333333333333,0.1428571428571428,2,0
1563500,35,0.25,0.25297525013164823,1,0.9285714285714285,0.25,0.4576591045974704,0.6666666666666667,1,0.25,0.38888888888888884,7,7,0.6666666666666667,0.0,0.6666666666666667,0.4999999999999999,0,1
1287606,33,0.35000000000000003,0.11237493417588204,0,0.25,0.25,0.15988757277655088,1.0,0,0.0,0.4444444444444444,7,6,1.0,0.3333333333333333,0.6666666666666667,0.5714285714285713,1,0
1395052,28,0.125,0.054502369668246446,0,0.0,0.125,0.13800441678377834,0.6666666666666667,0,0.0,0.16666666666666666,0,3,0.6666666666666667,0.3333333333333333,1.0,0.0,1,0
1692699,39,0.225,0.6558715113217483,0,0.3214285714285714,0.1,0.23368801445492873,0.6666666666666667,3,0.5,0.16666666666666666,2,2,0.6666666666666667,0.0,0.6666666666666667,0.7142857142857143,0,0
1691971,46,0.15000000000000002,0.36766719325961034,0,0.8928571428571428,0.05,0.9264003212206383,0.3333333333333333,1,0.25,0.1111111111111111,2,2,0.3333333333333333,0.0,0.6666666666666667,0.2857142857142857,0,0
1048578,40,0.17500000000000002,0.12469720905739864,0,0.03571428571428571,0.1,0.9440273037542662,0.6666666666666667,1,0.0,0.16666666666666666,0,2,0.6666666666666667,0.3333333333333333,0.3333333333333333,0.4285714285714285,1,0
1874111,42,0.25,0.23849394418114797,0,0.42857142857142855,0.0,0.144629592451315,1.0,1,0.25,0.0,0,0,0.3333333333333333,0.6666666666666666,0.3333333333333333,0.4999999999999999,1,0
1083173,35,0.375,0.25028962611901,0,0.03571428571428571,0.17500000000000002,0.8973298534430837,0.6666666666666667,2,0.25,0.38888888888888884,1,7,0.3333333333333333,0.3333333333333333,0.6666666666666667,0.2142857142857143,2,0
1819347,38,0.325,0.08335966298051606,0,0.03571428571428571,0.275,0.20216823930937564,0.6666666666666667,0,0.0,0.5555555555555556,3,8,0.0,1.0,0.6666666666666667,0.1428571428571428,2,0
1645963,34,0.275,0.22838335966298054,0,0.2857142857142857,0.17500000000000002,0.1651877133105802,0.6666666666666667,1,0.25,0.05555555555555555,0,7,1.0,0.3333333333333333,0.3333333333333333,0.4285714285714285,1,0
1174838,37,0.25,0.16872037914691945,0,0.3214285714285714,0.25,0.11636217626982534,0.6666666666666667,2,0.25,0.16666666666666666,0,8,1.0,0.0,0.0,0.2857142857142857,0,0
1751502,39,0.17500000000000002,0.16419167983149027,0,0.6785714285714285,0.05,0.6863681991567958,0.6666666666666667,1,0.25,0.05555555555555555,2,2,0.6666666666666667,0.3333333333333333,0.6666666666666667,0.4999999999999999,2,0
1117560,43,0.17500000000000002,0.07525013164823594,0,0.2857142857142857,0.07500000000000001,0.918851636217627,0.6666666666666667,0,0.0,0.1111111111111111,1,2,0.0,0.0,0.3333333333333333,0.1428571428571428,0,0
1206981,41,0.275,0.3086361242759347,0,0.14285714285714285,0.07500000000000001,0.5394900622364986,1.0,1,0.25,0.1111111111111111,1,2,0.3333333333333333,0.0,0.0,0.0714285714285714,0,0
1711876,41,0.5750000000000001,0.496998420221169,1,0.10714285714285714,0.55,0.9782774543264404,0.6666666666666667,1,0.5,0.7777777777777777,13,5,0.6666666666666667,0.3333333333333333,1.0,0.1428571428571428,2,0
1366196,30,0.225,0.4559241706161138,0,0.3214285714285714,0.17500000000000002,0.025898413973097778,0.6666666666666667,2,0.5,0.38888888888888884,0,2,0.0,0.0,0.6666666666666667,0.2142857142857143,0,0
1347924,26,0.15000000000000002,0.05997893628225382,1,0.6785714285714285,0.125,0.19253162015659506,0.6666666666666667,0,0.0,0.05555555555555555,1,4,1.0,0.0,0.6666666666666667,0.0,1,0
1140520,46,0.325,0.4169036334913112,0,0.7142857142857143,0.225,0.3512547681188516,0.6666666666666667,1,0.25,0.38888888888888884,3,7,1.0,0.3333333333333333,1.0,0.7857142857142857,1,0
1187455,40,0.30000000000000004,0.28983675618746707,0,0.0,0.125,0.2797028709094559,0.6666666666666667,1,0.25,0.16666666666666666,0,3,0.6666666666666667,0.3333333333333333,0.6666666666666667,0.4285714285714285,2,0
1645498,34,0.25,0.3048973143759873,0,0.25,0.25,0.8044167837783578,1.0,1,0.25,0.4444444444444444,4,8,0.3333333333333333,0.6666666666666666,0.6666666666666667,0.7142857142857143,1,0
1382530,58,0.925,0.804739336492891,0,0.03571428571428571,0.4,0.822445292110018,0.6666666666666667,3,0.75,0.5,14,14,0.3333333333333333,0.3333333333333333,0.3333333333333333,0.7857142857142857,2,0
1682292,35,0.15000000000000002,0.08931016324381255,0,0.7857142857142857,0.125,0.3052399116643244,0.0,1,0.0,0.2222222222222222,0,3,0.3333333333333333,0.3333333333333333,1.0,0.3571428571428571,1,0
1602874,47,0.7000000000000001,0.49099526066350707,1,0.10714285714285714,0.55,0.6897008632804658,0.3333333333333333,2,0.5,0.611111111111111,14,10,0.6666666666666667,0.3333333333333333,0.6666666666666667,0.0714285714285714,2,0
1154770,40,0.375,0.1810953133228015,0,0.39285714285714285,0.17500000000000002,0.34748042561734593,0.6666666666666667,1,0.25,0.2222222222222222,7,7,0.3333333333333333,0.3333333333333333,0.6666666666666667,0.0714285714285714,2,0
1051875,54,0.35000000000000003,0.3077935755660874,0,0.2142857142857143,0.17500000000000002,0.5461553904838385,0.6666666666666667,0,0.25,0.05555555555555555,1,7,1.0,0.3333333333333333,0.3333333333333333,0.2857142857142857,1,0
1834180,31,0.225,0.45434439178515007,0,0.2142857142857143,0.07500000000000001,0.24826340092350932,0.6666666666666667,1,0.5,0.1111111111111111,2,2,0.0,0.6666666666666666,0.6666666666666667,0.2142857142857143,1,0
1564192,28,0.07500000000000001,0.13596629805160612,0,0.0,0.07500000000000001,0.42662116040955633,0.6666666666666667,0,0.0,0.1111111111111111,1,2,0.6666666666666667,0.3333333333333333,0.6666666666666667,0.9999999999999999,1,0
1802154,38,0.5,0.23149025803054243,1,0.03571428571428571,0.1,0.08632804657699256,0.0,0,0.25,0.1111111111111111,0,3,0.3333333333333333,0.6666666666666666,0.3333333333333333,0.6428571428571427,1,0
1207662,26,0.125,0.19352290679304898,0,0.3214285714285714,0.125,0.2823127885966673,0.6666666666666667,1,0.25,0.16666666666666666,1,2,0.6666666666666667,0.0,0.6666666666666667,0.1428571428571428,0,0
1072716,58,0.5750000000000001,0.7781990521327015,1,0.5,0.05,0.7841798835575186,0.6666666666666667,3,0.75,0.1111111111111111,2,2,0.0,0.0,0.6666666666666667,0.2142857142857143,1,0
1086016,18,0.0,0.026592943654555022,0,0.4642857142857143,0.0,0.237863882754467,0.6666666666666667,0,0.0,0.0,0,0,0.3333333333333333,0.0,0.0,0.3571428571428571,0,1
1552861,31,0.05,0.10252764612954188,0,0.6071428571428571,0.025,0.779000200762899,1.0,0,0.0,0.0,0,0,1.0,0.0,0.6666666666666667,0.4285714285714285,1,0
1235468,29,0.1,0.069826224328594,1,0.42857142857142855,0.05,0.042682192330857266,0.3333333333333333,0,0.0,0.1111111111111111,2,0,0.0,1.0,0.6666666666666667,0.2857142857142857,2,1
1281331,45,0.25,0.21827277514481305,0,0.03571428571428571,0.2,0.7055209797229471,0.6666666666666667,1,0.25,0.38888888888888884,5,7,0.6666666666666667,0.6666666666666666,1.0,0.7857142857142857,1,0
1220488,36,0.375,0.3134807793575566,1,0.03571428571428571,0.025,0.7018269423810479,0.6666666666666667,0,0.25,0.0,0,0,1.0,0.3333333333333333,0.6666666666666667,0.7857142857142857,1,0
1113271,43,0.17500000000000002,0.2457082675092154,0,0.03571428571428571,0.17500000000000002,0.6886970487853844,0.6666666666666667,1,0.25,0.38888888888888884,7,7,0.0,0.3333333333333333,0.6666666666666667,0.6428571428571427,1,0
1152978,27,0.15000000000000002,0.07214323328067404,1,0.14285714285714285,0.125,0.7119855450712709,0.6666666666666667,1,0.0,0.2222222222222222,0,2,1.0,0.0,0.3333333333333333,0.2142857142857143,0,0
1871070,29,0.275,0.14760400210637178,0,0.6785714285714285,0.275,0.1971090142541658,0.6666666666666667,1,0.0,0.4444444444444444,3,10,1.0,0.0,1.0,0.1428571428571428,1,0
1687721,32,0.1,0.1916271721958926,0,0.3214285714285714,0.0,0.9628990162617949,0.6666666666666667,1,0.25,0.0,0,0,1.0,0.0,1.0,0.1428571428571428,0,0
1031664,42,0.25,0.10147446024223278,0,0.3214285714285714,0.15000000000000002,0.16330054205982733,0.6666666666666667,0,0.0,0.16666666666666666,3,3,0.6666666666666667,0.6666666666666666,0.3333333333333333,0.7857142857142857,1,0
1402268,47,0.17500000000000002,0.05771458662453923,0,0.2857142857142857,0.05,0.13318610720738808,0.6666666666666667,1,0.0,0.1111111111111111,2,0,0.3333333333333333,0.0,0.6666666666666667,0.0714285714285714,0,0
1601963,46,0.30000000000000004,0.3985781990521327,0,0.03571428571428571,0.225,0.7185304155792009,0.6666666666666667,2,0.5,0.4444444444444444,4,7,1.0,0.3333333333333333,0.3333333333333333,0.2142857142857143,2,0
1777794,28,0.07500000000000001,0.08936282253817801,0,0.0,0.07500000000000001,0.3372816703473198,0.6666666666666667,0,0.0,0.1111111111111111,2,2,0.6666666666666667,0.3333333333333333,0.6666666666666667,0.2857142857142857,2,0
1510809,29,0.275,0.2830437072143233,0,0.9999999999999999,0.17500000000000002,0.7648664926721542,0.0,1,0.25,0.0,1,6,1.0,0.6666666666666666,0.6666666666666667,0.4285714285714285,2,0
1676403,42,0.2,0.15581885202738285,0,0.25,0.0,0.46295924513149966,0.6666666666666667,1,0.0,0.0,0,0,1.0,0.0,0.6666666666666667,0.1428571428571428,0,0
1458226,32,0.17500000000000002,0.4685624012638231,1,0.03571428571428571,0.05,0.9673559526199559,0.3333333333333333,1,0.25,0.1111111111111111,2,2,0.6666666666666667,0.0,0.3333333333333333,0.0714285714285714,0,1
1442296,46,0.625,0.6432859399684044,0,0.07142857142857142,0.47500000000000003,0.22666131298935957,1.0,1,0.75,0.9444444444444444,2,8,0.0,0.3333333333333333,0.6666666666666667,0.0714285714285714,2,0
1469297,27,0.225,0.1332806740389679,0,0.7857142857142857,0.225,0.1977113029512146,0.3333333333333333,0,0.25,0.4444444444444444,5,8,0.3333333333333333,0.3333333333333333,0.6666666666666667,0.7142857142857143,1,0
1701157,29,0.025,0.09452343338599264,0,0.17857142857142855,0.025,0.5356354145753864,0.3333333333333333,0,0.0,0.0,0,0,1.0,0.0,0.6666666666666667,0.0,1,0
1141899,43,0.525,0.9680358083201684,0,0.17857142857142855,0.4,0.8209194940774944,0.3333333333333333,3,1.0,0.6666666666666666,6,14,0.0,0.0,0.6666666666666667,0.1428571428571428,1,0
1866815,48,0.7250000000000001,0.9824117956819379,0,0.3214285714285714,0.55,0.46131298935956633,0.3333333333333333,3,1.0,0.5555555555555556,12,9,1.0,0.0,0.6666666666666667,0.0714285714285714,1,0
1329673,29,0.025,0.07530279094260137,1,0.8214285714285714,0.025,0.5082915077293716,0.3333333333333333,0,0.0,0.0,1,0,1.0,0.0,0.3333333333333333,0.9285714285714285,0,1
1775838,46,0.35000000000000003,0.3320168509741969,0,0.3214285714285714,0.2,0.47849829351535833,0.6666666666666667,1,0.5,0.38888888888888884,0,7,0.6666666666666667,1.0,0.6666666666666667,0.7142857142857143,1,0
1575047,27,0.2,0.19826224328593997,0,0.5,0.17500000000000002,0.8733186107207388,0.3333333333333333,0,0.0,0.3333333333333333,7,3,1.0,0.3333333333333333,0.3333333333333333,0.5714285714285713,1,0
1049997,39,0.17500000000000002,0.15234333859926277,0,0.6428571428571428,0.05,0.12234491066050993,0.6666666666666667,0,0.25,0.1111111111111111,2,2,1.0,1.0,0.6666666666666667,0.2142857142857143,2,0
1766213,55,0.47500000000000003,0.08704581358609795,0,0.03571428571428571,0.125,0.2361373218229271,0.3333333333333333,0,0.0,0.1111111111111111,0,4,0.3333333333333333,0.3333333333333333,1.0,0.6428571428571427,1,0
1544113,28,0.025,0.09726171669299633,0,0.07142857142857142,0.025,0.06416382252559727,0.6666666666666667,0,0.0,0.0,0,0,0.3333333333333333,0.3333333333333333,0.6666666666666667,0.5714285714285713,1,0
1609966,30,0.025,0.0037914691943127937,0,0.2857142857142857,0.025,0.5591246737602891,0.6666666666666667,0,0.0,0.0,0,0,0.3333333333333333,0.0,0.3333333333333333,0.1428571428571428,0,1
1242148,22,0.025,0.0770405476566614,1,0.2142857142857143,0.025,0.9635816101184501,0.6666666666666667,0,0.0,0.0,0,0,1.0,0.0,0.6666666666666667,0.8571428571428571,0,1
1494882,36,0.25,0.24560294892048448,1,0.3214285714285714,0.25,0.15924513149969885,0.3333333333333333,1,0.25,0.5,1,7,0.3333333333333333,0.3333333333333333,0.6666666666666667,0.1428571428571428,1,0
1450163,31,0.25,0.16787783043707216,0,0.6785714285714285,0.25,0.6637221441477615,0.6666666666666667,1,0.25,0.4444444444444444,0,2,0.3333333333333333,0.3333333333333333,0.6666666666666667,0.0,2,0
1104040,34,0.225,0.45834649815692474,1,0.10714285714285714,0.125,0.8974101586026902,0.6666666666666667,1,0.5,0.16666666666666666,1,0,0.6666666666666667,1.0,0.6666666666666667,0.1428571428571428,1,0
1879233,29,0.275,0.05545023696682464,0,0.2142857142857143,0.07500000000000001,0.6942381047982333,0.6666666666666667,1,0.0,0.1111111111111111,1,2,1.0,0.0,0.6666666666666667,0.2142857142857143,0,0
1878518,37,0.4,0.17245918904686677,1,0.2142857142857143,0.125,0.4615137522585826,0.6666666666666667,0,0.25,0.16666666666666666,0,4,1.0,0.3333333333333333,0.6666666666666667,0.7857142857142857,1,0
1694441,35,0.1,0.19899947340705634,1,0.5357142857142857,0.07500000000000001,0.9353141939369604,0.3333333333333333,2,0.25,0.1111111111111111,0,2,1.0,0.0,0.6666666666666667,0.0,1,0
1608760,45,0.25,0.25787256450763557,0,0.8571428571428571,0.225,0.8750853242320819,0.3333333333333333,2,0.25,0.4444444444444444,3,8,0.3333333333333333,0.6666666666666666,0.3333333333333333,0.1428571428571428,1,0
1357691,36,0.25,0.15150078988941548,0,0.03571428571428571,0.25,0.08548484240112428,0.3333333333333333,0,0.25,0.05555555555555555,0,8,0.3333333333333333,0.0,0.3333333333333333,0.7142857142857143,0,0
1551391,40,0.55,0.8327540810953133,0,0.0,0.47500000000000003,0.6784581409355551,0.6666666666666667,3,0.75,0.38888888888888884,11,16,0.0,0.3333333333333333,0.6666666666666667,0.0,2,0
1419575,26,0.025,0.1013164823591364,1,0.0,0.025,0.5145151575988758,0.3333333333333333,0,0.0,0.0,1,0,0.3333333333333333,0.3333333333333333,0.3333333333333333,0.1428571428571428,1,0
1620257,48,0.6000000000000001,0.8512374934175883,0,0.75,0.55,0.013772334872515557,0.6666666666666667,3,0.75,0.9444444444444444,4,7,1.0,0.3333333333333333,0.6666666666666667,0.0,2,0
1662166,44,0.25,0.21190100052659297,0,0.0,0.05,0.2919092551696446,1.0,1,0.25,0.0,2,2,0.3333333333333333,0.3333333333333333,0.6666666666666667,0.2857142857142857,1,0
1738269,34,0.125,0.06835176408636123,1,0.5357142857142857,0.125,0.4965268018470187,0.0,0,0.0,0.1111111111111111,3,0,1.0,0.3333333333333333,0.6666666666666667,0.8571428571428571,1,1
1557030,56,0.125,0.08309636650868879,0,0.8214285714285714,0.1,0.32792611925316195,0.6666666666666667,1,0.0,0.1111111111111111,1,0,0.0,0.0,0.6666666666666667,0.3571428571428571,0,1
1153641,36,0.30000000000000004,0.23686150605581888,0,0.5714285714285714,0.1,0.5913671953423008,0.3333333333333333,1,0.25,0.1111111111111111,1,3,0.6666666666666667,0.6666666666666666,0.0,0.3571428571428571,1,0
1448030,41,0.35000000000000003,0.17819905213270143,0,0.25,0.125,0.9936558923910862,0.6666666666666667,1,0.25,0.2222222222222222,1,4,0.6666666666666667,0.3333333333333333,0.6666666666666667,0.7142857142857143,1,0
1804573,42,0.45,0.6497630331753554,0,0.17857142857142855,0.325,0.5118650873318611,0.6666666666666667,3,0.5,0.38888888888888884,5,7,0.6666666666666667,0.3333333333333333,1.0,0.1428571428571428,1,0
1058985,31,0.2,0.293522906793049,1,0.3214285714285714,0.125,0.7235896406344108,0.6666666666666667,1,0.25,0.1111111111111111,1,4,0.6666666666666667,0.3333333333333333,0.6666666666666667,0.0,2,0
1674974,34,0.225,0.3735650342285413,1,0.07142857142857142,0.1,0.5782373017466372,0.3333333333333333,1,0.25,0.1111111111111111,0,1,1.0,0.0,0.3333333333333333,0.0714285714285714,1,0
1408618,31,0.1,0.1563454449710374,0,0.10714285714285714,0.05,0.5596065047179282,1.0,1,0.0,0.1111111111111111,2,2,0.0,0.3333333333333333,0.3333333333333333,0.0714285714285714,2,0
1670932,26,0.2,0.08083201685097421,0,0.17857142857142855,0.17500000000000002,0.20108411965468778,1.0,1,0.0,0.38888888888888884,7,7,0.6666666666666667,0.3333333333333333,0.6666666666666667,0.4999999999999999,1,0
1808720,45,0.30000000000000004,0.23117430226434968,0,0.0,0.1,0.4985745834169846,0.6666666666666667,1,0.25,0.1111111111111111,0,3,0.3333333333333333,0.0,0.6666666666666667,0.0714285714285714,0,0
1228157,33,0.25,0.23580832016850975,0,0.3214285714285714,0.25,0.3339088536438466,0.6666666666666667,1,0.25,0.2222222222222222,0,9,0.3333333333333333,0.0,0.3333333333333333,0.2142857142857143,0,0
1355281,28,0.17500000000000002,0.3067403896787783,1,0.0,0.17500000000000002,0.6890584220036138,0.3333333333333333,1,0.25,0.38888888888888884,0,7,0.6666666666666667,0.3333333333333333,0.6666666666666667,0.0714285714285714,1,0
1745305,29,0.025,0.00431806213796735,0,0.8214285714285714,0.025,0.3432242521582012,1.0,0,0.0,0.0,0,0,0.6666666666666667,0.0,0.6666666666666667,0.4285714285714285,0,1
1048077,39,0.25,0.24892048446550816,0,0.7142857142857143,0.07500000000000001,0.07600883356755672,0.0,1,0.25,0.1111111111111111,1,2,0.0,0.3333333333333333,0.6666666666666667,0.5714285714285713,1,0
1616851,27,0.15000000000000002,0.06408636124275935,0,0.03571428571428571,0.125,0.15976711503714114,0.6666666666666667,0,0.0,0.16666666666666666,1,2,0.3333333333333333,0.3333333333333333,0.3333333333333333,0.0,1,0
1700476,34,0.4,0.24949973670352818,1,0.75,0.375,0.979803252358964,0.3333333333333333,0,0.25,0.5555555555555556,6,11,0.6666666666666667,0.0,0.6666666666666667,0.2857142857142857,1,0
1603368,28,0.15000000000000002,0.46577145866245395,1,0.42857142857142855,0.05,0.8535635414575387,0.6666666666666667,1,0.25,0.0,2,2,1.0,0.0,0.6666666666666667,0.0,0,1
1775902,47,0.4,0.23475513428120062,0,0.4642857142857143,0.2,0.001244729973900821,0.6666666666666667,0,0.25,0.38888888888888884,1,7,0.6666666666666667,0.3333333333333333,1.0,0.4999999999999999,1,0
1871585,56,0.15000000000000002,0.23017377567140604,0,0.35714285714285715,0.0,0.7321421401325036,0.3333333333333333,1,0.25,0.0,0,0,1.0,0.3333333333333333,0.6666666666666667,0.3571428571428571,1,0
1606461,39,0.25,0.2181147972617167,0,0.2857142857142857,0.25,0.4103995181690423,0.6666666666666667,2,0.25,0.0,7,9,0.0,0.3333333333333333,0.6666666666666667,0.9999999999999999,1,0
1236472,38,0.5,0.05918904686677199,1,0.25,0.5,0.643284481027906,0.3333333333333333,0,0.25,0.611111111111111,0,7,1.0,0.3333333333333333,0.6666666666666667,0.3571428571428571,2,0
1058946,58,0.7250000000000001,0.8881516587677726,1,0.7142857142857143,0.025,0.38815498895804057,0.6666666666666667,3,0.75,0.0,0,0,1.0,0.3333333333333333,0.3333333333333333,0.1428571428571428,1,0
1683886,32,0.2,0.07493417588204318,1,0.14285714285714285,0.1,0.5309777153182091,1.0,0,0.0,0.05555555555555555,0,3,0.0,0.0,0.6666666666666667,0.2142857142857143,0,1
1211751,38,0.25,0.19810426540284362,0,0.2857142857142857,0.125,0.4898213210198755,0.6666666666666667,0,0.0,0.1111111111111111,0,3,0.3333333333333333,0.6666666666666666,1.0,0.5714285714285713,2,0
1445440,49,0.7000000000000001,0.9558715113217483,0,0.03571428571428571,0.125,0.4675366392290705,0.6666666666666667,3,1.0,0.2222222222222222,4,3,0.3333333333333333,0.0,0.6666666666666667,0.2857142857142857,1,0
1654667,42,0.35000000000000003,0.21474460242232754,1,0.39285714285714285,0.0,0.0323629793214214,0.6666666666666667,1,0.25,0.0,0,0,0.3333333333333333,0.6666666666666666,0.6666666666666667,0.0714285714285714,2,0
1265759,27,0.025,0.09763033175355451,0,0.75,0.025,0.7011041959445894,0.3333333333333333,0,0.0,0.0,0,0,0.0,0.0,0.6666666666666667,0.0714285714285714,1,1
1842922,35,0.15000000000000002,0.23970510795155345,0,0.6071428571428571,0.125,0.557357960248946,0.6666666666666667,1,0.25,0.16666666666666666,0,4,0.3333333333333333,0.3333333333333333,0.0,0.3571428571428571,1,0
1884938,28,0.125,0.059768299104792,0,0.5357142857142857,0.125,0.001124272234491061,0.6666666666666667,0,0.0,0.16666666666666666,1,4,0.6666666666666667,0.0,0.3333333333333333,0.2142857142857143,0,0
1252735,31,0.1,0.10826750921537653,1,0.07142857142857142,0.1,0.07633005420598274,0.6666666666666667,0,0.0,0.1111111111111111,2,3,0.6666666666666667,0.3333333333333333,1.0,0.1428571428571428,2,0
1201616,36,0.125,0.09483938915218537,0,0.2857142857142857,0.125,0.2868500301144349,1.0,1,0.0,0.2222222222222222,0,2,0.0,0.0,0.6666666666666667,0.7857142857142857,1,0
1050457,34,0.35000000000000003,0.4675618746708794,0,0.0,0.35000000000000003,0.18775346316000804,0.6666666666666667,1,0.5,0.4444444444444444,2,1,0.0,0.0,0.3333333333333333,0.7142857142857143,0,0
1637651,34,0.225,0.4012111637704055,0,0.42857142857142855,0.2,0.8359767115037141,0.6666666666666667,1,0.5,0.38888888888888884,1,1,1.0,0.3333333333333333,0.3333333333333333,0.4999999999999999,2,0
1079566,26,0.2,0.09784096893101635,0,0.0,0.17500000000000002,0.7192130094358562,0.6666666666666667,1,0.0,0.38888888888888884,7,6,0.6666666666666667,0.0,0.3333333333333333,0.1428571428571428,0,0
1332348,29,0.15000000000000002,0.22980516061084785,0,0.0,0.125,0.1658703071672355,0.6666666666666667,1,0.25,0.16666666666666666,0,2,0.0,0.3333333333333333,0.3333333333333333,0.0714285714285714,1,0
1051695,32,0.225,0.2979462875197472,0,0.5,0.125,0.5801244729973901,0.6666666666666667,1,0.25,0.05555555555555555,1,2,0.6666666666666667,0.3333333333333333,0.6666666666666667,0.4999999999999999,2,0
1154444,31,0.25,0.2103212216956293,0,0.0,0.25,0.14764103593655892,0.0,0,0.25,0.4444444444444444,8,7,1.0,0.0,0.6666666666666667,0.7142857142857143,1,0
1650983,28,0.15000000000000002,0.07151132174828859,0,0.5714285714285714,0.1,0.6699457940172656,0.3333333333333333,1,0.0,0.05555555555555555,0,3,0.6666666666666667,0.3333333333333333,0.3333333333333333,0.0714285714285714,2,0
1130703,38,0.5,0.09736703528172724,0,0.0,0.025,0.37659104597470383,0.3333333333333333,0,0.0,0.0,0,0,0.0,0.0,0.3333333333333333,0.2142857142857143,0,0
1817679,35,0.25,0.22090573986308584,1,0.2142857142857143,0.25,0.46143344709897616,0.6666666666666667,1,0.25,0.4444444444444444,0,9,0.6666666666666667,0.0,0.6666666666666667,0.0,1,0
1092771,27,0.17500000000000002,0.16303317535545025,0,0.2857142857142857,0.17500000000000002,0.12065850230877334,0.6666666666666667,1,0.25,0.38888888888888884,0,7,1.0,0.0,0.6666666666666667,0.2142857142857143,0,0
1356134,32,0.2,0.4565560821484992,0,0.14285714285714285,0.025,0.32298735193736194,0.3333333333333333,2,0.25,0.0,0,0,1.0,0.0,0.6666666666666667,0.9285714285714285,0,0
1370524,31,0.25,0.242654028436019,1,0.8928571428571428,0.25,0.762136117245533,0.6666666666666667,1,0.25,0.38888888888888884,0,8,0.0,0.0,0.6666666666666667,0.0,1,1
1232169,53,0.375,0.4970510795155345,1,0.8214285714285714,0.05,0.15053202168239307,0.6666666666666667,1,0.5,0.1111111111111111,2,2,0.0,0.0,0.3333333333333333,0.1428571428571428,0,1
1392392,54,0.225,0.09942074776198001,0,0.2857142857142857,0.1,0.818309576390283,0.6666666666666667,0,0.25,0.16666666666666666,2,3,0.0,0.6666666666666666,0.3333333333333333,0.0,1,0
1309342,33,0.225,0.2611374407582938,0,0.2142857142857143,0.225,0.641838988154989,0.6666666666666667,1,0.25,0.38888888888888884,2,8,1.0,1.0,0.6666666666666667,0.6428571428571427,2,0
1531422,43,0.25,0.34233807266982624,0,0.35714285714285715,0.25,0.5934149769122666,0.6666666666666667,1,0.5,0.5,0,9,0.0,0.3333333333333333,0.6666666666666667,0.4285714285714285,1,0
1126582,38,0.17500000000000002,0.10437072143233281,1,0.0,0.15000000000000002,0.12567757478417987,0.6666666666666667,0,0.0,0.1111111111111111,1,2,1.0,0.3333333333333333,0.6666666666666667,0.0,1,0
1316742,55,0.875,0.9808846761453397,1,0.8928571428571428,0.25,0.9522987351937361,1.0,3,1.0,0.5,1,4,0.6666666666666667,0.3333333333333333,0.6666666666666667,0.4999999999999999,1,0
1789942,31,0.025,0.0063191153238546585,1,0.03571428571428571,0.025,0.6200361373218229,0.0,1,0.0,0.0,0,0,1.0,1.0,0.6666666666666667,0.0,2,0
1583381,39,0.525,0.6493944181147973,0,0.5,0.5,0.9236699457940173,0.6666666666666667,1,0.75,0.4444444444444444,11,10,0.3333333333333333,0.0,0.6666666666666667,0.0714285714285714,0,0
1275198,42,0.5,0.17498683517640864,0,0.7857142857142857,0.5,0.5106203573579603,0.3333333333333333,0,0.25,0.5,3,7,1.0,0.0,0.6666666666666667,0.0714285714285714,0,0
1378502,31,0.325,0.527751448130595,0,0.3214285714285714,0.275,0.9944990965669543,0.6666666666666667,3,0.5,0.38888888888888884,4,8,0.6666666666666667,0.3333333333333333,1.0,0.6428571428571427,1,0
1553116,54,0.225,0.18067403896787784,1,0.3214285714285714,0.125,0.9276852037743425,0.6666666666666667,2,0.25,0.1111111111111111,1,4,0.6666666666666667,0.0,0.6666666666666667,0.5714285714285713,0,0
1150538,24,0.1,0.18999473407056347,0,0.0,0.1,0.4828749247139129,0.3333333333333333,1,0.25,0.16666666666666666,1,2,0.3333333333333333,0.0,0.3333333333333333,0.0714285714285714,0,0
1553133,23,0.125,0.08625592417061612,0,0.39285714285714285,0.125,0.4648865689620558,0.6666666666666667,1,0.0,0.1111111111111111,1,4,1.0,0.0,1.0,0.1428571428571428,0,0
1113801,40,0.25,0.27983149025803056,0,0.35714285714285715,0.25,0.9939771130295122,0.6666666666666667,1,0.25,0.5,9,4,1.0,0.3333333333333333,1.0,0.0,1,0
1365691,40,0.375,0.24581358609794632,0,0.03571428571428571,0.275,0.0868901826942381,0.6666666666666667,1,0.25,0.4444444444444444,5,10,0.3333333333333333,0.3333333333333333,0.6666666666666667,0.2142857142857143,1,0
1825860,25,0.15000000000000002,0.06203264876250659,0,0.03571428571428571,0.05,0.7051194539249147,0.6666666666666667,0,0.0,0.0,1,2,0.6666666666666667,0.0,0.6666666666666667,0.2142857142857143,1,0
1820725,30,0.30000000000000004,0.14423380726698262,0,0.0,0.30000000000000004,0.07962256574984944,0.6666666666666667,1,0.0,0.4444444444444444,1,7,1.0,0.0,0.3333333333333333,0.1428571428571428,1,0
1515102,25,0.17500000000000002,0.15629278567667196,1,0.03571428571428571,0.05,0.20895402529612525,0.6666666666666667,1,0.0,0.1111111111111111,0,2,1.0,0.3333333333333333,0.3333333333333333,0.5714285714285713,2,0
1811717,47,0.625,0.40147446024223277,0,0.8571428571428571,0.42500000000000004,0.44127685203774347,0.6666666666666667,1,0.5,0.7777777777777777,12,11,0.0,0.0,0.6666666666666667,0.8571428571428571,0,0
1863212,33,0.025,0.05260663507109004,0,0.0,0.025,0.7365990764906645,0.3333333333333333,1,0.0,0.05555555555555555,0,0,0.3333333333333333,1.0,0.3333333333333333,0.0714285714285714,2,0
1677775,38,0.4,0.18067403896787784,0,0.0,0.375,0.22252559726962454,0.6666666666666667,1,0.25,0.7222222222222222,5,8,1.0,0.6666666666666666,0.6666666666666667,0.2857142857142857,1,0
1593793,31,0.07500000000000001,0.10837282780410742,0,0.03571428571428571,0.05,0.17261594057418186,0.6666666666666667,0,0.0,0.1111111111111111,1,2,0.0,0.3333333333333333,0.6666666666666667,0.5714285714285713,1,0
1373830,38,0.25,0.22706687730384414,0,0.17857142857142855,0.2,0.48945994780164626,0.3333333333333333,2,0.25,0.16666666666666666,7,7,0.0,0.3333333333333333,0.6666666666666667,0.0,1,0
1125914,42,0.225,0.2317535545023697,1,0.6071428571428571,0.1,0.3651877133105802,0.6666666666666667,0,0.25,0.16666666666666666,1,2,1.0,0.3333333333333333,0.3333333333333333,0.4285714285714285,2,0
1519296,41,0.30000000000000004,0.09336492890995263,0,0.0,0.125,0.775667536639229,0.6666666666666667,0,0.0,0.16666666666666666,1,0,1.0,0.3333333333333333,0.6666666666666667,0.7857142857142857,1,0
1491934,47,0.35000000000000003,0.5765139547130068,0,0.0,0.325,0.607789600481831,0.6666666666666667,3,0.5,0.4444444444444444,5,12,0.6666666666666667,0.6666666666666666,0.0,0.4999999999999999,1,0
1181842,35,0.125,0.08694049499736706,1,0.35714285714285715,0.05,0.7282874924713912,0.6666666666666667,1,0.0,0.1111111111111111,2,2,1.0,0.3333333333333333,0.6666666666666667,0.0,1,0
1221662,22,0.1,0.12459189046866773,0,0.0,0.07500000000000001,0.6235695643445092,0.6666666666666667,0,0.0,0.1111111111111111,1,2,1.0,0.0,1.0,0.0714285714285714,0,0
1725778,35,0.25,0.21532385466034756,0,0.2857142857142857,0.25,0.6666934350532021,0.6666666666666667,0,0.25,0.38888888888888884,0,8,0.3333333333333333,0.0,0.6666666666666667,0.5714285714285713,0,0
1301790,33,0.25,0.20373880989994733,1,0.5,0.225,0.7853443083718129,0.6666666666666667,1,0.25,0.38888888888888884,8,1,0.3333333333333333,0.3333333333333333,0.6666666666666667,0.1428571428571428,1,0
1399338,32,0.15000000000000002,0.09626119010005266,0,0.9999999999999999,0.15000000000000002,0.5551094157799639,0.3333333333333333,1,0.0,0.1111111111111111,4,1,0.6666666666666667,0.0,0.6666666666666667,0.1428571428571428,0,0
1789008,40,0.2,0.07356503422854135,0,0.0,0.025,0.07893997189319413,0.6666666666666667,1,0.0,0.0,0,0,0.0,0.6666666666666666,0.3333333333333333,0.5714285714285713,1,0
1190766,32,0.07500000000000001,0.06635071090047392,0,0.0,0.05,0.6396305962658101,0.3333333333333333,0,0.0,0.1111111111111111,2,2,0.3333333333333333,0.3333333333333333,0.6666666666666667,0.2142857142857143,1,0
1491312,39,0.45,0.1631911532385466,0,0.8214285714285714,0.17500000000000002,0.13033527404135714,0.6666666666666667,0,0.25,0.38888888888888884,1,7,0.0,0.0,0.6666666666666667,0.1428571428571428,0,0
1708743,38,0.5,0.6422854133754607,0,0.3214285714285714,0.45,0.05147560730776951,0.0,3,0.5,0.8888888888888888,1,11,0.3333333333333333,0.3333333333333333,0.6666666666666667,0.0714285714285714,1,0
1435710,32,0.35000000000000003,0.49568193786203263,0,0.0,0.35000000000000003,0.8808672957237502,0.6666666666666667,1,0.5,0.5555555555555556,5,7,0.6666666666666667,0.6666666666666666,0.6666666666666667,0.5714285714285713,1,0
1332625,37,0.4,0.6706161137440758,1,0.3214285714285714,0.4,0.5371210600281068,1.0,3,0.5,0.611111111111111,6,8,0.6666666666666667,0.3333333333333333,0.6666666666666667,0.9999999999999999,1,0
1818407,25,0.15000000000000002,0.20526592943654556,1,0.25,0.125,0.4653683999196948,0.6666666666666667,1,0.25,0.16666666666666666,0,4,0.0,0.3333333333333333,0.3333333333333333,0.7857142857142857,2,0
1251101,52,0.4,0.13022643496577146,0,0.9999999999999999,0.225,0.7104597470387473,0.6666666666666667,0,0.0,0.4444444444444444,0,0,0.0,0.6666666666666666,0.3333333333333333,0.2857142857142857,2,0
1433529,44,0.15000000000000002,0.07514481305950502,1,0.0,0.1,0.4548484240112427,0.6666666666666667,0,0.0,0.16666666666666666,1,2,0.3333333333333333,0.0,0.6666666666666667,0.0714285714285714,0,0
1859445,21,0.05,0.0721958925750395,1,0.14285714285714285,0.05,0.9389680786990563,0.6666666666666667,0,0.0,0.1111111111111111,1,2,0.6666666666666667,0.0,0.6666666666666667,0.0,0,1
1104512,39,0.525,0.9700895208004213,0,0.2857142857142857,0.15000000000000002,0.5303352740413572,0.6666666666666667,3,1.0,0.0,1,3,1.0,0.0,0.3333333333333333,0.1428571428571428,0,0
1782969,23,0.025,0.04112690889942074,0,0.2857142857142857,0.025,0.9982734390684601,0.6666666666666667,0,0.0,0.0,1,0,1.0,0.3333333333333333,0.3333333333333333,0.5714285714285713,1,1
1628827,36,0.25,0.34939441811479727,0,0.07142857142857142,0.225,0.42565749849427825,0.3333333333333333,1,0.5,0.38888888888888884,3,4,0.0,0.6666666666666666,0.6666666666666667,0.5714285714285713,1,0
1224144,36,0.45,0.21706161137440758,0,0.10714285714285714,0.1,0.2850030114434853,0.6666666666666667,2,0.25,0.1111111111111111,0,2,1.0,1.0,0.6666666666666667,0.1428571428571428,2,0
1284416,56,0.325,0.2789362822538178,0,0.0,0.325,0.9693635816101184,0.6666666666666667,1,0.25,0.6666666666666666,1,9,0.6666666666666667,0.3333333333333333,0.3333333333333333,0.7142857142857143,2,0
1191013,29,0.1,0.1989468141126909,1,0.0,0.05,0.9648664926721541,0.6666666666666667,0,0.0,0.1111111111111111,2,2,0.0,1.0,1.0,0.2142857142857143,1,1
1061493,42,0.6000000000000001,0.9410742496050553,0,0.03571428571428571,0.55,0.6110419594458943,0.6666666666666667,3,1.0,0.3333333333333333,4,14,0.0,0.0,0.3333333333333333,0.0,1,0
1197297,56,0.35000000000000003,0.07003686150605581,0,0.2142857142857143,0.25,0.06311985545071272,0.6666666666666667,1,0.0,0.5,9,8,1.0,0.3333333333333333,0.0,0.0,1,0
1065630,41,0.525,0.6614533965244865,0,0.9642857142857143,0.5,0.14238104798233286,0.3333333333333333,2,0.75,0.38888888888888884,0,10,0.0,0.3333333333333333,0.6666666666666667,0.8571428571428571,1,0
1173552,34,0.2,0.30031595576619274,0,0.9642857142857143,0.2,0.2764103593655892,0.3333333333333333,1,0.25,0.38888888888888884,1,7,1.0,0.6666666666666666,0.6666666666666667,0.7142857142857143,1,0
1277240,36,0.375,0.23154291732490787,0,0.5,0.375,0.3349528207187311,0.0,1,0.25,0.6666666666666666,11,11,1.0,0.3333333333333333,0.3333333333333333,0.9285714285714285,2,0
1520108,41,0.35000000000000003,0.41753554502369666,0,0.07142857142857142,0.125,0.4068660911463561,0.3333333333333333,1,0.25,0.2222222222222222,0,4,0.6666666666666667,0.3333333333333333,0.6666666666666667,0.0,2,0
1707431,32,0.1,0.07530279094260137,0,0.03571428571428571,0.1,0.3691628187111021,0.6666666666666667,0,0.0,0.1111111111111111,1,2,1.0,0.0,0.6666666666666667,0.2142857142857143,0,0
1246075,35,0.225,0.41221695629278565,1,0.8928571428571428,0.225,0.5841397309777153,0.6666666666666667,0,0.5,0.0,1,7,0.6666666666666667,0.0,0.6666666666666667,0.3571428571428571,0,0
1665956,38,0.25,0.2282253817798842,0,0.3214285714285714,0.25,0.15611323027504517,0.6666666666666667,1,0.25,0.38888888888888884,1,9,0.0,0.3333333333333333,0.6666666666666667,0.0,1,0
1468963,50,0.30000000000000004,0.30115850447604003,0,0.0,0.15000000000000002,0.4882955229873519,0.6666666666666667,1,0.25,0.16666666666666666,0,1,0.3333333333333333,0.6666666666666666,0.6666666666666667,0.0714285714285714,2,0
1457695,36,0.2,0.2971563981042654,0,0.35714285714285715,0.15000000000000002,0.49287291708492276,0.3333333333333333,1,0.25,0.16666666666666666,0,0,0.3333333333333333,0.3333333333333333,0.3333333333333333,0.1428571428571428,1,0
1043685,45,0.2,0.2022643496577146,0,0.6785714285714285,0.125,0.8528006424412768,0.6666666666666667,1,0.25,0.16666666666666666,0,1,1.0,0.0,0.6666666666666667,0.2857142857142857,0,0
1336668,40,0.2,0.09478672985781991,0,0.03571428571428571,0.05,0.02533627785585224,0.3333333333333333,0,0.0,0.1111111111111111,2,2,0.6666666666666667,0.0,0.6666666666666667,0.2142857142857143,0,0
1044917,35,0.25,0.24644549763033177,1,0.6071428571428571,0.25,0.903433045573178,0.6666666666666667,1,0.25,0.1111111111111111,0,2,0.6666666666666667,0.6666666666666666,1.0,0.2142857142857143,1,0
1758264,40,0.5,0.052238020010531856,0,0.03571428571428571,0.125,0.41979522184300344,0.6666666666666667,0,0.0,0.16666666666666666,0,2,0.6666666666666667,1.0,0.6666666666666667,0.2142857142857143,1,0
1175359,35,0.1,0.10363349131121644,0,0.0,0.1,0.2753663922907047,0.0,0,0.0,0.16666666666666666,1,1,0.6666666666666667,0.3333333333333333,0.6666666666666667,0.0714285714285714,1,0
1640979,29,0.25,0.1588204318062138,1,0.42857142857142855,0.1,0.8666934350532022,0.3333333333333333,1,0.25,0.16666666666666666,0,3,1.0,0.3333333333333333,0.6666666666666667,0.1428571428571428,1,0
1321040,29,0.125,0.1461822011585045,0,0.9642857142857143,0.125,0.2567757478417988,0.3333333333333333,0,0.0,0.2222222222222222,0,4,1.0,0.0,0.0,0.2142857142857143,0,0
1293237,50,0.5,0.5184307530279094,1,0.9642857142857143,0.07500000000000001,0.5818911865087332,0.3333333333333333,1,0.5,0.1111111111111111,2,0,1.0,0.3333333333333333,0.6666666666666667,0.1428571428571428,2,1
1715801,39,0.525,0.5804107424960505,0,0.8214285714285714,0.5,0.2703874723951014,0.3333333333333333,1,0.75,0.5,9,6,0.3333333333333333,0.3333333333333333,0.3333333333333333,0.0,1,0
1626443,31,0.25,0.4700895208004213,0,0.14285714285714285,0.225,0.06797831760690623,0.6666666666666667,2,0.25,0.2222222222222222,1,7,0.3333333333333333,0.0,0.6666666666666667,0.5714285714285713,0,0
1787925,26,0.125,0.10305423907319644,0,0.14285714285714285,0.1,0.7743023489259184,0.3333333333333333,0,0.0,0.1111111111111111,0,0,1.0,0.0,0.6666666666666667,0.4999999999999999,0,0
1444959,36,0.42500000000000004,0.0822538177988415,0,0.7857142857142857,0.125,0.40939570367396105,1.0,1,0.25,0.1111111111111111,0,3,0.6666666666666667,0.3333333333333333,0.6666666666666667,0.4285714285714285,1,0
1196529,39,0.225,0.4729857819905213,0,0.17857142857142855,0.17500000000000002,0.7774744027303754,0.3333333333333333,1,0.5,0.38888888888888884,1,7,1.0,0.3333333333333333,0.6666666666666667,0.2857142857142857,1,0
1417927,27,0.15000000000000002,0.2703001579778831,1,0.10714285714285714,0.15000000000000002,0.12366994579401727,1.0,2,0.25,0.1111111111111111,0,3,0.3333333333333333,0.3333333333333333,0.6666666666666667,0.6428571428571427,1,0
1322645,49,0.42500000000000004,0.23070036861506057,0,0.03571428571428571,0.225,0.44766111222646054,0.3333333333333333,1,0.25,0.3333333333333333,0,8,1.0,0.0,0.3333333333333333,0.2142857142857143,1,0
1879510,34,0.15000000000000002,0.17877830437072145,0,0.25,0.1,0.3266010841196547,1.0,1,0.25,0.16666666666666666,1,2,0.3333333333333333,0.0,1.0,0.0714285714285714,1,0
1345828,37,0.17500000000000002,0.2624539231174302,0,0.0,0.17500000000000002,0.023890784982935148,0.3333333333333333,2,0.25,0.2777777777777778,0,7,0.0,0.3333333333333333,1.0,0.4999999999999999,2,0
1837461,40,0.525,0.8968931016324382,0,0.03571428571428571,0.5,0.4387873920899418,0.6666666666666667,4,1.0,0.8333333333333333,1,12,0.6666666666666667,0.0,0.6666666666666667,0.2142857142857143,1,0
1720201,45,0.25,0.25071090047393363,0,0.03571428571428571,0.25,0.13226259787191327,0.3333333333333333,2,0.25,0.38888888888888884,3,9,1.0,0.6666666666666666,0.6666666666666667,0.5714285714285713,2,0
1566303,39,0.525,0.6178515007898894,0,0.0,0.525,0.19939771130295122,0.3333333333333333,2,0.75,0.3333333333333333,11,8,1.0,0.3333333333333333,0.6666666666666667,0.3571428571428571,1,0
1108233,56,0.325,0.2789362822538178,0,0.0,0.325,0.9693635816101184,0.6666666666666667,0,0.25,0.6666666666666666,1,9,0.6666666666666667,0.3333333333333333,0.3333333333333333,0.7142857142857143,2,0
1548714,49,0.7250000000000001,0.4979989468141127,0,0.2142857142857143,0.2,0.75703673961052,0.6666666666666667,0,0.5,0.38888888888888884,0,7,0.6666666666666667,0.6666666666666666,0.6666666666666667,0.2142857142857143,2,0
1823206,36,0.225,0.36856240126382306,0,0.14285714285714285,0.07500000000000001,0.8310780967677173,0.6666666666666667,0,0.5,0.1111111111111111,0,2,0.3333333333333333,0.6666666666666666,0.6666666666666667,0.0714285714285714,1,0
1464646,38,0.47500000000000003,0.19620853080568723,0,0.0,0.325,0.31210600281068057,0.6666666666666667,1,0.25,0.611111111111111,2,9,1.0,0.6666666666666666,1.0,0.2857142857142857,1,0
1118938,53,0.8500000000000001,0.48235913638757244,0,0.03571428571428571,0.8250000000000001,0.5028709094559326,0.3333333333333333,2,0.5,0.38888888888888884,1,9,0.6666666666666667,0.3333333333333333,0.6666666666666667,0.3571428571428571,1,0
1266767,36,0.30000000000000004,0.21432332806740392,0,0.25,0.17500000000000002,0.9579602489459947,0.6666666666666667,1,0.25,0.38888888888888884,0,7,0.0,0.6666666666666666,0.6666666666666667,0.1428571428571428,2,0
1432515,40,0.2,0.17035281727224857,0,0.03571428571428571,0.2,0.3146757679180887,1.0,0,0.25,0.38888888888888884,3,7,0.6666666666666667,0.3333333333333333,0.6666666666666667,0.9285714285714285,1,0
1440199,24,0.125,0.17735650342285414,0,0.5714285714285714,0.1,0.8842802650070267,0.3333333333333333,2,0.25,0.1111111111111111,3,2,1.0,0.6666666666666666,0.6666666666666667,0.2857142857142857,2,0
1449468,41,0.55,0.957345971563981,0,0.0,0.55,0.7013852640032122,0.3333333333333333,4,1.0,0.38888888888888884,2,10,1.0,0.3333333333333333,0.6666666666666667,0.0714285714285714,1,0
1308741,32,0.25,0.5344918378093734,0,0.07142857142857142,0.17500000000000002,0.6937964264203975,0.6666666666666667,2,0.5,0.38888888888888884,7,7,0.6666666666666667,0.0,0.6666666666666667,0.2857142857142857,0,0
1117655,54,0.9,0.8830963665086888,0,0.07142857142857142,0.25,0.8584621561935354,0.6666666666666667,2,0.75,0.5,0,9,1.0,0.0,0.6666666666666667,0.2142857142857143,1,0
1439166,40,0.375,0.24581358609794632,0,0.03571428571428571,0.275,0.0868901826942381,0.6666666666666667,1,0.25,0.4444444444444444,5,10,0.3333333333333333,0.3333333333333333,0.6666666666666667,0.2142857142857143,1,0
1141471,43,0.35000000000000003,0.8738283307003686,0,0.5,0.35000000000000003,0.057458341698454124,0.3333333333333333,2,0.75,0.5555555555555556,6,11,0.6666666666666667,0.3333333333333333,0.6666666666666667,0.9285714285714285,1,0
1731320,35,0.375,0.48788836229594523,0,0.03571428571428571,0.17500000000000002,0.7024292310780967,0.3333333333333333,2,0.5,0.38888888888888884,6,4,0.6666666666666667,0.3333333333333333,1.0,0.4999999999999999,2,0
1697463,58,0.6000000000000001,0.5025276461295418,1,0.14285714285714285,0.15000000000000002,0.28753262397109014,0.3333333333333333,0,0.5,0.0,0,4,0.6666666666666667,0.3333333333333333,0.6666666666666667,0.1428571428571428,2,0
1540491,32,0.225,0.16208530805687205,0,0.0,0.15000000000000002,0.9267215418590645,0.6666666666666667,1,0.25,0.2777777777777778,1,2,1.0,0.3333333333333333,0.3333333333333333,0.2142857142857143,1,0
1034607,27,0.225,0.3371774618220116,0,0.0,0.225,0.15719734992973297,0.6666666666666667,2,0.5,0.38888888888888884,0,7,0.6666666666666667,0.0,0.6666666666666667,0.0,1,0
1123123,29,0.15000000000000002,0.2956292785676672,1,0.2142857142857143,0.15000000000000002,0.08472194338486247,0.6666666666666667,0,0.25,0.0,1,0,0.6666666666666667,0.6666666666666666,0.6666666666666667,0.0,2,0
1380232,47,0.7250000000000001,0.7879410215903107,0,0.03571428571428571,0.07500000000000001,0.7625777956233688,1.0,4,0.75,0.1111111111111111,1,2,0.3333333333333333,1.0,0.6666666666666667,0.2142857142857143,2,0
1345928,44,0.65,0.9059505002632965,0,0.14285714285714285,0.55,0.2672957237502509,0.6666666666666667,4,1.0,0.5,3,10,0.3333333333333333,0.3333333333333333,0.6666666666666667,0.0,1,0
1165218,52,0.125,0.17109004739336495,0,0.6428571428571428,0.1,0.9835374422806665,0.6666666666666667,1,0.0,0.16666666666666666,1,2,1.0,0.3333333333333333,0.6666666666666667,0.4999999999999999,1,0
1194754,41,0.35000000000000003,0.41753554502369666,0,0.07142857142857142,0.125,0.4068660911463561,0.3333333333333333,1,0.25,0.2222222222222222,0,4,0.6666666666666667,0.3333333333333333,0.6666666666666667,0.0,2,0
1162618,34,0.25,0.08857293312269618,0,0.0,0.25,0.22348925918490262,0.6666666666666667,1,0.0,0.5,8,8,0.3333333333333333,0.3333333333333333,0.3333333333333333,0.0714285714285714,1,0
1661522,39,0.525,0.9577672459189047,1,0.0,0.525,0.24569363581610118,0.6666666666666667,4,1.0,0.4444444444444444,1,6,0.3333333333333333,0.3333333333333333,0.6666666666666667,0.2142857142857143,2,0
1469038,42,0.25,0.18035808320168512,0,0.9999999999999999,0.225,0.3899618550491869,0.6666666666666667,2,0.25,0.4444444444444444,7,8,0.3333333333333333,0.3333333333333333,0.3333333333333333,0.1428571428571428,1,0
1026975,50,0.8,0.9746182201158505,0,0.0,0.17500000000000002,0.8843204175868299,0.6666666666666667,4,1.0,0.0,0,6,1.0,0.3333333333333333,0.3333333333333333,0.0,2,0
1267061,46,0.17500000000000002,0.22374934175882047,0,0.2142857142857143,0.025,0.5601284882553704,0.6666666666666667,2,0.25,0.0,0,0,0.6666666666666667,0.0,1.0,0.2142857142857143,1,0
1184336,45,0.2,0.0866245392311743,0,0.3214285714285714,0.05,0.30359365589239107,0.6666666666666667,1,0.0,0.1111111111111111,0,2,0.0,0.6666666666666666,0.3333333333333333,0.7142857142857143,1,0
1852420,31,0.25,0.23522906793048973,0,0.14285714285714285,0.25,0.8229271230676571,0.6666666666666667,1,0.25,0.0,0,2,0.0,0.6666666666666666,0.6666666666666667,0.0,1,0
1622092,29,0.25,0.4724065297525013,0,0.7142857142857143,0.25,0.32527604898614737,1.0,2,0.5,0.5,8,8,0.3333333333333333,0.3333333333333333,0.6666666666666667,0.0,2,0
1870096,41,0.25,0.388783570300158,0,0.0,0.25,0.7015458743224252,1.0,1,0.5,0.38888888888888884,0,7,0.3333333333333333,0.3333333333333333,0.6666666666666667,0.3571428571428571,1,0
1288694,38,0.25,0.2282253817798842,0,0.3214285714285714,0.25,0.15611323027504517,0.6666666666666667,1,0.25,0.38888888888888884,1,9,0.0,0.3333333333333333,0.6666666666666667,0.0,1,0
1354174,53,0.775,0.7592417061611374,0,0.03571428571428571,0.625,0.8001204577394098,0.3333333333333333,4,0.75,0.4444444444444444,3,7,0.0,0.0,0.6666666666666667,0.3571428571428571,1,0
1121812,35,0.125,0.20847814639283838,0,0.35714285714285715,0.125,0.6587432242521581,0.6666666666666667,1,0.25,0.1111111111111111,0,2,1.0,0.3333333333333333,0.6666666666666667,0.0,2,0
1688790,49,0.75,0.6823064770932069,1,0.17857142857142855,0.375,0.383778357759486,0.3333333333333333,0,0.75,0.611111111111111,2,12,0.6666666666666667,0.3333333333333333,0.6666666666666667,0.5714285714285713,1,0
1847082,40,0.45,0.2899947340705634,1,0.25,0.025,0.1183296526801847,0.6666666666666667,2,0.25,0.0,0,0,0.3333333333333333,0.3333333333333333,0.6666666666666667,0.3571428571428571,1,0
1137940,46,0.625,0.6432859399684044,0,0.07142857142857142,0.47500000000000003,0.22666131298935957,1.0,1,0.75,0.9444444444444444,2,8,0.0,0.3333333333333333,0.6666666666666667,0.0714285714285714,2,0
1531743,58,0.8,0.9843075302790943,1,0.0,0.225,0.8175868299538245,0.6666666666666667,2,1.0,0.4444444444444444,1,5,1.0,0.3333333333333333,0.6666666666666667,0.7142857142857143,1,0
1156488,48,0.5750000000000001,0.74739336492891,0,0.10714285714285714,0.05,0.14085524994980927,0.3333333333333333,4,0.75,0.1111111111111111,2,2,0.6666666666666667,0.3333333333333333,0.6666666666666667,0.9999999999999999,1,0
1578755,29,0.07500000000000001,0.1448657187993681,0,0.0,0.07500000000000001,0.14069463963059625,0.6666666666666667,1,0.0,0.1111111111111111,1,2,0.0,1.0,0.6666666666666667,0.2857142857142857,2,0
1333885,31,0.25,0.2583464981569247,0,0.2142857142857143,0.17500000000000002,0.29849427825737807,0.6666666666666667,1,0.25,0.38888888888888884,1,7,1.0,0.3333333333333333,0.3333333333333333,0.7857142857142857,2,0
1258908,38,0.2,0.0954186413902054,0,0.07142857142857142,0.05,0.036257779562336875,0.6666666666666667,1,0.0,0.1111111111111111,2,2,0.6666666666666667,0.3333333333333333,0.6666666666666667,0.3571428571428571,1,0
1245218,29,0.15000000000000002,0.22980516061084785,0,0.0,0.125,0.1658703071672355,0.6666666666666667,0,0.25,0.16666666666666666,0,2,0.0,0.3333333333333333,0.3333333333333333,0.0714285714285714,1,0
1730370,36,0.2,0.19320695102685626,0,0.2142857142857143,0.15000000000000002,0.8511945392491468,0.6666666666666667,1,0.0,0.1111111111111111,0,1,0.3333333333333333,0.0,0.6666666666666667,0.4999999999999999,0,0
1577435,42,0.5750000000000001,0.8770932069510269,0,0.03571428571428571,0.55,0.4940774944790203,0.6666666666666667,4,0.75,0.3333333333333333,13,7,1.0,0.3333333333333333,0.6666666666666667,0.4285714285714285,1,0
1151756,25,0.1,0.20231700895208007,0,0.25,0.07500000000000001,0.54543264404738,1.0,1,0.25,0.1111111111111111,1,2,1.0,0.3333333333333333,0.6666666666666667,0.7857142857142857,1,0
1045493,48,0.625,0.9086887835703001,0,0.0,0.025,0.26657297731379237,0.3333333333333333,2,1.0,0.0,0,0,1.0,0.0,1.0,0.0714285714285714,0,0
1570909,38,0.25,0.22706687730384414,0,0.17857142857142855,0.2,0.48945994780164626,0.3333333333333333,2,0.25,0.16666666666666666,7,7,0.0,0.3333333333333333,0.6666666666666667,0.0,1,0
1509347,43,0.2,0.18499210110584519,1,0.25,0.125,0.005340293113832564,0.6666666666666667,0,0.25,0.1111111111111111,0,2,0.6666666666666667,0.0,0.6666666666666667,0.2142857142857143,2,0
1217582,53,0.525,0.872827804107425,1,0.07142857142857142,0.125,0.7597671150371411,0.6666666666666667,2,0.75,0.16666666666666666,1,3,0.6666666666666667,1.0,0.3333333333333333,0.3571428571428571,1,0
1110329,54,0.6000000000000001,0.9687730384412848,0,0.14285714285714285,0.1,0.2575787994378639,0.6666666666666667,2,1.0,0.1111111111111111,1,2,0.0,0.3333333333333333,0.3333333333333333,0.0,1,0
1044146,47,0.625,0.40147446024223277,0,0.8571428571428571,0.42500000000000004,0.44127685203774347,0.6666666666666667,0,0.5,0.7777777777777777,12,11,0.0,0.0,0.6666666666666667,0.8571428571428571,0,0
1865209,31,0.325,0.17361769352290682,0,0.2142857142857143,0.325,0.08279461955430636,0.6666666666666667,2,0.25,0.5555555555555556,3,12,0.3333333333333333,0.3333333333333333,0.0,0.0714285714285714,1,0
1548274,23,0.1,0.0997893628225382,0,0.8928571428571428,0.1,0.5620558120859265,0.6666666666666667,1,0.0,0.1111111111111111,0,2,0.6666666666666667,0.6666666666666666,0.3333333333333333,0.0714285714285714,2,0
1268816,40,0.375,0.28267509215376513,0,0.03571428571428571,0.30000000000000004,0.4735595261995583,1.0,0,0.25,0.611111111111111,11,8,0.3333333333333333,1.0,0.6666666666666667,0.6428571428571427,2,0
1084927,32,0.35000000000000003,0.49568193786203263,0,0.0,0.35000000000000003,0.8808672957237502,0.6666666666666667,1,0.5,0.5555555555555556,5,7,0.6666666666666667,0.6666666666666666,0.6666666666666667,0.5714285714285713,1,0
1496230,26,0.2,0.22575039494470775,0,0.0,0.2,0.7252358964063441,0.6666666666666667,1,0.25,0.38888888888888884,7,7,0.6666666666666667,0.3333333333333333,0.6666666666666667,0.4285714285714285,1,0
1872979,28,0.07500000000000001,0.08936282253817801,0,0.0,0.07500000000000001,0.3372816703473198,0.6666666666666667,0,0.0,0.1111111111111111,2,2,0.6666666666666667,0.3333333333333333,0.6666666666666667,0.2857142857142857,2,0
1123429,29,0.2,0.17130068457082676,0,0.6428571428571428,0.07500000000000001,0.8251756675366392,0.6666666666666667,2,0.25,0.1111111111111111,1,2,1.0,0.6666666666666666,1.0,0.0714285714285714,2,0
1563219,22,0.1,0.12459189046866773,0,0.0,0.07500000000000001,0.6235695643445092,0.6666666666666667,1,0.0,0.1111111111111111,1,2,1.0,0.0,1.0,0.0714285714285714,0,0
1252790,37,0.25,0.17251184834123223,0,0.42857142857142855,0.25,0.037622967275647456,0.6666666666666667,1,0.25,0.4444444444444444,3,7,0.0,0.0,0.6666666666666667,0.4285714285714285,1,0
1720230,43,0.55,0.7927856766719326,1,0.5357142857142857,0.42500000000000004,0.22686207588837584,0.6666666666666667,4,0.75,0.7222222222222222,1,9,1.0,0.3333333333333333,0.6666666666666667,0.7857142857142857,1,0
1028734,39,0.5,0.5228541337546077,0,0.03571428571428571,0.47500000000000003,0.17370006022886972,0.6666666666666667,0,0.5,0.3333333333333333,11,8,0.6666666666666667,0.0,0.6666666666666667,0.9999999999999999,0,0
1365509,33,0.25,0.2299631384939442,0,0.0,0.125,0.04412768520377433,1.0,1,0.25,0.16666666666666666,1,3,0.6666666666666667,0.6666666666666666,0.6666666666666667,0.5714285714285713,1,0
1825987,34,0.15000000000000002,0.17756714060031598,0,0.03571428571428571,0.15000000000000002,0.21826942381047984,0.3333333333333333,1,0.0,0.2777777777777778,1,3,0.6666666666666667,0.0,0.6666666666666667,0.0,0,0
1269351,39,0.2,0.14460242232754084,0,0.25,0.2,0.6335274041357157,0.6666666666666667,1,0.0,0.16666666666666666,0,7,0.6666666666666667,0.3333333333333333,0.6666666666666667,0.0,1,0
1495147,31,0.07500000000000001,0.10837282780410742,0,0.03571428571428571,0.05,0.17261594057418186,0.6666666666666667,0,0.0,0.1111111111111111,1,2,0.0,0.3333333333333333,0.6666666666666667,0.5714285714285713,1,0
1209865,48,0.35000000000000003,0.16018957345971566,0,0.03571428571428571,0.225,0.7052399116643244,0.6666666666666667,2,0.25,0.38888888888888884,6,7,0.3333333333333333,0.3333333333333333,0.6666666666666667,0.2142857142857143,1,0
1138945,53,0.8250000000000001,0.6985781990521327,0,0.7857142857142857,0.30000000000000004,0.7272435253965067,0.6666666666666667,2,0.75,0.5,3,8,1.0,0.0,0.6666666666666667,0.4999999999999999,0,0
1310619,28,0.125,0.1691416535018431,0,0.10714285714285714,0.125,0.2717928126882152,0.6666666666666667,2,0.25,0.2222222222222222,0,4,0.3333333333333333,0.0,1.0,0.2857142857142857,1,0
1225300,45,0.55,0.8311216429699843,0,0.03571428571428571,0.5,0.7375225858261393,0.3333333333333333,4,0.75,0.4444444444444444,11,8,0.0,0.3333333333333333,0.6666666666666667,0.8571428571428571,1,0
1885928,29,0.25,0.21311216429699845,1,0.25,0.25,0.6261794820317206,0.3333333333333333,2,0.25,0.38888888888888884,1,2,0.3333333333333333,0.3333333333333333,0.3333333333333333,0.2857142857142857,1,0
1213922,34,0.2,0.30031595576619274,0,0.9642857142857143,0.2,0.2764103593655892,0.3333333333333333,2,0.25,0.38888888888888884,1,7,1.0,0.6666666666666666,0.6666666666666667,0.7142857142857143,1,0
1211512,27,0.225,0.6213270142180095,1,0.14285714285714285,0.225,0.27094960851234695,0.3333333333333333,2,0.5,0.4444444444444444,0,8,0.6666666666666667,0.3333333333333333,0.6666666666666667,0.3571428571428571,2,0
1159699,30,0.2,0.11558715113217485,0,0.14285714285714285,0.07500000000000001,0.33410961654286286,0.6666666666666667,1,0.0,0.1111111111111111,2,2,1.0,0.3333333333333333,0.6666666666666667,0.2142857142857143,2,0
1677368,34,0.25,0.10110584518167456,0,0.6428571428571428,0.25,0.732543665930536,0.3333333333333333,1,0.0,0.5,8,7,0.3333333333333333,0.0,0.6666666666666667,0.0714285714285714,1,0
1030882,31,0.125,0.10015797788309638,0,0.8928571428571428,0.125,0.5250351335073279,0.6666666666666667,1,0.0,0.1111111111111111,4,3,0.0,0.3333333333333333,0.3333333333333333,0.4285714285714285,2,0
1597825,27,0.125,0.1755134281200632,0,0.25,0.1,0.8799036338084721,0.6666666666666667,2,0.25,0.1111111111111111,1,1,0.6666666666666667,0.3333333333333333,0.6666666666666667,0.5714285714285713,1,0
1822734,38,0.2,0.16793048973143762,0,0.5357142857142857,0.07500000000000001,0.5735796024894599,0.6666666666666667,2,0.25,0.1111111111111111,1,2,0.3333333333333333,0.0,1.0,0.0714285714285714,0,0
1237678,27,0.15000000000000002,0.19157451290152713,1,0.07142857142857142,0.15000000000000002,0.5853844609516161,1.0,2,0.25,0.2777777777777778,0,4,1.0,0.6666666666666666,0.6666666666666667,0.6428571428571427,2,0
1178700,55,0.775,0.8292259083728278,0,0.03571428571428571,0.225,0.6114836378237302,0.3333333333333333,4,0.75,0.38888888888888884,6,2,0.6666666666666667,0.0,1.0,0.2857142857142857,0,0
1854050,52,0.7000000000000001,0.3665086887835703,1,0.07142857142857142,0.125,0.7032724352539651,0.3333333333333333,2,0.5,0.2222222222222222,0,4,1.0,0.0,0.6666666666666667,0.2142857142857143,1,0
1833939,35,0.275,0.40005265929436545,0,0.5357142857142857,0.275,0.7669544268219233,0.3333333333333333,0,0.5,0.4444444444444444,3,3,1.0,0.0,0.0,0.5714285714285713,0,0
1822695,53,0.47500000000000003,0.07588204318062139,0,0.17857142857142855,0.05,0.3543465167637021,0.6666666666666667,1,0.25,0.1111111111111111,2,2,1.0,0.0,0.6666666666666667,0.4285714285714285,0,0
1252779,43,0.225,0.22369668246445498,0,0.3214285714285714,0.225,0.16595061232684197,0.3333333333333333,1,0.25,0.38888888888888884,0,0,0.6666666666666667,0.3333333333333333,1.0,0.0,2,0
1831971,27,0.125,0.1070036861506056,0,0.03571428571428571,0.1,0.5722545673559526,0.6666666666666667,0,0.0,0.16666666666666666,0,2,0.6666666666666667,0.3333333333333333,0.6666666666666667,0.0,2,0
1473219,38,0.225,0.0768299104791996,0,0.03571428571428571,0.15000000000000002,0.5568761292913069,0.3333333333333333,1,0.0,0.05555555555555555,0,5,0.6666666666666667,0.3333333333333333,0.3333333333333333,0.2142857142857143,1,0
1178469,36,0.42500000000000004,0.1911532385466035,0,0.2142857142857143,0.375,0.006705480827143145,1.0,2,0.25,0.38888888888888884,6,13,0.0,0.3333333333333333,0.3333333333333333,0.3571428571428571,1,0
1075883,46,0.375,0.42453923117430226,1,0.3214285714285714,0.07500000000000001,0.3802047781569966,0.3333333333333333,2,0.5,0.1111111111111111,1,2,0.6666666666666667,0.3333333333333333,0.6666666666666667,0.5714285714285713,1,0
1853111,51,0.5750000000000001,0.9756714060031596,0,0.17857142857142855,0.5,0.17538646858060628,0.6666666666666667,2,1.0,1.0,15,15,0.0,0.0,0.6666666666666667,0.1428571428571428,0,0
1455592,27,0.17500000000000002,0.16303317535545025,0,0.2857142857142857,0.17500000000000002,0.12065850230877334,0.6666666666666667,2,0.25,0.38888888888888884,0,7,1.0,0.0,0.6666666666666667,0.2142857142857143,0,0
1440762,30,0.25,0.19052132701421803,0,0.17857142857142855,0.225,0.864766111222646,0.3333333333333333,1,0.25,0.1111111111111111,6,7,0.0,0.3333333333333333,0.6666666666666667,0.0714285714285714,1,0
1581448,28,0.1,0.205318588730911,0,0.14285714285714285,0.1,0.8897008632804657,0.6666666666666667,2,0.25,0.1111111111111111,0,2,0.0,0.0,0.6666666666666667,0.2142857142857143,0,0
1085909,36,0.42500000000000004,0.0822538177988415,0,0.7857142857142857,0.125,0.40939570367396105,1.0,1,0.25,0.1111111111111111,0,3,0.6666666666666667,0.3333333333333333,0.6666666666666667,0.4285714285714285,1,0
1213892,31,0.225,0.3119010005265929,0,0.6785714285714285,0.225,0.8958843605701666,0.6666666666666667,2,0.25,0.4444444444444444,0,0,1.0,0.3333333333333333,0.3333333333333333,0.1428571428571428,1,0
1461811,37,0.225,0.2804107424960505,0,0.5357142857142857,0.025,0.901987552700261,0.3333333333333333,2,0.25,0.0,0,0,1.0,0.6666666666666666,0.6666666666666667,0.5714285714285713,2,0
1501908,35,0.25,0.3487625065824118,1,0.5357142857142857,0.2,0.4899016261794821,0.6666666666666667,0,0.5,0.38888888888888884,0,0,1.0,0.0,0.6666666666666667,0.0714285714285714,1,0
1065186,49,0.5750000000000001,0.9321748288572933,0,0.10714285714285714,0.025,0.40273037542662116,0.3333333333333333,4,1.0,0.0,0,0,0.0,0.3333333333333333,1.0,0.1428571428571428,1,0
1382014,49,0.25,0.11595576619273304,0,0.8571428571428571,0.225,0.8033728167034732,0.6666666666666667,1,0.0,0.3333333333333333,1,4,0.6666666666666667,0.3333333333333333,0.3333333333333333,0.2142857142857143,1,0
1850673,42,0.30000000000000004,0.14028436018957346,0,0.2857142857142857,0.30000000000000004,0.5767516562939169,0.6666666666666667,1,0.0,0.5,5,8,0.0,0.0,0.6666666666666667,0.1428571428571428,0,0
1239516,31,0.15000000000000002,0.3066877303844128,1,0.35714285714285715,0.15000000000000002,0.6020879341497691,0.6666666666666667,0,0.25,0.2777777777777778,0,1,0.6666666666666667,0.0,0.3333333333333333,0.0714285714285714,1,0
1290256,30,0.15000000000000002,0.09010005265929438,0,0.03571428571428571,0.125,0.3641035936558924,0.3333333333333333,1,0.0,0.16666666666666666,1,2,0.3333333333333333,0.0,0.6666666666666667,0.1428571428571428,0,0
1239491,35,0.375,0.19526066350710902,0,0.0,0.275,0.6651274844408753,0.6666666666666667,2,0.25,0.5,6,9,0.3333333333333333,0.0,0.6666666666666667,0.0,1,0
1822238,28,0.25,0.13959978936282255,0,0.3214285714285714,0.2,0.23348725155591246,0.6666666666666667,1,0.25,0.38888888888888884,1,7,0.6666666666666667,0.0,1.0,0.1428571428571428,0,0
1220579,39,0.15000000000000002,0.1524486571879937,0,0.7857142857142857,0.125,0.8054607508532423,0.6666666666666667,1,0.0,0.1111111111111111,0,3,0.6666666666666667,0.0,0.6666666666666667,0.1428571428571428,0,0
1143606,48,0.30000000000000004,0.3744602422327541,0,0.03571428571428571,0.05,0.6626380244930736,1.0,2,0.25,0.1111111111111111,2,2,0.3333333333333333,0.0,0.6666666666666667,0.0714285714285714,1,0
1200749,34,0.17500000000000002,0.12032648762506584,0,0.0,0.125,0.0648062638024493,0.3333333333333333,1,0.0,0.2222222222222222,0,2,1.0,0.3333333333333333,0.3333333333333333,0.4285714285714285,1,0
1633070,55,0.5750000000000001,0.9572406529752501,0,0.03571428571428571,0.47500000000000003,0.19666733587633003,0.0,4,1.0,0.5,9,11,1.0,0.3333333333333333,0.6666666666666667,0.2142857142857143,1,0
1066528,38,0.325,0.08335966298051606,0,0.03571428571428571,0.275,0.20216823930937564,0.6666666666666667,0,0.0,0.5555555555555556,3,8,0.0,1.0,0.6666666666666667,0.1428571428571428,2,0
1157111,37,0.2,0.29936808846761453,1,0.3214285714285714,0.025,0.8885364384661715,0.3333333333333333,1,0.25,0.0,0,0,1.0,1.0,0.6666666666666667,0.2142857142857143,2,0
1792052,29,0.15000000000000002,0.07008952080042127,0,0.5,0.15000000000000002,0.8262999397711303,0.6666666666666667,1,0.0,0.2777777777777778,1,5,0.6666666666666667,0.0,0.6666666666666667,0.5714285714285713,0,0
1676128,35,0.025,0.014323328067403891,0,0.07142857142857142,0.025,0.5944990965669544,0.3333333333333333,1,0.0,0.0,0,0,0.6666666666666667,0.6666666666666666,0.6666666666666667,0.4999999999999999,1,0
1148181,33,0.25,0.18588730911005794,0,0.8571428571428571,0.25,0.11286890182694237,0.6666666666666667,1,0.25,0.38888888888888884,0,1,0.3333333333333333,0.3333333333333333,0.3333333333333333,0.0714285714285714,1,0
1844032,36,0.42500000000000004,0.1839389152185361,0,0.03571428571428571,0.325,0.21461553904838385,0.6666666666666667,0,0.25,0.38888888888888884,6,7,0.6666666666666667,0.0,0.3333333333333333,0.2857142857142857,0,0
1146009,23,0.1,0.05602948920484465,0,0.3214285714285714,0.05,0.43091748644850436,1.0,1,0.0,0.1111111111111111,2,2,1.0,0.3333333333333333,0.6666666666666667,0.3571428571428571,1,0
1090887,32,0.2,0.10842548709847288,0,0.03571428571428571,0.17500000000000002,0.3922907046777755,0.6666666666666667,1,0.0,0.38888888888888884,3,6,1.0,0.0,0.3333333333333333,0.1428571428571428,0,0
1709085,36,0.375,0.3057398630858346,0,0.0,0.025,0.777072876932343,0.6666666666666667,1,0.25,0.0,0,0,0.3333333333333333,0.0,0.6666666666666667,0.1428571428571428,0,0
1767733,42,0.6000000000000001,0.47998946814112686,1,0.03571428571428571,0.5,0.6632001606103192,0.6666666666666667,0,0.5,0.4444444444444444,13,9,1.0,0.3333333333333333,0.0,0.2142857142857143,1,0
1790839,55,0.42500000000000004,0.2830963665086888,1,0.6071428571428571,0.2,0.43758281469584426,0.6666666666666667,0,0.25,0.38888888888888884,6,7,0.6666666666666667,0.6666666666666666,0.6666666666666667,0.2142857142857143,1,0
1629597,35,0.1,0.1314902580305424,1,0.17857142857142855,0.07500000000000001,0.15763902830756876,0.6666666666666667,1,0.0,0.1111111111111111,2,2,0.6666666666666667,0.0,0.6666666666666667,0.2142857142857143,1,0
1209768,40,0.25,0.27983149025803056,0,0.35714285714285715,0.25,0.9939771130295122,0.6666666666666667,1,0.25,0.5,9,4,1.0,0.3333333333333333,1.0,0.0,1,0
1037474,28,0.25,0.40616113744075827,0,0.8214285714285714,0.25,0.41200562136117247,0.3333333333333333,0,0.5,0.38888888888888884,1,9,0.3333333333333333,0.0,0.3333333333333333,0.0714285714285714,0,0
1110876,37,0.42500000000000004,0.4759873617693523,0,0.3214285714285714,0.025,0.822284681790805,0.6666666666666667,2,0.5,0.0,0,0,0.0,0.6666666666666666,0.6666666666666667,0.0,2,0
1302685,40,0.525,0.8124275934702475,1,0.17857142857142855,0.525,0.6138124874523188,0.6666666666666667,4,0.75,0.38888888888888884,7,7,0.6666666666666667,0.0,0.6666666666666667,0.7142857142857143,0,0
1638565,28,0.125,0.0897314375987362,0,0.7142857142857143,0.125,0.18381851033928928,0.6666666666666667,1,0.0,0.1111111111111111,0,2,0.6666666666666667,0.3333333333333333,0.0,0.0,1,0
1075989,28,0.25,0.2983149025803054,0,0.0,0.225,0.5741015860269022,0.0,1,0.25,0.4444444444444444,7,5,0.6666666666666667,1.0,0.6666666666666667,0.0,1,0
1440066,29,0.225,0.10347551342812009,0,0.2857142857142857,0.125,0.9362778558522385,0.6666666666666667,1,0.0,0.16666666666666666,1,2,1.0,0.3333333333333333,0.6666666666666667,0.4285714285714285,1,0
1432464,36,0.1,0.1410742496050553,0,0.6071428571428571,0.025,0.20188717125075287,1.0,1,0.0,0.0,0,0,0.6666666666666667,0.6666666666666666,0.6666666666666667,0.4999999999999999,1,0
1051013,35,0.42500000000000004,0.29684044233807266,0,0.17857142857142855,0.42500000000000004,0.6935956635213812,0.0,1,0.25,0.611111111111111,11,8,0.3333333333333333,0.0,0.6666666666666667,0.1428571428571428,0,0
1800484,42,0.2,0.05708267509215376,0,0.14285714285714285,0.05,0.2877333868701064,0.6666666666666667,1,0.0,0.1111111111111111,2,0,0.3333333333333333,0.3333333333333333,0.6666666666666667,0.4285714285714285,1,0
1553672,47,0.25,0.5708267509215377,1,0.9999999999999999,0.25,0.3282071873117848,0.6666666666666667,4,0.5,0.38888888888888884,9,9,0.0,0.3333333333333333,0.3333333333333333,0.0714285714285714,1,0
1619511,31,0.2,0.07093206951026856,1,0.35714285714285715,0.15000000000000002,0.5130295121461554,0.6666666666666667,1,0.0,0.2222222222222222,0,2,1.0,0.3333333333333333,0.6666666666666667,0.5714285714285713,1,0
1575266,46,0.25,0.1271195365982096,0,0.0,0.17500000000000002,0.837703272435254,0.6666666666666667,0,0.0,0.3333333333333333,5,7,1.0,0.0,1.0,0.0714285714285714,0,0
1087770,45,0.45,0.513533438651922,1,0.2857142857142857,0.125,0.6884159807267617,0.6666666666666667,1,0.5,0.2222222222222222,0,2,1.0,0.3333333333333333,0.6666666666666667,0.0714285714285714,2,0
1456073,38,0.42500000000000004,0.29826224328594,1,0.9999999999999999,0.025,0.3718128889781168,0.6666666666666667,0,0.25,0.0,0,0,0.3333333333333333,0.0,0.6666666666666667,0.5714285714285713,1,0
1637476,34,0.05,0.0912585571353344,0,0.2857142857142857,0.05,0.039269223047580806,0.6666666666666667,0,0.0,0.1111111111111111,2,2,0.0,0.0,0.6666666666666667,0.2857142857142857,1,0
1475807,46,0.6000000000000001,0.4973143759873617,0,0.0,0.6000000000000001,0.0017265609315398472,0.6666666666666667,1,0.5,0.7222222222222222,15,7,0.3333333333333333,1.0,0.6666666666666667,0.9999999999999999,2,0
1085062,35,0.2,0.25839915745129016,1,0.7857142857142857,0.025,0.5381650271029914,0.3333333333333333,2,0.25,0.0,0,1,0.3333333333333333,0.0,0.6666666666666667,0.1428571428571428,1,0
1640372,32,0.25,0.12764612954186416,0,0.3214285714285714,0.125,0.6129692832764505,0.6666666666666667,1,0.0,0.1111111111111111,1,3,0.0,0.3333333333333333,0.3333333333333333,0.1428571428571428,1,0
1309511,36,0.225,0.23975776724591893,1,0.17857142857142855,0.07500000000000001,0.7073679983938967,1.0,1,0.25,0.1111111111111111,0,2,0.0,0.3333333333333333,0.6666666666666667,0.1428571428571428,1,0
1220459,49,0.55,0.9297525013164823,1,0.3214285714285714,0.07500000000000001,0.9435856253764304,0.6666666666666667,2,1.0,0.1111111111111111,1,2,0.6666666666666667,0.0,0.6666666666666667,0.0,0,0
1048015,36,0.375,0.052869931542917324,0,0.2142857142857143,0.1,0.3555912467376029,0.6666666666666667,1,0.0,0.16666666666666666,1,3,0.0,0.0,0.6666666666666667,0.0,0,0
1659102,43,0.45,0.19641916798314904,0,0.9642857142857143,0.07500000000000001,0.56197550692632,1.0,1,0.0,0.1111111111111111,1,2,0.3333333333333333,0.0,0.6666666666666667,0.0714285714285714,0,0
1857447,27,0.07500000000000001,0.19020537124802528,0,0.25,0.07500000000000001,0.15157598875727765,0.0,1,0.0,0.1111111111111111,1,2,0.0,1.0,0.6666666666666667,0.5714285714285713,1,0
1586182,52,0.4,0.13022643496577146,0,0.9999999999999999,0.225,0.7104597470387473,0.6666666666666667,0,0.0,0.4444444444444444,0,0,0.0,0.6666666666666666,0.3333333333333333,0.2857142857142857,2,0
1585668,58,0.775,0.47388098999473405,1,0.2142857142857143,0.25,0.3986749648664927,0.3333333333333333,2,0.5,0.5,5,9,0.6666666666666667,0.0,0.3333333333333333,0.2142857142857143,1,0
1522053,53,0.875,0.5226434965771458,1,0.2142857142857143,0.125,0.7476811885163621,0.3333333333333333,1,0.5,0.1111111111111111,0,4,0.0,0.3333333333333333,0.6666666666666667,0.4999999999999999,1,0
1685220,36,0.4,0.2698788836229594,1,0.42857142857142855,0.05,0.2635615338285485,0.3333333333333333,1,0.25,0.1111111111111111,2,2,0.3333333333333333,1.0,0.6666666666666667,0.1428571428571428,2,0
1249536,25,0.125,0.17098472880463403,0,0.10714285714285714,0.125,0.6448504316402329,0.3333333333333333,1,0.25,0.1111111111111111,0,3,0.6666666666666667,0.0,1.0,0.0714285714285714,1,0
1104176,29,0.15000000000000002,0.06276987888362295,0,0.7857142857142857,0.07500000000000001,0.6454125677574785,0.6666666666666667,1,0.0,0.1111111111111111,1,2,1.0,0.0,0.6666666666666667,0.3571428571428571,0,0
1602545,27,0.025,0.07014218009478673,0,0.03571428571428571,0.025,0.7075286087131099,0.6666666666666667,1,0.0,0.0,0,0,1.0,0.3333333333333333,0.6666666666666667,0.1428571428571428,2,0
1433107,28,0.025,0.029173249078462353,0,0.0,0.025,0.41903232282674163,0.3333333333333333,1,0.0,0.0,0,0,0.0,0.3333333333333333,0.0,0.2142857142857143,2,0
1232119,27,0.15000000000000002,0.05344918378093733,0,0.2857142857142857,0.05,0.15563139931740613,0.6666666666666667,1,0.0,0.1111111111111111,2,2,1.0,0.3333333333333333,0.0,0.4999999999999999,2,0
1876599,29,0.17500000000000002,0.3822538177988415,1,0.3214285714285714,0.17500000000000002,0.39237100983738205,0.3333333333333333,1,0.25,0.38888888888888884,1,7,1.0,0.6666666666666666,0.6666666666666667,0.2142857142857143,2,0
1389456,24,0.07500000000000001,0.05982095839915746,0,0.3214285714285714,0.05,0.00012045773940976001,0.6666666666666667,0,0.0,0.1111111111111111,2,1,0.0,0.3333333333333333,0.6666666666666667,0.2142857142857143,1,0
1197555,38,0.47500000000000003,0.1741969457609268,1,0.07142857142857142,0.07500000000000001,0.008351736599076495,0.6666666666666667,1,0.25,0.1111111111111111,2,2,1.0,0.0,0.6666666666666667,0.6428571428571427,0,0
1285943,50,0.5,0.11648235913638758,1,0.9642857142857143,0.5,0.048303553503312585,1.0,1,0.0,0.4444444444444444,3,8,1.0,1.0,0.6666666666666667,0.0,1,0
1108108,29,0.275,0.14760400210637178,0,0.6785714285714285,0.275,0.1971090142541658,0.6666666666666667,1,0.0,0.4444444444444444,3,10,1.0,0.0,1.0,0.1428571428571428,1,0
1215433,25,0.17500000000000002,0.05724065297525013,0,0.42857142857142855,0.17500000000000002,0.9749849427825737,0.6666666666666667,0,0.0,0.2222222222222222,0,6,0.3333333333333333,0.0,0.6666666666666667,0.0,1,0
1565509,32,0.25,0.1588204318062138,0,0.9999999999999999,0.2,0.3630194740012046,0.6666666666666667,1,0.0,0.38888888888888884,7,7,1.0,0.0,0.6666666666666667,0.0714285714285714,0,0
1845170,24,0.07500000000000001,0.07324907846234863,0,0.8214285714285714,0.05,0.1379642642039751,0.6666666666666667,0,0.0,0.1111111111111111,2,1,1.0,0.6666666666666666,0.6666666666666667,0.1428571428571428,1,0
1188199,33,0.15000000000000002,0.2272248551869405,0,0.5357142857142857,0.07500000000000001,0.9802449307367999,0.6666666666666667,1,0.25,0.1111111111111111,0,2,0.0,0.0,0.6666666666666667,0.2857142857142857,0,0
1548215,37,0.2,0.1345444971037388,1,0.7142857142857143,0.2,0.838506324031319,1.0,1,0.0,0.38888888888888884,1,7,0.3333333333333333,0.3333333333333333,0.3333333333333333,0.0714285714285714,1,0
1698428,27,0.225,0.30552922590837284,0,0.2142857142857143,0.17500000000000002,0.8554105601284883,0.3333333333333333,0,0.25,0.3333333333333333,0,7,1.0,0.0,0.0,0.5714285714285713,0,0
1389834,44,0.275,0.19794628751974727,0,0.0,0.025,0.28861674362577794,0.6666666666666667,1,0.25,0.0,0,0,0.0,0.3333333333333333,0.3333333333333333,0.0714285714285714,1,0
1533883,38,0.5,0.23149025803054243,1,0.03571428571428571,0.1,0.08632804657699256,0.0,0,0.25,0.1111111111111111,0,3,0.3333333333333333,0.6666666666666666,0.3333333333333333,0.6428571428571427,1,0
1746047,36,0.05,0.12527646129541864,1,0.2857142857142857,0.025,0.7903232282674162,0.3333333333333333,1,0.0,0.0,0,0,1.0,0.3333333333333333,0.3333333333333333,0.4285714285714285,1,0
1431094,26,0.2,0.09826224328593997,1,0.10714285714285714,0.2,0.3163621762698253,0.6666666666666667,1,0.0,0.2777777777777778,2,2,0.6666666666666667,0.0,0.3333333333333333,0.6428571428571427,0,0
1173245,31,0.05,0.09373354397051081,0,0.14285714285714285,0.05,0.07287693234290302,0.6666666666666667,0,0.0,0.1111111111111111,2,2,1.0,0.3333333333333333,0.3333333333333333,0.0,2,0
1309082,29,0.025,0.09452343338599264,0,0.17857142857142855,0.025,0.5356354145753864,0.3333333333333333,0,0.0,0.0,0,0,1.0,0.0,0.6666666666666667,0.0,1,0
1545418,35,0.15000000000000002,0.16961558715113217,0,0.75,0.125,0.6878538446095162,0.0,1,0.0,0.2222222222222222,4,3,1.0,0.0,0.6666666666666667,0.2857142857142857,0,0
1655170,47,0.7000000000000001,0.6719852553975777,1,0.07142857142857142,0.55,0.3264806263802449,0.6666666666666667,1,0.75,0.1111111111111111,11,13,1.0,0.6666666666666666,0.3333333333333333,0.0714285714285714,2,0
1293281,20,0.05,0.054502369668246446,0,0.03571428571428571,0.05,0.8013651877133106,0.3333333333333333,0,0.0,0.1111111111111111,0,2,0.6666666666666667,0.0,0.3333333333333333,0.1428571428571428,0,0
1031059,42,0.25,0.29152185360716165,1,0.5714285714285714,0.07500000000000001,0.8400722746436459,1.0,1,0.25,0.1111111111111111,0,2,1.0,0.0,0.6666666666666667,0.1428571428571428,0,0
1505419,50,0.5,0.5184307530279094,1,0.9642857142857143,0.07500000000000001,0.5818911865087332,0.3333333333333333,1,0.5,0.1111111111111111,2,0,1.0,0.3333333333333333,0.6666666666666667,0.1428571428571428,2,0
1222421,32,0.25,0.4529225908372828,0,0.6428571428571428,0.1,0.0701064043364786,0.0,1,0.5,0.16666666666666666,0,2,1.0,0.3333333333333333,0.0,0.1428571428571428,1,0
1620322,26,0.025,0.07203791469194315,0,0.7142857142857143,0.025,0.6937964264203975,0.6666666666666667,1,0.0,0.05555555555555555,0,0,0.0,0.3333333333333333,0.3333333333333333,0.6428571428571427,2,0
1474227,25,0.15000000000000002,0.17856766719325962,0,0.2857142857142857,0.07500000000000001,0.5255169644649669,0.3333333333333333,0,0.0,0.1111111111111111,2,2,0.0,0.0,0.6666666666666667,0.0714285714285714,1,0
1101293,44,0.225,0.14212743549236442,0,0.8214285714285714,0.125,0.00040152579803252875,0.0,1,0.0,0.1111111111111111,1,4,0.0,0.0,0.6666666666666667,0.2142857142857143,0,0
1327800,34,0.2,0.08267509215376515,1,0.4642857142857143,0.2,0.03284481027906043,0.6666666666666667,0,0.0,0.1111111111111111,0,6,0.6666666666666667,0.6666666666666666,0.6666666666666667,0.4999999999999999,2,0
1162185,28,0.07500000000000001,0.08920484465508163,1,0.17857142857142855,0.07500000000000001,0.8028106805862276,0.3333333333333333,1,0.0,0.05555555555555555,0,2,0.6666666666666667,0.3333333333333333,0.6666666666666667,0.2142857142857143,2,1
1168729,19,0.025,0.004897314375987359,0,0.03571428571428571,0.025,0.2869704878538446,0.3333333333333333,1,0.0,0.0,1,0,0.3333333333333333,0.0,0.3333333333333333,0.7857142857142857,0,1
1544044,31,0.25,0.242654028436019,1,0.8928571428571428,0.25,0.762136117245533,0.6666666666666667,1,0.25,0.38888888888888884,0,8,0.0,0.0,0.6666666666666667,0.0,1,1
1114030,37,0.25,0.34928909952606635,1,0.6428571428571428,0.25,0.1092150170648464,0.6666666666666667,1,0.5,0.0,0,9,0.0,0.0,0.6666666666666667,0.1428571428571428,0,1
1751929,22,0.025,0.09710373880989995,1,0.07142857142857142,0.0,0.08548484240112428,0.3333333333333333,1,0.0,0.0,0,0,0.6666666666666667,0.3333333333333333,0.6666666666666667,0.0,1,1
1267282,31,0.025,0.013270142180094792,0,0.25,0.025,0.8097972294719936,0.3333333333333333,1,0.0,0.0,0,0,0.0,0.0,1.0,0.0714285714285714,0,1
1855095,27,0.15000000000000002,0.07214323328067404,1,0.14285714285714285,0.125,0.7119855450712709,0.6666666666666667,1,0.0,0.2222222222222222,0,2,1.0,0.0,0.3333333333333333,0.2142857142857143,0,1
1837772,26,0.125,0.16577145866245394,1,0.7857142857142857,0.05,0.7766311985545071,0.3333333333333333,1,0.25,0.1111111111111111,0,0,0.6666666666666667,0.3333333333333333,0.3333333333333333,0.5714285714285713,1,1
1704323,29,0.125,0.09431279620853081,1,0.0,0.07500000000000001,0.8603894800240915,0.3333333333333333,0,0.0,0.1111111111111111,0,2,0.3333333333333333,1.0,0.6666666666666667,0.5714285714285713,2,1
1622091,26,0.17500000000000002,0.2085308056872038,0,0.9999999999999999,0.05,0.7917687211403333,0.0,1,0.25,0.1111111111111111,2,2,0.3333333333333333,0.0,0.6666666666666667,0.4999999999999999,0,1
1734708,31,0.07500000000000001,0.06808846761453397,1,0.0,0.07500000000000001,0.24994980927524593,0.6666666666666667,0,0.0,0.1111111111111111,2,2,1.0,0.0,1.0,0.0,0,1
1747750,29,0.15000000000000002,0.061032122169562934,1,0.5,0.125,0.9973499297329854,0.0,1,0.0,0.2222222222222222,1,3,0.3333333333333333,0.3333333333333333,0.3333333333333333,0.4999999999999999,1,1
1341748,26,0.2,0.09120589784096894,1,0.5714285714285714,0.17500000000000002,0.8317205380445694,0.6666666666666667,0,0.0,0.38888888888888884,1,0,0.3333333333333333,0.3333333333333333,0.3333333333333333,0.0,2,1
1415325,23,0.025,0.03117430226434966,1,0.17857142857142855,0.0,0.05424613531419392,1.0,1,0.0,0.0,0,0,0.6666666666666667,0.6666666666666666,0.6666666666666667,0.7142857142857143,1,1
1663404,34,0.4,0.18904686677198526,1,0.8214285714285714,0.375,0.22971290905440675,0.3333333333333333,1,0.25,0.5,10,10,0.0,0.0,1.0,0.8571428571428571,0,1
1549806,21,0.05,0.0850974196945761,0,0.3214285714285714,0.05,0.9321019875527002,0.3333333333333333,1,0.0,0.1111111111111111,2,2,0.0,0.0,0.0,0.6428571428571427,0,1
1874133,31,0.025,0.0063191153238546585,1,0.03571428571428571,0.025,0.6200361373218229,0.0,1,0.0,0.0,0,0,1.0,1.0,0.6666666666666667,0.0,2,1
1175959,28,0.025,0.07367035281727224,1,0.8214285714285714,0.025,0.20999799237100983,0.6666666666666667,1,0.0,0.05555555555555555,0,0,0.6666666666666667,1.0,0.6666666666666667,0.4285714285714285,1,1
1655666,20,0.025,0.10094786729857821,1,0.17857142857142855,0.025,0.710258984139731,0.3333333333333333,1,0.0,0.0,1,0,1.0,0.0,0.6666666666666667,0.4999999999999999,0,1
1602218,33,0.125,0.06866771985255399,1,0.8571428571428571,0.05,0.03609716924312387,0.3333333333333333,1,0.0,0.1111111111111111,2,2,0.0,0.0,0.6666666666666667,0.6428571428571427,0,1
1336016,28,0.25,0.06355976829910479,1,0.0,0.17500000000000002,0.0713912868901827,0.0,1,0.0,0.38888888888888884,3,7,0.0,0.0,0.6666666666666667,0.1428571428571428,0,1
1117656,26,0.025,0.07008952080042127,1,0.8214285714285714,0.025,0.8479823328648866,0.0,1,0.0,0.0,0,0,0.6666666666666667,0.0,0.0,0.4999999999999999,0,1
1152327,46,0.375,0.42453923117430226,1,0.3214285714285714,0.07500000000000001,0.3802047781569966,0.3333333333333333,1,0.5,0.1111111111111111,1,2,0.6666666666666667,0.3333333333333333,0.6666666666666667,0.5714285714285713,1,0
1812428,20,0.025,0.09620853080568723,0,0.0,0.025,0.3879943786388276,0.3333333333333333,0,0.0,0.0,0,0,1.0,0.0,1.0,0.1428571428571428,0,0
1812429,39,0.525,0.6178515007898894,0,0.0,0.525,0.19939771130295122,0.3333333333333333,2,0.75,0.3333333333333333,11,8,1.0,0.3333333333333333,0.6666666666666667,0.3571428571428571,1,0
1152329,27,0.225,0.2891521853607162,0,0.03571428571428571,0.2,0.9999196948403936,1.0,1,0.25,0.38888888888888884,0,7,0.0,0.0,0.3333333333333333,0.2142857142857143,0,0
